limit_profile,index,target_wavelength_nm,measured_wavelength_nm,wavelength_error_pm,target_power_mw,measured_power_mw,power_error_percent,smsr_db,peak_count,single_mode_pass,gain_ma,soa_ma,phase_ma,wavelength_a_ma,wavelength_b_ma,gain_code,soa_code,phase_code,wavelength_a_code,wavelength_b_code,pdt_reference_code,pdr_reference_code,power_feedback_channel,power_feedback_reference_code,power_feedback_rail_margin_code,power_feedback_hardware_eligible,guard_stage_count,guard_hold_ms_per_stage
fullband_2001_145mA_v1,0,1525.000000,1524.99891000,-1.090000,2.056000,2.038140369,-0.868659,33.099091,159,1,144.998932,122.250366,3.558960,0.050049,7.550049,63351,53412,11662,41,6185,,,,0,0,0,0,0
fullband_2001_145mA_v1,1,1525.020000,1525.01875000,-1.250000,2.056000,2.059670136,0.178509,34.346610,130,1,144.998932,121.131134,3.258057,0.034180,7.482910,63351,52923,10676,28,6130,,,,0,0,0,0,0
fullband_2001_145mA_v1,2,1525.040000,1525.03804000,-1.960000,2.056000,2.060373650,0.212726,24.524225,138,1,144.998932,124.861908,2.902222,0.000000,7.592773,63351,54553,9510,0,6220,,,,0,0,0,0,0
fullband_2001_145mA_v1,3,1525.060000,1525.05961000,-0.390000,2.056000,2.060844564,0.235631,34.093284,168,1,144.998932,128.160095,2.595215,0.000000,7.448730,63351,55994,8504,0,6102,,,,0,0,0,0,0
fullband_2001_145mA_v1,4,1525.080000,1525.07876000,-1.240000,2.056000,2.058757603,0.134125,30.050559,163,1,144.998932,131.705475,2.311401,0.000000,7.166748,63351,57543,7574,0,5871,,,,0,0,0,0,0
fullband_2001_145mA_v1,5,1525.100000,1525.09936000,-0.640000,2.056000,2.060390216,0.213532,31.063855,141,1,144.998932,134.456635,2.000122,19.415283,7.373047,63351,58745,6554,15905,6040,,,,0,0,0,0,0
fullband_2001_145mA_v1,6,1525.120000,1525.11933000,-0.670000,2.056000,2.052472831,-0.171555,33.699667,147,1,144.998932,137.107086,6.000061,19.454346,7.344971,63351,59903,19661,15937,6017,,,,0,0,0,0,0
fullband_2001_145mA_v1,7,1525.140000,1525.13815000,-1.850000,2.056000,2.057108904,0.053935,32.764506,148,1,144.998932,139.805603,6.000061,19.384766,7.087402,63351,61082,19661,15880,5806,,,,0,0,0,0,0
fullband_2001_145mA_v1,8,1525.160000,1525.15972000,-0.280000,2.056000,2.055744576,-0.012423,26.673325,152,1,144.998932,137.216949,6.000061,19.068604,6.872559,63351,59951,19661,15621,5630,,,,0,0,0,0,0
fullband_2001_145mA_v1,9,1525.180000,1525.17808000,-1.920000,2.056000,2.040029666,-0.776767,31.610866,174,1,144.998932,129.501343,6.466370,17.998047,6.005859,63351,56580,21189,14744,4920,,,,0,0,0,0,0
fullband_2001_145mA_v1,10,1525.200000,1525.20024000,0.240000,2.056000,2.053068445,-0.142585,33.866011,141,1,144.998932,131.069183,5.000000,19.476318,6.104736,63351,57265,16384,15955,5001,,,,0,0,0,0,0
fullband_2001_145mA_v1,11,1525.220000,1525.21916000,-0.840000,2.056000,2.057932847,0.094010,32.630811,170,1,144.998932,125.640106,5.791931,18.065186,5.986328,63351,54893,18979,14799,4904,,,,0,0,0,0,0
fullband_2001_145mA_v1,12,1525.240000,1525.23889000,-1.110000,2.056000,2.065660039,0.469846,30.953028,144,1,144.998932,125.692749,5.654602,17.880859,6.080322,63351,54916,18529,14648,4981,,,,0,0,0,0,0
fullband_2001_145mA_v1,13,1525.260000,1525.25868000,-1.320000,2.056000,2.050481536,-0.268408,33.706871,140,1,144.998932,121.215820,1.395569,18.100586,6.049805,63351,52960,4573,14828,4956,,,,0,0,0,0,0
fullband_2001_145mA_v1,14,1525.280000,1525.28045000,0.450000,2.056000,2.047242808,-0.425933,33.947870,119,1,144.998932,123.232269,1.356506,17.780762,6.044922,63351,53841,4445,14566,4952,,,,0,0,0,0,0
fullband_2001_145mA_v1,15,1525.300000,1525.29935000,-0.650000,2.056000,2.075044960,0.926311,33.963025,109,1,144.998932,121.650696,0.003967,17.692871,6.002197,63351,53150,13,14494,4917,,,,0,0,0,0,0
fullband_2001_145mA_v1,16,1525.320000,1525.31949000,-0.510000,2.056000,2.042788080,-0.642603,33.357346,173,1,144.998932,121.211243,1.499939,15.975342,5.947266,63351,52958,4915,13087,4872,,,,0,0,0,0,0
fullband_2001_145mA_v1,17,1525.340000,1525.33840000,-1.600000,2.056000,2.053822007,-0.105934,32.443634,161,1,144.998932,130.162811,3.999939,17.934570,5.961914,63351,56869,13107,14692,4884,,,,0,0,0,0,0
fullband_2001_145mA_v1,18,1525.360000,1525.35859000,-1.410000,2.056000,2.070982380,0.728715,33.161775,124,1,144.998932,122.886658,0.000000,16.174316,5.789795,63351,53690,0,13250,4743,,,,0,0,0,0,0
fullband_2001_145mA_v1,19,1525.380000,1525.37907000,-0.930000,2.056000,2.051814833,-0.203559,32.482060,161,1,144.998932,138.851166,9.912720,18.056641,5.983887,63351,60665,32482,14792,4902,,,,0,0,0,0,0
fullband_2001_145mA_v1,20,1525.400000,1525.39921000,-0.790000,2.056000,2.053475317,-0.122796,30.688418,163,1,144.998932,138.757324,9.500122,17.950439,5.972900,63351,60624,31130,14705,4893,,,,0,0,0,0,0
fullband_2001_145mA_v1,21,1525.420000,1525.41881000,-1.190000,2.056000,2.048567257,-0.361515,26.639855,165,1,144.998932,130.535889,4.346313,15.000000,6.049805,63351,57032,14242,12288,4956,,,,0,0,0,0,0
fullband_2001_145mA_v1,22,1525.440000,1525.43959000,-0.410000,2.056000,2.063649084,0.372037,33.050764,170,1,144.998932,131.135559,4.217224,14.978027,5.911865,63351,57294,13819,12270,4843,,,,0,0,0,0,0
fullband_2001_145mA_v1,23,1525.460000,1525.45924000,-0.760000,2.056000,2.061964339,0.290094,34.674485,182,1,144.998932,125.749969,0.943298,15.008545,5.750732,63351,54941,3091,12295,4711,,,,0,0,0,0,0
fullband_2001_145mA_v1,24,1525.480000,1525.47901000,-0.990000,2.056000,2.062822221,0.331820,27.642982,155,1,144.998932,127.725220,3.690491,15.150146,5.999756,63351,55804,12093,12411,4915,,,,0,0,0,0,0
fullband_2001_145mA_v1,25,1525.500000,1525.49980000,-0.200000,2.056000,2.054313476,-0.082029,28.300595,179,1,144.998932,122.788239,3.469543,15.000000,6.049805,63351,53647,11369,12288,4956,,,,0,0,0,0,0
fullband_2001_145mA_v1,26,1525.520000,1525.51861000,-1.390000,2.056000,2.051982818,-0.195388,31.517205,171,1,144.998932,122.772217,3.390198,14.951172,5.867920,63351,53640,11109,12248,4807,,,,0,0,0,0,0
fullband_2001_145mA_v1,27,1525.540000,1525.53965000,-0.350000,2.056000,2.062031456,0.293359,32.997810,153,1,144.998932,125.901031,2.500000,16.453857,5.869141,63351,55007,8192,13479,4808,,,,0,0,0,0,0
fullband_2001_145mA_v1,28,1525.560000,1525.55977000,-0.230000,2.056000,2.061234244,0.254584,29.132893,165,1,144.998932,119.597626,0.556030,14.953613,5.795898,63351,52253,1822,12250,4748,,,,0,0,0,0,0
fullband_2001_145mA_v1,29,1525.580000,1525.57923000,-0.770000,2.056000,2.064884052,0.432104,31.323306,158,1,144.998932,129.689026,6.639099,16.490479,5.906982,63351,56662,21755,13509,4839,,,,0,0,0,0,0
fullband_2001_145mA_v1,30,1525.600000,1525.59883000,-1.170000,2.056000,2.063802623,0.379505,32.152101,154,1,144.998932,127.608490,6.639099,16.308594,5.718994,63351,55753,21755,13360,4685,,,,0,0,0,0,0
fullband_2001_145mA_v1,31,1525.620000,1525.61806000,-1.940000,2.056000,2.059766388,0.183190,33.255988,139,1,144.998932,129.066467,6.639099,16.184082,5.512695,63351,56390,21755,13258,4516,,,,0,0,0,0,0
fullband_2001_145mA_v1,32,1525.640000,1525.63944000,-0.560000,2.056000,2.074860854,0.917357,33.049288,132,1,144.998932,134.788513,6.639099,15.957031,5.306396,63351,58890,21755,13072,4347,,,,0,0,0,0,0
fullband_2001_145mA_v1,33,1525.660000,1525.65859000,-1.410000,2.056000,2.061010437,0.243698,26.337286,138,1,144.998932,132.469940,6.639099,15.686035,5.156250,63351,57877,21755,12850,4224,,,,0,0,0,0,0
fullband_2001_145mA_v1,34,1525.680000,1525.67922000,-0.780000,2.056000,2.056071561,0.003481,29.266738,146,1,144.998932,131.165314,1.674194,15.838623,5.322266,63351,57307,5486,12975,4360,,,,0,0,0,0,0
fullband_2001_145mA_v1,35,1525.700000,1525.69998000,-0.020000,2.056000,2.062906294,0.335909,26.511062,138,1,144.998932,131.826782,1.674194,15.594482,5.103760,63351,57596,5486,12775,4181,,,,0,0,0,0,0
fullband_2001_145mA_v1,36,1525.720000,1525.71879000,-1.210000,2.056000,2.057373597,0.066809,30.221554,132,1,144.998932,131.357574,1.674194,15.286865,4.963379,63351,57391,5486,12523,4066,,,,0,0,0,0,0
fullband_2001_145mA_v1,37,1525.740000,1525.73871000,-1.290000,2.056000,2.051846610,-0.202013,26.163152,189,1,144.998932,122.737885,2.000122,13.503418,4.495850,63351,53625,6554,11062,3683,,,,0,0,0,0,0
fullband_2001_145mA_v1,38,1525.760000,1525.75940000,-0.600000,2.056000,2.047134159,-0.431218,30.607314,150,1,144.998932,124.083710,1.379700,15.150146,4.549561,63351,54213,4521,12411,3727,,,,0,0,0,0,0
fullband_2001_145mA_v1,39,1525.780000,1525.78095000,0.950000,2.056000,2.088184578,1.565398,32.902778,140,1,144.998932,123.522949,1.265259,15.050049,4.499512,63351,53968,4146,12329,3686,,,,0,0,0,0,0
fullband_2001_145mA_v1,40,1525.800000,1525.79900000,-1.000000,2.056000,2.045443077,-0.513469,33.667106,152,1,144.998932,122.820282,1.221313,14.886475,4.554443,63351,53661,4002,12195,3731,,,,0,0,0,0,0
fullband_2001_145mA_v1,41,1525.820000,1525.81934000,-0.660000,2.056000,2.052028995,-0.193142,27.767282,167,1,144.998932,118.846893,1.511841,13.599854,4.499512,63351,51925,4954,11141,3686,,,,0,0,0,0,0
fullband_2001_145mA_v1,42,1525.840000,1525.83855000,-1.450000,2.056000,2.053275655,-0.132507,25.804015,153,1,144.998932,116.239929,1.403198,13.549805,4.499512,63351,50786,4598,11100,3686,,,,0,0,0,0,0
fullband_2001_145mA_v1,43,1525.860000,1525.86000000,0.000000,2.056000,2.064026001,0.390370,35.183843,155,1,144.998932,117.800903,1.376953,13.179932,4.517822,63351,51468,4512,10797,3701,,,,0,0,0,0,0
fullband_2001_145mA_v1,44,1525.880000,1525.87955000,-0.450000,2.056000,2.057034904,0.050336,23.872072,155,1,144.998932,116.938019,0.000000,13.131104,4.375000,63351,51091,0,10757,3584,,,,0,0,0,0,0
fullband_2001_145mA_v1,45,1525.900000,1525.89968000,-0.320000,2.056000,2.063614734,0.370366,32.873911,148,1,144.998932,123.772430,4.500122,13.385010,4.479980,63351,54077,14746,10965,3670,,,,0,0,0,0,0
fullband_2001_145mA_v1,46,1525.920000,1525.91823000,-1.770000,2.056000,2.051658019,-0.211186,33.380249,150,1,144.998932,121.380615,1.000061,13.439941,4.449463,63351,53032,3277,11010,3645,,,,0,0,0,0,0
fullband_2001_145mA_v1,47,1525.940000,1525.94030000,0.300000,2.056000,2.055496497,-0.024489,32.710618,136,1,144.998932,127.963257,3.999939,13.320312,4.448242,63351,55908,13107,10912,3644,,,,0,0,0,0,0
fullband_2001_145mA_v1,48,1525.960000,1525.95957000,-0.430000,2.056000,2.064448051,0.410897,25.633552,172,1,144.998932,128.031921,4.392395,12.041016,4.575195,63351,55938,14393,9864,3748,,,,0,0,0,0,0
fullband_2001_145mA_v1,49,1525.980000,1525.97965000,-0.350000,2.056000,2.058072559,0.100805,25.709390,162,1,144.998932,129.000092,4.290161,11.817627,4.309082,63351,56361,14058,9681,3530,,,,0,0,0,0,0
fullband_2001_145mA_v1,50,1526.000000,1525.99924000,-0.760000,2.056000,2.056298004,0.014494,30.471776,165,1,144.998932,124.607849,0.900879,12.049561,4.499512,63351,54442,2952,9871,3686,,,,0,0,0,0,0
fullband_2001_145mA_v1,51,1526.020000,1526.01852000,-1.480000,2.056000,2.043633485,-0.601484,32.932587,180,1,144.998932,125.049591,0.814514,12.099609,4.499512,63351,54635,2669,9912,3686,,,,0,0,0,0,0
fullband_2001_145mA_v1,52,1526.040000,1526.03863000,-1.370000,2.056000,2.063936084,0.385996,32.509999,169,1,144.998932,123.674011,0.734863,12.049561,4.499512,63351,54034,2408,9871,3686,,,,0,0,0,0,0
fullband_2001_145mA_v1,53,1526.060000,1526.05928000,-0.720000,2.056000,2.049550714,-0.313681,33.298556,158,1,144.998932,123.365021,0.651245,12.049561,4.499512,63351,53899,2134,9871,3686,,,,0,0,0,0,0
fullband_2001_145mA_v1,54,1526.080000,1526.08046000,0.460000,2.056000,2.049159699,-0.332699,33.304609,156,1,144.998932,117.890167,0.562744,12.049561,4.499512,63351,51507,1844,9871,3686,,,,0,0,0,0,0
fullband_2001_145mA_v1,55,1526.100000,1526.09893000,-1.070000,2.056000,2.052947867,-0.148450,25.495189,161,1,144.998932,118.654633,0.544434,11.920166,4.344482,63351,51841,1784,9765,3559,,,,0,0,0,0,0
fullband_2001_145mA_v1,56,1526.120000,1526.11949000,-0.510000,2.056000,2.054258771,-0.084690,27.375094,152,1,144.998932,119.984436,2.578735,12.049561,4.499512,63351,52422,8450,9871,3686,,,,0,0,0,0,0
fullband_2001_145mA_v1,57,1526.140000,1526.13951000,-0.490000,2.056000,2.050766630,-0.254541,27.704608,153,1,144.998932,118.359375,2.508850,11.944580,4.382324,63351,51712,8221,9785,3590,,,,0,0,0,0,0
fullband_2001_145mA_v1,58,1526.160000,1526.15907000,-0.930000,2.056000,2.046566081,-0.458848,31.601637,145,1,144.998932,118.826294,2.500000,11.837158,4.195557,63351,51916,8192,9697,3437,,,,0,0,0,0,0
fullband_2001_145mA_v1,59,1526.180000,1526.17916000,-0.840000,2.056000,2.046413155,-0.466286,27.283308,148,1,144.998932,118.798828,2.500000,11.656494,3.959961,63351,51904,8192,9549,3244,,,,0,0,0,0,0
fullband_2001_145mA_v1,60,1526.200000,1526.19963000,-0.370000,2.056000,2.046921992,-0.441537,32.048426,162,1,144.998932,120.742035,0.225830,11.971436,4.205322,63351,52753,740,9807,3445,,,,0,0,0,0,0
fullband_2001_145mA_v1,61,1526.220000,1526.21838000,-1.620000,2.056000,2.040986495,-0.730229,32.860551,153,1,144.998932,120.490265,0.212097,11.837158,4.078369,63351,52643,695,9697,3341,,,,0,0,0,0,0
fullband_2001_145mA_v1,62,1526.240000,1526.23980000,-0.200000,2.056000,2.052794224,-0.155923,28.089597,153,1,144.998932,121.389771,0.212097,11.622314,3.879395,63351,53036,695,9521,3178,,,,0,0,0,0,0
fullband_2001_145mA_v1,63,1526.260000,1526.25975000,-0.250000,2.056000,2.063776211,0.378220,25.747648,148,1,144.998932,121.923065,0.212097,11.368408,3.692627,63351,53269,695,9313,3025,,,,0,0,0,0,0
fullband_2001_145mA_v1,64,1526.280000,1526.27960000,-0.400000,2.056000,2.060015428,0.195303,27.310754,182,1,144.998932,123.866272,0.249939,10.537109,3.674316,63351,54118,819,8632,3010,,,,0,0,0,0,0
fullband_2001_145mA_v1,65,1526.300000,1526.29931000,-0.690000,2.056000,2.064587202,0.417665,27.924519,169,1,144.998932,121.529388,0.201111,10.588379,3.621826,63351,53097,659,8674,2967,,,,0,0,0,0,0
fullband_2001_145mA_v1,66,1526.320000,1526.31879000,-1.210000,2.056000,2.052188696,-0.185375,27.645349,162,1,144.998932,122.016907,0.147705,10.603027,3.691406,63351,53310,484,8686,3024,,,,0,0,0,0,0
fullband_2001_145mA_v1,67,1526.340000,1526.34044000,0.440000,2.056000,2.052461621,-0.172100,32.472788,161,1,144.998932,119.984436,0.108948,10.576172,3.625488,63351,52422,357,8664,2970,,,,0,0,0,0,0
fullband_2001_145mA_v1,68,1526.360000,1526.35953000,-0.470000,2.056000,2.070465279,0.703564,32.789102,157,1,144.998932,119.215393,0.070801,10.510254,3.615723,63351,52086,232,8610,2962,,,,0,0,0,0,0
fullband_2001_145mA_v1,69,1526.380000,1526.37910000,-0.900000,2.056000,2.038436218,-0.854270,32.407284,162,1,144.998932,114.038086,0.070801,10.275879,3.333740,63351,49824,232,8418,2731,,,,0,0,0,0,0
fullband_2001_145mA_v1,70,1526.400000,1526.39896000,-1.040000,2.056000,2.064329349,0.405124,25.612350,171,1,144.998932,114.900970,1.423950,10.021973,3.145752,63351,50201,4666,8210,2577,,,,0,0,0,0,0
fullband_2001_145mA_v1,71,1526.420000,1526.41990000,-0.100000,2.056000,2.059335077,0.162212,31.682787,164,1,144.998932,116.832733,0.761719,11.099854,3.974609,63351,51045,2496,9093,3256,,,,0,0,0,0,0
fullband_2001_145mA_v1,72,1526.440000,1526.44084000,0.840000,2.056000,2.056925830,0.045031,32.147183,160,1,144.998932,114.871216,0.742188,10.935059,3.895264,63351,50188,2432,8958,3191,,,,0,0,0,0,0
fullband_2001_145mA_v1,73,1526.460000,1526.45965000,-0.350000,2.056000,2.051799776,-0.204291,31.996281,162,1,144.998932,117.997742,0.739136,10.888672,3.750000,63351,51554,2422,8920,3072,,,,0,0,0,0,0
fullband_2001_145mA_v1,74,1526.480000,1526.47803000,-1.970000,2.056000,2.046913810,-0.441935,30.345849,164,1,144.998932,117.430115,0.739136,10.782471,3.587646,63351,51306,2422,8833,2939,,,,0,0,0,0,0
fullband_2001_145mA_v1,75,1526.500000,1526.49974000,-0.260000,2.056000,2.073595621,0.855818,33.397354,181,1,144.998932,120.487976,0.739136,10.623779,3.447266,63351,52642,2422,8703,2824,,,,0,0,0,0,0
fullband_2001_145mA_v1,76,1526.520000,1526.51865000,-1.350000,2.056000,2.052624116,-0.164197,29.599790,168,1,144.998932,119.920349,3.523560,10.356445,2.965088,63351,52394,11546,8484,2429,,,,0,0,0,0,0
fullband_2001_145mA_v1,77,1526.540000,1526.53982000,-0.180000,2.056000,2.048447090,-0.367359,32.273573,164,1,144.998932,119.858551,0.885010,9.488525,3.223877,63351,52367,2900,7773,2641,,,,0,0,0,0,0
fullband_2001_145mA_v1,78,1526.560000,1526.55953000,-0.470000,2.056000,2.046223552,-0.475508,30.627396,159,1,144.998932,124.346924,0.779724,9.686279,3.078613,63351,54328,2555,7935,2522,,,,0,0,0,0,0
fullband_2001_145mA_v1,79,1526.580000,1526.57919000,-0.810000,2.056000,2.057119495,0.054450,30.300425,168,1,144.998932,124.243927,0.696106,9.733887,3.118896,63351,54283,2281,7974,2555,,,,0,0,0,0,0
fullband_2001_145mA_v1,80,1526.600000,1526.59983000,-0.170000,2.056000,2.054966148,-0.050285,27.796610,159,1,144.998932,120.412445,0.685425,9.422607,3.029785,63351,52609,2246,7719,2482,,,,0,0,0,0,0
fullband_2001_145mA_v1,81,1526.620000,1526.61990000,-0.100000,2.056000,2.046977462,-0.438839,32.927260,185,1,144.998932,123.193359,3.414307,9.166260,3.035889,63351,53824,11188,7509,2487,,,,0,0,0,0,0
fullband_2001_145mA_v1,82,1526.640000,1526.63893000,-1.070000,2.056000,2.048160782,-0.381285,26.746349,170,1,144.998932,118.947601,3.235779,9.106445,3.049316,63351,51969,10603,7460,2498,,,,0,0,0,0,0
fullband_2001_145mA_v1,83,1526.660000,1526.65892000,-1.080000,2.056000,2.043814665,-0.592672,31.267677,153,1,144.998932,120.485687,3.051147,9.118652,2.969971,63351,52641,9998,7470,2433,,,,0,0,0,0,0
fullband_2001_145mA_v1,84,1526.680000,1526.67963000,-0.370000,2.056000,2.054360651,-0.079735,31.739519,160,1,144.998932,117.606354,3.006592,8.782959,2.822266,63351,51383,9852,7195,2312,,,,0,0,0,0,0
fullband_2001_145mA_v1,85,1526.700000,1526.69860000,-1.400000,2.056000,2.058006300,0.097583,29.422881,149,1,144.998932,119.757843,8.632507,8.990479,2.922363,63351,52323,28287,7365,2394,,,,0,0,0,0,0
fullband_2001_145mA_v1,86,1526.720000,1526.72007000,0.070000,2.056000,2.046499406,-0.462091,28.089424,161,1,144.998932,118.125916,8.119507,8.979492,2.904053,63351,51610,26606,7356,2379,,,,0,0,0,0,0
fullband_2001_145mA_v1,87,1526.740000,1526.73832000,-1.680000,2.056000,2.057281203,0.062315,29.329547,154,1,144.998932,118.496704,7.605896,9.039307,2.911377,63351,51772,24923,7405,2385,,,,0,0,0,0,0
fullband_2001_145mA_v1,88,1526.760000,1526.76022000,0.220000,2.056000,2.053200749,-0.136150,33.835502,149,1,144.998932,120.471954,7.500000,8.874512,2.777100,63351,52635,24576,7270,2275,,,,0,0,0,0,0
fullband_2001_145mA_v1,89,1526.780000,1526.77950000,-0.500000,2.056000,2.055961297,-0.001882,28.391160,167,1,144.998932,116.622162,2.000122,8.913574,2.863770,63351,50953,6554,7302,2346,,,,0,0,0,0,0
fullband_2001_145mA_v1,90,1526.800000,1526.80000000,0.000000,2.056000,2.050688637,-0.258335,31.466200,151,1,144.998932,121.826935,6.171265,9.013672,2.938232,63351,53227,20222,7384,2407,,,,0,0,0,0,0
fullband_2001_145mA_v1,91,1526.820000,1526.81909000,-0.910000,2.056000,2.045536913,-0.508905,31.946733,162,1,144.998932,122.259521,5.722351,9.010010,2.935791,63351,53416,18751,7381,2405,,,,0,0,0,0,0
fullband_2001_145mA_v1,92,1526.840000,1526.83932000,-0.680000,2.056000,2.042307419,-0.665982,31.802100,172,1,144.998932,123.175049,5.211182,8.992920,2.987061,63351,53816,17076,7367,2447,,,,0,0,0,0,0
fullband_2001_145mA_v1,93,1526.860000,1526.85944000,-0.560000,2.056000,2.059572536,0.173761,29.123376,163,1,144.998932,123.765564,4.718933,9.000244,3.000488,63351,54074,15463,7373,2458,,,,0,0,0,0,0
fullband_2001_145mA_v1,94,1526.880000,1526.88000000,0.000000,2.056000,2.051828326,-0.202902,29.065102,172,1,144.998932,125.223541,4.500122,8.967285,2.940674,63351,54711,14746,7346,2409,,,,0,0,0,0,0
fullband_2001_145mA_v1,95,1526.900000,1526.89984000,-0.160000,2.056000,2.052243581,-0.182705,29.060875,165,1,144.998932,122.689819,1.000061,8.936768,2.895508,63351,53604,3277,7321,2372,,,,0,0,0,0,0
fullband_2001_145mA_v1,96,1526.920000,1526.91892000,-1.080000,2.056000,2.043937685,-0.586688,30.919947,179,1,144.998932,122.634888,3.999939,8.950195,2.834473,63351,53580,13107,7332,2322,,,,0,0,0,0,0
fullband_2001_145mA_v1,97,1526.940000,1526.94053000,0.530000,2.056000,2.062500084,0.316152,31.588539,166,1,144.998932,120.847321,3.999939,8.846436,2.695312,63351,52799,13107,7247,2208,,,,0,0,0,0,0
fullband_2001_145mA_v1,98,1526.960000,1526.95875000,-1.250000,2.056000,2.053309507,-0.130861,31.252426,156,1,144.998932,120.568085,3.999939,8.706055,2.595215,63351,52677,13107,7132,2126,,,,0,0,0,0,0
fullband_2001_145mA_v1,99,1526.980000,1526.97884000,-1.160000,2.056000,2.048670892,-0.356474,28.513682,164,1,144.998932,114.619446,1.008911,8.043213,2.635498,63351,50078,3306,6589,2159,,,,0,0,0,0,0
fullband_2001_145mA_v1,100,1527.000000,1526.99895000,-1.050000,2.056000,2.056214550,0.010435,27.834257,167,1,144.998932,113.665009,1.008911,7.907715,2.485352,63351,49661,3306,6478,2036,,,,0,0,0,0,0
fullband_2001_145mA_v1,101,1527.020000,1527.01856000,-1.440000,2.056000,2.055074754,-0.045002,27.768471,163,1,144.998932,110.204315,0.958252,7.884521,2.231445,63351,48149,3140,6459,1828,,,,0,0,0,0,0
fullband_2001_145mA_v1,102,1527.040000,1527.03931000,-0.690000,2.056000,2.047601071,-0.408508,26.491545,180,1,144.998932,109.462738,0.816345,7.877197,1.955566,63351,47825,2675,6453,1602,,,,0,0,0,0,0
fullband_2001_145mA_v1,103,1527.060000,1527.05999000,-0.010000,2.056000,2.068343825,0.600381,32.459632,160,1,144.998932,114.374542,0.804443,7.812500,2.087402,63351,49971,2636,6400,1710,,,,0,0,0,0,0
fullband_2001_145mA_v1,104,1527.080000,1527.08003000,0.030000,2.056000,2.046931390,-0.441080,33.078979,171,1,144.998932,116.638184,0.804443,7.585449,2.131348,63351,50960,2636,6214,1746,,,,0,0,0,0,0
fullband_2001_145mA_v1,105,1527.100000,1527.09914000,-0.860000,2.056000,2.048024577,-0.387910,29.647151,178,1,144.998932,116.317749,3.087158,7.871094,1.896973,63351,50820,10116,6448,1554,,,,0,0,0,0,0
fullband_2001_145mA_v1,106,1527.120000,1527.11912000,-0.880000,2.056000,2.062732166,0.327440,29.926644,178,1,144.998932,119.119263,3.059387,7.839355,1.987305,63351,52044,10025,6422,1628,,,,0,0,0,0,0
fullband_2001_145mA_v1,107,1527.140000,1527.13962000,-0.380000,2.056000,2.048453335,-0.367056,28.596469,162,1,144.998932,121.380615,0.393982,7.893066,2.454834,63351,53032,1291,6466,2011,,,,0,0,0,0,0
fullband_2001_145mA_v1,108,1527.160000,1527.15914000,-0.860000,2.056000,2.051795869,-0.204481,29.358573,161,1,144.998932,120.497131,0.398560,7.686768,2.397461,63351,52646,1306,6297,1964,,,,0,0,0,0,0
fullband_2001_145mA_v1,109,1527.180000,1527.17966000,-0.340000,2.056000,2.051746678,-0.206874,29.014207,166,1,144.998932,121.463013,0.401001,7.568359,2.268066,63351,53068,1314,6200,1858,,,,0,0,0,0,0
fullband_2001_145mA_v1,110,1527.200000,1527.20013000,0.130000,2.056000,2.057059833,0.051548,31.857974,174,1,144.998932,118.210602,0.350952,7.525635,2.219238,63351,51647,1150,6165,1818,,,,0,0,0,0,0
fullband_2001_145mA_v1,111,1527.220000,1527.21844000,-1.560000,2.056000,2.055640346,-0.017493,32.520428,167,1,144.998932,118.331909,0.285950,7.514648,2.207031,63351,51700,937,6156,1808,,,,0,0,0,0,0
fullband_2001_145mA_v1,112,1527.240000,1527.24022000,0.220000,2.056000,2.043756113,-0.595520,31.461538,172,1,144.998932,116.345215,0.216370,7.509766,2.197266,63351,50832,709,6152,1800,,,,0,0,0,0,0
fullband_2001_145mA_v1,113,1527.260000,1527.25916000,-0.840000,2.056000,2.061936892,0.288759,32.623676,184,1,144.998932,114.047241,0.149231,7.512207,2.200928,63351,49828,489,6154,1803,,,,0,0,0,0,0
fullband_2001_145mA_v1,114,1527.280000,1527.27914000,-0.860000,2.056000,2.055780664,-0.010668,28.757619,169,1,144.998932,113.715363,0.140991,7.382812,2.104492,63351,49683,462,6048,1724,,,,0,0,0,0,0
fullband_2001_145mA_v1,115,1527.300000,1527.30011000,0.110000,2.056000,2.077972946,1.068723,32.229316,167,1,144.998932,112.509155,0.025024,7.476807,2.219238,63351,49156,82,6125,1818,,,,0,0,0,0,0
fullband_2001_145mA_v1,116,1527.320000,1527.31938000,-0.620000,2.056000,2.041946866,-0.683518,30.132057,178,1,144.998932,111.218262,0.016174,7.391357,2.111816,63351,48592,53,6055,1730,,,,0,0,0,0,0
fullband_2001_145mA_v1,117,1527.340000,1527.33919000,-0.810000,2.056000,2.063319160,0.355990,30.531898,160,1,144.998932,113.454437,0.016174,7.294922,2.001953,63351,49569,53,5976,1640,,,,0,0,0,0,0
fullband_2001_145mA_v1,118,1527.360000,1527.35914000,-0.860000,2.056000,2.062318160,0.307303,20.850966,149,1,144.998932,130.384827,3.999939,6.060791,29.915771,63351,56966,13107,4965,24507,,,,0,0,0,0,0
fullband_2001_145mA_v1,119,1527.380000,1527.37871000,-1.290000,2.056000,2.043567146,-0.604711,21.027297,94,1,144.998932,130.384827,3.999939,5.799561,29.998779,63351,56966,13107,4751,24575,,,,0,0,0,0,0
fullband_2001_145mA_v1,120,1527.400000,1527.39993000,-0.070000,2.056000,2.047981796,-0.389990,28.152773,179,1,144.998932,114.429474,0.029907,6.829834,1.605225,63351,49995,98,5595,1315,,,,0,0,0,0,0
fullband_2001_145mA_v1,121,1527.420000,1527.41849000,-1.510000,2.056000,2.055812456,-0.009122,27.349292,167,1,144.998932,114.907837,0.029907,6.635742,1.539307,63351,50204,98,5436,1261,,,,0,0,0,0,0
fullband_2001_145mA_v1,122,1527.440000,1527.43837000,-1.630000,2.056000,2.062516341,0.316943,27.996409,173,1,144.998932,121.021271,5.969543,5.853271,1.744385,63351,52875,19561,4795,1429,,,,0,0,0,0,0
fullband_2001_145mA_v1,123,1527.460000,1527.45928000,-0.720000,2.056000,2.048128048,-0.382877,28.856821,170,1,144.998932,122.319031,5.665894,5.827637,1.734619,63351,53442,18566,4774,1421,,,,0,0,0,0,0
fullband_2001_145mA_v1,124,1527.480000,1527.47961000,-0.390000,2.056000,2.062995017,0.340225,26.929585,190,1,144.998932,120.929718,5.350647,5.827637,1.734619,63351,52835,17533,4774,1421,,,,0,0,0,0,0
fullband_2001_145mA_v1,125,1527.500000,1527.49979000,-0.210000,2.056000,2.036270919,-0.959586,26.788325,169,1,144.998932,140.940857,8.999939,5.999756,28.599854,63351,61578,29491,4915,23429,,,,0,0,0,0,0
fullband_2001_145mA_v1,126,1527.520000,1527.51884000,-1.160000,2.056000,2.038502179,-0.851061,29.160414,172,1,144.998932,116.558075,4.580688,6.093750,1.538086,63351,50925,15010,4992,1260,,,,0,0,0,0,0
fullband_2001_145mA_v1,127,1527.540000,1527.53908000,-0.920000,2.056000,2.063795827,0.379174,29.322183,168,1,144.998932,116.246796,4.537354,5.905762,1.531982,63351,50789,14868,4838,1255,,,,0,0,0,0,0
fullband_2001_145mA_v1,128,1527.560000,1527.55979000,-0.210000,2.056000,2.066419893,0.506804,27.274633,176,1,144.998932,117.153168,4.537354,5.628662,1.585693,63351,51185,14868,4611,1299,,,,0,0,0,0,0
fullband_2001_145mA_v1,129,1527.580000,1527.57959000,-0.410000,2.056000,2.056699933,0.034043,28.362425,171,1,144.998932,110.289001,0.898132,5.850830,1.492920,63351,48186,2943,4793,1223,,,,0,0,0,0,0
fullband_2001_145mA_v1,130,1527.600000,1527.59952000,-0.480000,2.056000,2.048952913,-0.342757,29.082323,183,1,144.998932,129.167175,2.022400,5.905762,29.986572,63351,56434,6627,4838,24565,,,,0,0,0,0,0
fullband_2001_145mA_v1,131,1527.620000,1527.61992000,-0.080000,2.056000,2.052470752,-0.171656,32.573486,157,1,144.998932,128.727722,1.982422,5.928955,28.496094,63351,56242,6496,4857,23344,,,,0,0,0,0,0
fullband_2001_145mA_v1,132,1527.640000,1527.63876000,-1.240000,2.056000,2.044340644,-0.567089,30.154263,172,1,144.998932,125.939941,1.982422,5.692139,28.485107,63351,55024,6496,4663,23335,,,,0,0,0,0,0
fullband_2001_145mA_v1,133,1527.660000,1527.65916000,-0.840000,2.056000,2.050166284,-0.283741,29.794919,182,1,144.998932,113.065338,0.543823,5.900879,1.427002,63351,49399,1782,4834,1169,,,,0,0,0,0,0
fullband_2001_145mA_v1,134,1527.680000,1527.67896000,-1.040000,2.056000,2.062195206,0.301323,29.545787,169,1,144.998932,130.240631,1.302795,5.938721,29.945068,63351,56903,4269,4865,24531,,,,0,0,0,0,0
fullband_2001_145mA_v1,135,1527.700000,1527.69824000,-1.760000,2.056000,2.058564661,0.124740,29.584520,160,1,144.998932,132.183838,0.002747,5.959473,29.996338,63351,57752,9,4882,24573,,,,0,0,0,0,0
fullband_2001_145mA_v1,136,1527.720000,1527.71808000,-1.920000,2.056000,2.042159622,-0.673170,30.816728,166,1,144.998932,135.189056,1.191406,6.011963,27.049561,63351,59065,3904,4925,22159,,,,0,0,0,0,0
fullband_2001_145mA_v1,137,1527.740000,1527.73821000,-1.790000,2.056000,2.064455362,0.411253,31.224874,164,1,144.998932,136.951447,1.084595,5.981445,26.998291,63351,59835,3554,4900,22117,,,,0,0,0,0,0
fullband_2001_145mA_v1,138,1527.760000,1527.75998000,-0.020000,2.056000,2.046987785,-0.438337,30.917608,165,1,144.998932,122.406006,2.000122,5.892334,1.459961,63351,53480,6554,4827,1196,,,,0,0,0,0,0
fullband_2001_145mA_v1,139,1527.780000,1527.77936000,-0.640000,2.056000,2.052532323,-0.168661,29.707176,169,1,144.998932,120.970917,2.000122,5.783691,1.335449,63351,52853,6554,4738,1094,,,,0,0,0,0,0
fullband_2001_145mA_v1,140,1527.800000,1527.79920000,-0.800000,2.056000,2.048874994,-0.346547,30.766026,175,1,144.998932,141.831207,9.999695,5.844727,27.037354,63351,61967,32767,4788,22149,,,,0,0,0,0,0
fullband_2001_145mA_v1,141,1527.820000,1527.81917000,-0.830000,2.056000,2.054888544,-0.054059,25.055948,174,1,144.998932,134.005737,4.840088,4.649658,27.099609,63351,58548,15860,3809,22200,,,,0,0,0,0,0
fullband_2001_145mA_v1,142,1527.840000,1527.83840000,-1.600000,2.056000,2.054205464,-0.087283,25.458385,182,1,144.998932,129.689026,4.644775,4.599609,26.999512,63351,56662,15220,3768,22118,,,,0,0,0,0,0
fullband_2001_145mA_v1,143,1527.860000,1527.85942000,-0.580000,2.056000,2.048316965,-0.373688,26.274394,170,1,144.998932,130.171967,4.442749,4.549561,26.999512,63351,56873,14558,3727,22118,,,,0,0,0,0,0
fullband_2001_145mA_v1,144,1527.880000,1527.87822000,-1.780000,2.056000,2.050848356,-0.250566,25.774605,20,1,144.998932,125.120544,0.000000,4.285889,26.524658,63351,54666,0,3511,21729,,,,0,0,0,0,0
fullband_2001_145mA_v1,145,1527.900000,1527.89965000,-0.350000,2.056000,2.053360834,-0.128364,27.404198,169,1,144.998932,125.626373,3.999939,4.489746,27.019043,63351,54887,13107,3678,22134,,,,0,0,0,0,0
fullband_2001_145mA_v1,146,1527.920000,1527.91968000,-0.320000,2.056000,2.060046161,0.196798,24.373629,157,1,144.998932,127.212524,3.866882,4.241943,27.004395,63351,55580,12671,3475,22122,,,,0,0,0,0,0
fullband_2001_145mA_v1,147,1527.940000,1527.93888000,-1.120000,2.056000,2.058828621,0.137579,28.029992,177,1,144.998932,124.720001,0.957947,4.421387,25.500488,63351,54491,3139,3622,20890,,,,0,0,0,0,0
fullband_2001_145mA_v1,148,1527.960000,1527.95900000,-1.000000,2.056000,2.055184117,-0.039683,26.679181,180,1,144.998932,126.507568,3.500061,4.514160,24.044189,63351,55272,11469,3698,19697,,,,0,0,0,0,0
fullband_2001_145mA_v1,149,1527.980000,1527.97966000,-0.340000,2.056000,2.048860147,-0.347269,30.639317,170,1,144.998932,131.069183,0.819397,4.484863,25.491943,63351,57265,2685,3674,20883,,,,0,0,0,0,0
fullband_2001_145mA_v1,150,1528.000000,1527.99911000,-0.890000,2.056000,2.052406777,-0.174768,28.689105,180,1,144.998932,135.060883,2.999878,4.458008,26.949463,63351,59009,9830,3652,22077,,,,0,0,0,0,0
fullband_2001_145mA_v1,151,1528.020000,1528.01924000,-0.760000,2.056000,2.047794395,-0.399105,24.514215,167,1,144.998932,137.615204,9.500122,4.473877,24.001465,63351,60125,31130,3665,19662,,,,0,0,0,0,0
fullband_2001_145mA_v1,152,1528.040000,1528.03899000,-1.010000,2.056000,2.056801243,0.038971,27.537990,175,1,144.998932,133.454132,0.588989,4.499512,25.600586,63351,58307,1930,3686,20972,,,,0,0,0,0,0
fullband_2001_145mA_v1,153,1528.060000,1528.05994000,-0.060000,2.056000,2.056314197,0.015282,27.433270,175,1,144.998932,134.832001,0.517578,4.499512,25.550537,63351,58909,1696,3686,20931,,,,0,0,0,0,0
fullband_2001_145mA_v1,154,1528.080000,1528.07864000,-1.360000,2.056000,2.039272947,-0.813573,31.905317,178,1,144.998932,130.634308,0.445862,4.499512,25.500488,63351,57075,1461,3686,20890,,,,0,0,0,0,0
fullband_2001_145mA_v1,155,1528.100000,1528.09873000,-1.270000,2.056000,2.047614951,-0.407833,27.793186,173,1,144.998932,130.087280,0.374756,4.499512,25.500488,63351,56836,1228,3686,20890,,,,0,0,0,0,0
fullband_2001_145mA_v1,156,1528.120000,1528.12027000,0.270000,2.056000,2.072230249,0.789409,32.304347,161,1,144.998932,127.718353,0.296936,4.499512,25.600586,63351,55801,973,3686,20972,,,,0,0,0,0,0
fullband_2001_145mA_v1,157,1528.140000,1528.13922000,-0.780000,2.056000,2.056896722,0.043615,28.198408,170,1,144.998932,126.612854,0.264587,4.427490,25.491943,63351,55318,867,3627,20883,,,,0,0,0,0,0
fullband_2001_145mA_v1,158,1528.160000,1528.15942000,-0.580000,2.056000,2.051229487,-0.232029,27.549357,169,1,144.998932,126.077271,1.922302,4.449463,22.502441,63351,55084,6299,3645,18434,,,,0,0,0,0,0
fullband_2001_145mA_v1,159,1528.180000,1528.17919000,-0.810000,2.056000,2.064051428,0.391606,30.990233,180,1,144.998932,127.361298,5.954285,4.448242,22.500000,63351,55645,19511,3644,18432,,,,0,0,0,0,0
fullband_2001_145mA_v1,160,1528.200000,1528.19823000,-1.770000,2.056000,2.047400528,-0.418262,31.097496,180,1,144.998932,123.928070,1.512451,4.515381,22.500000,63351,54145,4956,3699,18432,,,,0,0,0,0,0
fullband_2001_145mA_v1,161,1528.220000,1528.21999000,-0.010000,2.056000,2.057163879,0.056609,29.884434,170,1,144.998932,125.477600,1.512451,4.378662,22.498779,63351,54822,4956,3587,18431,,,,0,0,0,0,0
fullband_2001_145mA_v1,162,1528.240000,1528.23964000,-0.360000,2.056000,2.064596263,0.418106,31.235376,170,1,144.998932,129.874420,1.189575,4.498291,22.550049,63351,56743,3898,3685,18473,,,,0,0,0,0,0
fullband_2001_145mA_v1,163,1528.260000,1528.25893000,-1.070000,2.056000,2.058603378,0.126623,30.837266,164,1,144.998932,129.576874,1.101379,4.461670,22.498779,63351,56613,3609,3655,18431,,,,0,0,0,0,0
fullband_2001_145mA_v1,164,1528.280000,1528.27909000,-0.910000,2.056000,2.055090776,-0.044223,30.942930,171,1,144.998932,135.127258,3.739624,4.511719,22.600098,63351,59038,12254,3696,18514,,,,0,0,0,0,0
fullband_2001_145mA_v1,165,1528.300000,1528.29884000,-1.160000,2.056000,2.093676242,1.832502,31.293207,175,1,144.998932,137.223816,3.739624,4.409180,22.592773,63351,59954,12254,3612,18508,,,,0,0,0,0,0
fullband_2001_145mA_v1,166,1528.320000,1528.32083000,0.830000,2.056000,2.057779730,0.086563,30.843275,177,1,144.998932,137.976837,3.499756,4.367676,22.540283,63351,60283,11468,3578,18465,,,,0,0,0,0,0
fullband_2001_145mA_v1,167,1528.340000,1528.33962000,-0.380000,2.056000,2.057112262,0.054098,31.159567,174,1,144.998932,135.919189,3.498535,4.260254,22.547607,63351,59384,11464,3490,18471,,,,0,0,0,0,0
fullband_2001_145mA_v1,168,1528.360000,1528.35978000,-0.220000,2.056000,2.047685858,-0.404384,30.689332,164,1,144.998932,135.708618,3.495789,4.154053,22.564697,63351,59292,11455,3403,18485,,,,0,0,0,0,0
fullband_2001_145mA_v1,169,1528.380000,1528.37896000,-1.040000,2.056000,2.055688058,-0.015172,30.908638,164,1,144.998932,134.825134,3.495789,4.056396,22.471924,63351,58906,11455,3323,18409,,,,0,0,0,0,0
fullband_2001_145mA_v1,170,1528.400000,1528.39856000,-1.440000,2.056000,2.052495464,-0.170454,29.763074,163,1,144.998932,127.230835,0.750122,4.017334,20.251465,63351,55588,2458,3291,16590,,,,0,0,0,0,0
fullband_2001_145mA_v1,171,1528.420000,1528.42040000,0.400000,2.056000,2.038897667,-0.831826,29.747348,168,1,144.998932,123.042297,0.750122,3.920898,20.258789,63351,53758,2458,3212,16596,,,,0,0,0,0,0
fullband_2001_145mA_v1,172,1528.440000,1528.43806000,-1.940000,2.056000,2.075269795,0.937247,28.732647,175,1,144.998932,125.894165,3.978577,3.264160,22.546387,63351,55004,13037,2674,18470,,,,0,0,0,0,0
fullband_2001_145mA_v1,173,1528.460000,1528.45841000,-1.590000,2.056000,2.031567474,-1.188352,26.220422,170,1,144.998932,123.992157,3.858337,3.000488,22.500000,63351,54173,12643,2458,18432,,,,0,0,0,0,0
fullband_2001_145mA_v1,174,1528.480000,1528.48011000,0.110000,2.056000,2.042079780,-0.677054,25.963558,162,1,144.998932,124.163818,3.627625,3.050537,22.500000,63351,54248,11887,2499,18432,,,,0,0,0,0,0
fullband_2001_145mA_v1,175,1528.500000,1528.50024000,0.240000,2.056000,2.046888962,-0.443144,25.996589,168,1,144.998932,126.667786,3.427734,3.015137,22.473145,63351,55342,11232,2470,18410,,,,0,0,0,0,0
fullband_2001_145mA_v1,176,1528.520000,1528.51992000,-0.080000,2.056000,2.058563765,0.124697,25.840331,165,1,144.998932,123.381042,0.883179,2.863770,20.969238,63351,53906,2894,2346,17178,,,,0,0,0,0,0
fullband_2001_145mA_v1,177,1528.540000,1528.53859000,-1.410000,2.056000,2.074090833,0.879904,29.635067,171,1,144.998932,122.721863,0.811157,2.907715,20.985107,63351,53618,2658,2382,17191,,,,0,0,0,0,0
fullband_2001_145mA_v1,178,1528.560000,1528.55934000,-0.660000,2.056000,2.067404370,0.554687,28.858427,183,1,144.998932,128.130341,0.753479,2.937012,19.661865,63351,55981,2469,2406,16107,,,,0,0,0,0,0
fullband_2001_145mA_v1,179,1528.580000,1528.57892000,-1.080000,2.056000,2.047300078,-0.423148,27.077025,172,1,144.998932,131.627655,9.523010,3.024902,19.499512,63351,57509,31205,2478,15974,,,,0,0,0,0,0
fullband_2001_145mA_v1,180,1528.600000,1528.59984000,-0.160000,2.056000,2.044076823,-0.579921,25.551055,181,1,144.998932,130.803680,9.267578,2.922363,19.495850,63351,57149,30368,2394,15971,,,,0,0,0,0,0
fullband_2001_145mA_v1,181,1528.620000,1528.61924000,-0.760000,2.056000,2.063158674,0.348185,28.860721,176,1,144.998932,130.519867,2.855225,3.017578,19.499512,63351,57025,9356,2472,15974,,,,0,0,0,0,0
fullband_2001_145mA_v1,182,1528.640000,1528.63993000,-0.070000,2.056000,2.047207986,-0.427627,29.708930,168,1,144.998932,131.774139,2.751160,2.940674,19.497070,63351,57573,9015,2409,15972,,,,0,0,0,0,0
fullband_2001_145mA_v1,183,1528.660000,1528.65919000,-0.810000,2.056000,2.046750660,-0.449871,27.597768,165,1,144.998932,128.093719,0.449219,3.023682,19.550781,63351,55965,1472,2477,16016,,,,0,0,0,0,0
fullband_2001_145mA_v1,184,1528.680000,1528.68114000,1.140000,2.056000,2.104683309,2.367865,29.968045,187,1,144.998932,123.841095,0.418701,2.937012,19.493408,63351,54107,1372,2406,15969,,,,0,0,0,0,0
fullband_2001_145mA_v1,185,1528.700000,1528.69951000,-0.490000,2.056000,2.051977947,-0.195625,27.245452,175,1,144.998932,127.281189,6.961670,2.960205,18.010254,63351,55610,22812,2425,14754,,,,0,0,0,0,0
fullband_2001_145mA_v1,186,1528.720000,1528.71894000,-1.060000,2.056000,2.054431120,-0.076307,28.212598,185,1,144.998932,122.351074,1.989746,2.951660,18.009033,63351,53456,6520,2418,14753,,,,0,0,0,0,0
fullband_2001_145mA_v1,187,1528.740000,1528.73960000,-0.400000,2.056000,2.053598999,-0.116780,29.476789,176,1,144.998932,121.410370,1.465149,3.000488,21.099854,63351,53045,4801,2458,17285,,,,0,0,0,0,0
fullband_2001_145mA_v1,188,1528.760000,1528.75905000,-0.950000,2.056000,2.074327505,0.891416,31.188025,173,1,144.998932,119.883728,1.420288,2.921143,20.987549,63351,52378,4654,2393,17193,,,,0,0,0,0,0
fullband_2001_145mA_v1,189,1528.780000,1528.77985000,-0.150000,2.056000,2.038756600,-0.838687,31.557140,185,1,144.998932,119.682312,1.486816,3.023682,18.000488,63351,52290,4872,2477,14746,,,,0,0,0,0,0
fullband_2001_145mA_v1,190,1528.800000,1528.79913000,-0.870000,2.056000,2.055990876,-0.000444,29.395350,165,1,144.998932,120.009613,1.347961,3.020020,18.000488,63351,52433,4417,2474,14746,,,,0,0,0,0,0
fullband_2001_145mA_v1,191,1528.820000,1528.81915000,-0.850000,2.056000,2.052476905,-0.171357,30.680285,167,1,144.998932,120.483398,1.303711,2.955322,18.000488,63351,52640,4272,2421,14746,,,,0,0,0,0,0
fullband_2001_145mA_v1,192,1528.840000,1528.83851000,-1.490000,2.056000,2.060744868,0.230782,30.220125,167,1,144.998932,123.392487,1.029358,2.960205,19.495850,63351,53911,3373,2425,15971,,,,0,0,0,0,0
fullband_2001_145mA_v1,193,1528.860000,1528.85907000,-0.930000,2.056000,2.055819963,-0.008757,30.120233,161,1,144.998932,123.783875,1.009216,2.966309,18.000488,63351,54082,3307,2430,14746,,,,0,0,0,0,0
fullband_2001_145mA_v1,194,1528.880000,1528.87852000,-1.480000,2.056000,2.056376599,0.018317,30.261894,160,1,144.998932,130.723572,3.551331,3.012695,18.000488,63351,57114,11637,2468,14746,,,,0,0,0,0,0
fullband_2001_145mA_v1,195,1528.900000,1528.89892000,-1.080000,2.056000,2.059468160,0.168685,30.239985,176,1,144.998932,132.554626,3.320007,2.985840,18.000488,63351,57914,10879,2446,14746,,,,0,0,0,0,0
fullband_2001_145mA_v1,196,1528.920000,1528.91892000,-1.080000,2.056000,2.047660454,-0.405620,29.971647,183,1,144.998932,134.742737,9.500122,2.957764,18.049316,63351,58870,31130,2423,14786,,,,0,0,0,0,0
fullband_2001_145mA_v1,197,1528.940000,1528.93957000,-0.430000,2.056000,2.055792806,-0.010078,30.430908,164,1,144.998932,131.039429,0.741272,2.813721,18.043213,63351,57252,2429,2305,14781,,,,0,0,0,0,0
fullband_2001_145mA_v1,198,1528.960000,1528.95872000,-1.280000,2.056000,2.049320290,-0.324889,29.596363,169,1,144.998932,130.675507,3.095093,2.808838,17.993164,63351,57093,10142,2301,14740,,,,0,0,0,0,0
fullband_2001_145mA_v1,199,1528.980000,1528.97931000,-0.690000,2.056000,2.062505693,0.316425,29.507297,162,1,144.998932,127.823639,0.722656,2.662354,18.029785,63351,55847,2368,2181,14770,,,,0,0,0,0,0
fullband_2001_145mA_v1,200,1529.000000,1529.00023000,0.230000,2.056000,2.053107706,-0.140676,29.717029,168,1,144.998932,123.257446,3.088074,2.641602,17.982178,63351,53852,10119,2164,14731,,,,0,0,0,0,0
fullband_2001_145mA_v1,201,1529.020000,1529.01933000,-0.670000,2.056000,2.061832842,0.283699,28.887861,178,1,144.998932,122.602844,3.083801,2.539062,18.021240,63351,53566,10105,2080,14763,,,,0,0,0,0,0
fullband_2001_145mA_v1,202,1529.040000,1529.03909000,-0.910000,2.056000,2.037350959,-0.907055,28.774948,167,1,144.998932,122.051239,3.076782,2.427979,18.101807,63351,53325,10082,1989,14829,,,,0,0,0,0,0
fullband_2001_145mA_v1,203,1529.060000,1529.05905000,-0.950000,2.056000,2.053389760,-0.126957,29.840409,175,1,144.998932,118.455505,3.074341,2.316895,17.939453,63351,51754,10074,1898,14696,,,,0,0,0,0,0
fullband_2001_145mA_v1,204,1529.080000,1529.07939000,-0.610000,2.056000,2.054680811,-0.064163,28.760437,175,1,144.998932,119.471741,3.066101,2.167969,17.957764,63351,52198,10047,1776,14711,,,,0,0,0,0,0
fullband_2001_145mA_v1,205,1529.100000,1529.09891000,-1.090000,2.056000,2.059283070,0.159682,29.713208,157,1,144.998932,119.325256,3.042908,1.995850,17.894287,63351,52134,9971,1635,14659,,,,0,0,0,0,0
fullband_2001_145mA_v1,206,1529.120000,1529.11952000,-0.480000,2.056000,2.051842939,-0.202192,31.601866,173,1,144.998932,122.781372,2.872314,2.010498,17.810059,63351,53644,9412,1647,14590,,,,0,0,0,0,0
fullband_2001_145mA_v1,207,1529.140000,1529.13895000,-1.050000,2.056000,2.072460582,0.800612,28.522780,167,1,144.998932,129.686737,1.907043,29.948730,16.544189,63351,56661,6249,24534,13553,,,,0,0,0,0,0
fullband_2001_145mA_v1,208,1529.160000,1529.15973000,-0.270000,2.056000,2.047108681,-0.432457,31.861464,161,1,144.998932,132.627869,1.777344,29.998779,16.541748,63351,57946,5824,24575,13551,,,,0,0,0,0,0
fullband_2001_145mA_v1,209,1529.180000,1529.17969000,-0.310000,2.056000,2.040274520,-0.764858,28.797279,188,1,144.998932,130.796814,1.654663,29.903564,16.500244,63351,57146,5422,24497,13517,,,,0,0,0,0,0
fullband_2001_145mA_v1,210,1529.200000,1529.20043000,0.430000,2.056000,2.056918295,0.044664,30.555130,159,1,144.998932,132.257080,1.516724,29.978027,16.531982,63351,57784,4970,24558,13543,,,,0,0,0,0,0
fullband_2001_145mA_v1,211,1529.220000,1529.22006000,0.060000,2.056000,2.059938284,0.191551,25.814179,168,1,144.998932,131.401062,1.398010,29.978027,16.473389,63351,57410,4581,24558,13495,,,,0,0,0,0,0
fullband_2001_145mA_v1,212,1529.240000,1529.23967000,-0.330000,2.056000,2.053932458,-0.100561,25.429130,174,1,144.998932,128.627014,1.269531,29.998779,16.500244,63351,56198,4160,24575,13517,,,,0,0,0,0,0
fullband_2001_145mA_v1,213,1529.260000,1529.25873000,-1.270000,2.056000,2.053046935,-0.143632,26.467449,171,1,144.998932,129.064178,1.137695,29.998779,16.550293,63351,56389,3728,24575,13558,,,,0,0,0,0,0
fullband_2001_145mA_v1,214,1529.280000,1529.27911000,-0.890000,2.056000,2.035773834,-0.983763,29.798664,167,1,144.998932,126.583099,1.078796,29.897461,16.311035,63351,55305,3535,24492,13362,,,,0,0,0,0,0
fullband_2001_145mA_v1,215,1529.300000,1529.29974000,-0.260000,2.056000,2.053082650,-0.141894,31.069140,172,1,144.998932,121.769714,0.922546,29.948730,16.451416,63351,53202,3023,24534,13477,,,,0,0,0,0,0
fullband_2001_145mA_v1,216,1529.320000,1529.31909000,-0.910000,2.056000,2.057519709,0.073916,25.100401,170,1,144.998932,123.378754,1.017761,29.998779,15.150146,63351,53905,3335,24575,12411,,,,0,0,0,0,0
fullband_2001_145mA_v1,217,1529.340000,1529.33833000,-1.670000,2.056000,2.061385553,0.261943,27.580150,175,1,144.998932,122.561646,0.980530,29.739990,14.807129,63351,53548,3213,24363,12130,,,,0,0,0,0,0
fullband_2001_145mA_v1,218,1529.360000,1529.35932000,-0.680000,2.056000,2.035486667,-0.997730,26.329559,114,1,144.998932,117.002106,6.043701,1.457520,15.063477,63351,51119,19804,1194,12340,,,,0,0,0,0,0
fullband_2001_145mA_v1,219,1529.380000,1529.37886000,-1.140000,2.056000,2.069900245,0.676082,26.852880,175,1,144.998932,127.993011,9.999695,29.895020,14.841309,63351,55921,32767,24490,12158,,,,0,0,0,0,0
fullband_2001_145mA_v1,220,1529.400000,1529.39993000,-0.070000,2.056000,2.075041869,0.926161,29.279112,172,1,144.998932,121.067047,5.439148,1.528320,15.096436,63351,52895,17823,1252,12367,,,,0,0,0,0,0
fullband_2001_145mA_v1,221,1529.420000,1529.41951000,-0.490000,2.056000,2.056323478,0.015733,23.952888,136,1,144.998932,122.657776,5.372620,1.346436,14.949951,63351,53590,17605,1103,12247,,,,0,0,0,0,0
fullband_2001_145mA_v1,222,1529.440000,1529.43843000,-1.570000,2.056000,2.049540228,-0.314191,24.856119,171,1,144.998932,130.439758,9.889832,27.036133,14.865723,63351,56990,32407,22148,12178,,,,0,0,0,0,0
fullband_2001_145mA_v1,223,1529.460000,1529.45972000,-0.280000,2.056000,2.037067430,-0.920845,32.577975,159,1,144.998932,131.801605,2.486572,29.998779,15.050049,63351,57585,8148,24575,12329,,,,0,0,0,0,0
fullband_2001_145mA_v1,224,1529.480000,1529.47951000,-0.490000,2.056000,2.061731532,0.278771,29.479095,173,1,144.998932,130.439758,2.272644,29.962158,14.997559,63351,56990,7447,24545,12286,,,,0,0,0,0,0
fullband_2001_145mA_v1,225,1529.500000,1529.49860000,-1.400000,2.056000,2.048039601,-0.387179,27.505104,168,1,144.998932,134.161377,2.124329,29.965820,14.891357,63351,58616,6961,24548,12199,,,,0,0,0,0,0
fullband_2001_145mA_v1,226,1529.520000,1529.51900000,-1.000000,2.056000,2.052878182,-0.151839,26.188031,187,1,144.998932,131.943512,2.669983,26.999512,14.835205,63351,57647,8749,22118,12153,,,,0,0,0,0,0
fullband_2001_145mA_v1,227,1529.540000,1529.53950000,-0.500000,2.056000,2.055330581,-0.032559,24.048013,137,1,144.998932,131.719208,2.904053,26.755371,13.393555,63351,57549,9516,21918,10972,,,,0,0,0,0,0
fullband_2001_145mA_v1,228,1529.560000,1529.56000000,0.000000,2.056000,2.047177817,-0.429094,24.114780,52,1,144.998932,128.718567,2.854919,25.570068,13.078613,63351,56238,9355,20947,10714,,,,0,0,0,0,0
fullband_2001_145mA_v1,229,1529.580000,1529.57948000,-0.520000,2.056000,2.057123147,0.054628,25.279802,172,1,144.998932,127.702332,2.651062,25.500488,13.574219,63351,55794,8687,20890,11120,,,,0,0,0,0,0
fullband_2001_145mA_v1,230,1529.600000,1529.59988000,-0.120000,2.056000,2.065337160,0.454142,28.105096,167,1,144.998932,127.526093,2.498779,25.550537,13.549805,63351,55717,8188,20931,11100,,,,0,0,0,0,0
fullband_2001_145mA_v1,231,1529.620000,1529.61872000,-1.280000,2.056000,2.048567970,-0.361480,25.541494,164,1,144.998932,124.642181,2.427673,25.467529,13.126221,63351,54457,7955,20863,10753,,,,0,0,0,0,0
fullband_2001_145mA_v1,232,1529.640000,1529.63808000,-1.920000,2.056000,2.048990793,-0.340915,27.536495,176,1,144.998932,115.411377,2.227783,1.500244,15.100098,63351,50424,7300,1229,12370,,,,0,0,0,0,0
fullband_2001_145mA_v1,233,1529.660000,1529.65902000,-0.980000,2.056000,2.065770242,0.475206,28.469455,178,1,144.998932,116.324615,2.171021,1.445312,15.043945,63351,50823,7114,1184,12324,,,,0,0,0,0,0
fullband_2001_145mA_v1,234,1529.680000,1529.68101000,1.010000,2.056000,2.073101634,0.831792,33.102251,139,1,144.998932,124.076843,1.840515,25.550537,13.499756,63351,54210,6031,20931,11059,,,,0,0,0,0,0
fullband_2001_145mA_v1,235,1529.700000,1529.69830000,-1.700000,2.056000,2.050986648,-0.243840,25.362010,161,1,144.998932,121.719360,1.689758,25.500488,13.499756,63351,53180,5537,20890,11059,,,,0,0,0,0,0
fullband_2001_145mA_v1,236,1529.720000,1529.72004000,0.040000,2.056000,2.062689719,0.325375,26.607376,176,1,144.998932,126.084137,1.624146,25.397949,13.204346,63351,55087,5322,20806,10817,,,,0,0,0,0,0
fullband_2001_145mA_v1,237,1529.740000,1529.73951000,-0.490000,2.056000,2.039729988,-0.791343,31.687401,108,1,144.998932,131.302643,4.929810,26.882324,12.073975,63351,57367,16154,22022,9891,,,,0,0,0,0,0
fullband_2001_145mA_v1,238,1529.760000,1529.75945000,-0.550000,2.056000,2.046455112,-0.464246,26.566131,135,1,144.998932,127.317810,5.691833,24.171143,11.968994,63351,55626,18651,19801,9805,,,,0,0,0,0,0
fullband_2001_145mA_v1,239,1529.780000,1529.77839000,-1.610000,2.056000,2.057908197,0.092811,27.282225,167,1,144.998932,131.467438,5.433044,24.100342,11.999512,63351,57439,17803,19743,9830,,,,0,0,0,0,0
fullband_2001_145mA_v1,240,1529.800000,1529.79919000,-0.810000,2.056000,2.052333443,-0.178335,25.002003,169,1,144.998932,130.680084,5.170898,24.100342,11.999512,63351,57095,16944,19743,9830,,,,0,0,0,0,0
fullband_2001_145mA_v1,241,1529.820000,1529.81917000,-0.830000,2.056000,2.059556384,0.172976,25.906159,178,1,144.998932,131.421661,4.877625,24.200439,11.999512,63351,57419,15983,19825,9830,,,,0,0,0,2,5
fullband_2001_145mA_v1,242,1529.840000,1529.83923000,-0.770000,2.056000,2.056655446,0.031880,27.000287,157,1,144.998932,128.144073,4.747314,23.690186,11.829834,63351,55987,15556,19407,9691,,,,0,0,0,0,0
fullband_2001_145mA_v1,243,1529.860000,1529.85883000,-1.170000,2.056000,2.046718278,-0.451446,27.145463,172,1,144.998932,129.979706,0.668335,27.125244,11.988525,63351,56789,2190,22221,9821,,,,0,0,0,0,0
fullband_2001_145mA_v1,244,1529.880000,1529.87925000,-0.750000,2.056000,2.072938445,0.823854,29.143846,162,1,144.998932,125.882721,0.668335,26.613770,11.766357,63351,54999,2190,21802,9639,,,,0,0,0,0,0
fullband_2001_145mA_v1,245,1529.900000,1529.89840000,-1.600000,2.056000,2.051591486,-0.214422,25.300282,158,1,144.998932,123.268890,3.999939,23.825684,11.844482,63351,53857,13107,19518,9703,,,,0,0,0,0,0
fullband_2001_145mA_v1,246,1529.920000,1529.91999000,-0.010000,2.056000,2.053450276,-0.124014,24.803549,180,1,144.998932,117.176056,1.000061,22.517090,11.783447,63351,51195,3277,18446,9653,,,,0,0,0,0,0
fullband_2001_145mA_v1,247,1529.940000,1529.93838000,-1.620000,2.056000,2.053290383,-0.131791,26.093650,145,1,144.998932,126.965332,8.868103,25.385742,11.873779,63351,55472,29059,20796,9727,,,,0,0,0,0,0
fullband_2001_145mA_v1,248,1529.960000,1529.95978000,-0.220000,2.056000,2.048613013,-0.359289,32.099372,141,1,144.998932,120.783234,3.180847,24.112549,11.954346,63351,52771,10423,19753,9793,,,,0,0,0,0,0
fullband_2001_145mA_v1,249,1529.980000,1529.97855000,-1.450000,2.056000,2.052533372,-0.168610,32.410549,155,1,144.998932,122.110748,2.971497,24.050293,11.999512,63351,53351,9737,19702,9830,,,,0,0,0,0,0
fullband_2001_145mA_v1,250,1530.000000,1529.99993000,-0.070000,2.056000,2.050080350,-0.287921,27.943108,145,1,144.998932,124.889374,2.766724,23.975830,11.967773,63351,54565,9066,19641,9804,,,,0,0,0,0,0
fullband_2001_145mA_v1,251,1530.020000,1530.01869000,-1.310000,2.056000,2.052715308,-0.159761,29.873770,150,1,144.998932,123.946381,2.541199,24.000244,11.999512,63351,54153,8327,19661,9830,,,,0,0,0,0,0
fullband_2001_145mA_v1,252,1530.040000,1530.03817000,-1.830000,2.056000,2.063976504,0.387962,28.982752,134,1,144.998932,125.889587,2.336426,24.128418,11.900635,63351,55002,7656,19766,9749,,,,0,0,0,0,0
fullband_2001_145mA_v1,253,1530.060000,1530.05912000,-0.880000,2.056000,2.037372186,-0.906022,29.561778,148,1,144.998932,127.679443,2.120361,24.023438,11.964111,63351,55784,6948,19680,9801,,,,0,0,0,0,0
fullband_2001_145mA_v1,254,1530.080000,1530.07952000,-0.480000,2.056000,2.054827887,-0.057009,27.121674,143,1,144.998932,130.398560,2.000122,23.896484,11.866455,63351,56972,6554,19576,9721,,,,0,0,0,0,0
fullband_2001_145mA_v1,255,1530.100000,1530.09859000,-1.410000,2.056000,2.059412280,0.165967,25.533186,126,1,144.998932,122.831726,3.868103,0.000000,11.999512,63351,53666,12675,0,9830,,,,0,0,0,0,0
fullband_2001_145mA_v1,256,1530.120000,1530.11879000,-1.210000,2.056000,2.029637900,-1.282203,26.566654,149,1,144.998932,120.407867,3.605957,0.000000,11.999512,63351,52607,11816,0,9830,,,,0,0,0,0,0
fullband_2001_145mA_v1,257,1530.140000,1530.13896000,-1.040000,2.056000,2.044054241,-0.581019,32.220488,135,1,144.998932,119.373322,3.354797,0.000000,11.999512,63351,52155,10993,0,9830,,,,0,0,0,0,0
fullband_2001_145mA_v1,258,1530.160000,1530.16017000,0.170000,2.056000,2.049130691,-0.334110,32.087477,143,1,144.998932,117.230988,3.067932,0.253906,11.923828,63351,51219,10053,208,9768,,,,0,0,0,0,0
fullband_2001_145mA_v1,259,1530.180000,1530.17895000,-1.050000,2.056000,2.063159837,0.348241,26.582274,103,1,144.998932,125.695038,1.833801,22.750244,10.523682,63351,54917,6009,18637,8621,,,,0,0,0,0,0
fullband_2001_145mA_v1,260,1530.200000,1530.19882000,-1.180000,2.056000,2.046510367,-0.461558,26.534111,143,1,144.998932,120.634460,1.833801,22.199707,10.305176,63351,52706,6009,18186,8442,,,,0,0,0,0,0
fullband_2001_145mA_v1,261,1530.220000,1530.21998000,-0.020000,2.056000,2.048357338,-0.371725,24.474025,161,1,144.998932,117.240143,9.087524,0.103760,10.540771,63351,51223,29778,85,8635,,,,0,0,0,0,0
fullband_2001_145mA_v1,262,1530.240000,1530.23943000,-0.570000,2.056000,2.064764815,0.426304,24.366077,88,1,144.998932,115.017700,8.736267,0.000000,10.158691,63351,50252,28627,0,8322,,,,0,0,0,0,0
fullband_2001_145mA_v1,263,1530.260000,1530.25872000,-1.280000,2.056000,2.043628836,-0.601710,27.827219,142,1,144.998932,118.061829,1.352234,22.247314,10.258789,63351,51582,4431,18225,8404,,,,0,0,0,0,0
fullband_2001_145mA_v1,264,1530.280000,1530.27937000,-0.630000,2.056000,2.046595699,-0.457408,31.636653,111,1,144.998932,118.977356,0.000000,22.292480,10.330811,63351,51982,0,18262,8463,,,,0,0,0,0,0
fullband_2001_145mA_v1,265,1530.300000,1530.29967000,-0.330000,2.056000,2.050866447,-0.249686,33.258655,152,1,144.998932,123.612213,5.000000,20.952148,10.301514,63351,54007,16384,17164,8439,,,,0,0,0,0,0
fullband_2001_145mA_v1,266,1530.320000,1530.31924000,-0.760000,2.056000,2.045325604,-0.519183,26.415603,158,1,144.998932,119.860840,1.421814,19.499512,10.500488,63351,52368,4659,15974,8602,,,,0,0,0,0,0
fullband_2001_145mA_v1,267,1530.340000,1530.33988000,-0.120000,2.056000,2.066381371,0.504931,25.996225,169,1,144.998932,121.554565,1.381226,19.449463,10.214844,63351,53108,4526,15933,8368,,,,0,0,0,0,0
fullband_2001_145mA_v1,268,1530.360000,1530.35979000,-0.210000,2.056000,2.062311934,0.307001,25.765633,175,1,144.998932,126.324463,1.381226,19.149170,9.713135,63351,55192,4526,15687,7957,,,,0,0,0,0,0
fullband_2001_145mA_v1,269,1530.380000,1530.37915000,-0.850000,2.056000,2.053902550,-0.102016,26.708872,143,1,144.998932,125.061035,1.088867,19.549561,10.500488,63351,54640,3568,16015,8602,,,,0,0,0,0,0
fullband_2001_145mA_v1,270,1530.400000,1530.39972000,-0.280000,2.056000,2.070287248,0.694905,26.842525,145,1,144.998932,124.314880,1.039124,19.501953,10.286865,63351,54314,3405,15976,8427,,,,0,0,0,0,0
fullband_2001_145mA_v1,271,1530.420000,1530.42053000,0.530000,2.056000,2.072064580,0.781351,29.619979,99,1,144.998932,120.419312,1.087341,0.050049,10.500488,63351,52612,3563,41,8602,,,,0,0,0,0,0
fullband_2001_145mA_v1,272,1530.440000,1530.43960000,-0.400000,2.056000,2.039793920,-0.788233,29.816795,135,1,144.998932,117.881012,1.001892,0.040283,10.156250,63351,51503,3283,33,8320,,,,0,0,0,0,0
fullband_2001_145mA_v1,273,1530.460000,1530.45896000,-1.040000,2.056000,2.051875118,-0.200627,24.658869,22,1,144.998932,118.528748,4.156189,0.000000,9.165039,63351,51786,13619,0,7508,,,,0,0,0,0,0
fullband_2001_145mA_v1,274,1530.480000,1530.48024000,0.240000,2.056000,2.070825523,0.721086,27.902117,166,1,144.998932,116.356659,0.966492,18.094482,9.125977,63351,50837,3167,14823,7476,,,,0,0,0,0,0
fullband_2001_145mA_v1,275,1530.500000,1530.49958000,-0.420000,2.056000,2.075392304,0.943205,28.507279,172,1,144.998932,119.570160,3.479919,19.329834,9.012451,63351,52241,11403,15835,7383,,,,0,0,0,0,0
fullband_2001_145mA_v1,276,1530.520000,1530.51893000,-1.070000,2.056000,2.056619257,0.030120,24.714667,174,1,144.998932,123.763275,9.999695,19.230957,8.922119,63351,54073,32767,15754,7309,,,,0,0,0,0,0
fullband_2001_145mA_v1,277,1530.540000,1530.54075000,0.750000,2.056000,2.091619042,1.732444,27.337403,173,1,144.998932,116.299438,0.754395,18.151855,9.069824,63351,50812,2472,14870,7430,,,,0,0,0,0,0
fullband_2001_145mA_v1,278,1530.560000,1530.55846000,-1.540000,2.056000,2.054568811,-0.069610,24.172567,184,1,144.998932,118.460083,0.696716,18.100586,9.000244,63351,51756,2283,14828,7373,,,,0,0,0,0,0
fullband_2001_145mA_v1,279,1530.580000,1530.57923000,-0.770000,2.056000,2.047036022,-0.435991,24.743929,171,1,144.998932,116.246796,0.634460,18.050537,9.000244,63351,50789,2079,14787,7373,,,,0,0,0,0,0
fullband_2001_145mA_v1,280,1530.600000,1530.59900000,-1.000000,2.056000,2.048672595,-0.356391,24.693913,178,1,144.998932,116.528320,0.621033,17.696533,8.688965,63351,50912,2035,14497,7118,,,,0,0,0,0,0
fullband_2001_145mA_v1,281,1530.620000,1530.61951000,-0.490000,2.056000,2.061421541,0.263694,31.752095,132,1,144.998932,126.983643,2.294922,19.329834,8.863525,63351,55480,7520,15835,7261,,,,0,0,0,0,0
fullband_2001_145mA_v1,282,1530.640000,1530.63918000,-0.820000,2.056000,2.059407168,0.165718,26.834027,135,1,144.998932,121.680450,0.454407,18.023682,8.913574,63351,53163,1489,14765,7302,,,,0,0,0,0,0
fullband_2001_145mA_v1,283,1530.660000,1530.65877000,-1.230000,2.056000,2.051063268,-0.240113,26.202002,161,1,144.998932,125.738525,0.432434,17.794189,8.709717,63351,54936,1417,14577,7135,,,,0,0,0,0,0
fullband_2001_145mA_v1,284,1530.680000,1530.67978000,-0.220000,2.056000,2.050470880,-0.268926,32.024936,144,1,144.998932,131.661987,5.499878,19.477539,8.923340,63351,57524,18022,15956,7310,,,,0,0,0,0,0
fullband_2001_145mA_v1,285,1530.700000,1530.69842000,-1.580000,2.056000,2.067480166,0.558374,32.725987,117,1,144.998932,128.086853,1.499939,19.423828,8.826904,63351,55962,4915,15912,7231,,,,0,0,0,0,0
fullband_2001_145mA_v1,286,1530.720000,1530.71984000,-0.160000,2.056000,2.054772454,-0.059706,27.245298,117,1,144.998932,123.177338,0.175476,18.107910,9.090576,63351,53817,575,14834,7447,,,,0,0,0,0,0
fullband_2001_145mA_v1,287,1530.740000,1530.73934000,-0.660000,2.056000,2.035978577,-0.973805,32.124477,123,1,144.998932,118.613434,0.136108,18.050537,9.000244,63351,51823,446,14787,7373,,,,0,0,0,0,0
fullband_2001_145mA_v1,288,1530.760000,1530.75956000,-0.440000,2.056000,2.048439204,-0.367743,27.121217,122,1,144.998932,118.656921,0.118408,17.843018,8.812256,63351,51842,388,14617,7219,,,,0,0,0,0,0
fullband_2001_145mA_v1,289,1530.780000,1530.78107000,1.070000,2.056000,2.054286409,-0.083346,30.495963,129,1,144.998932,119.403076,5.246582,18.122559,7.536621,63351,52168,17192,14846,6174,,,,0,0,0,0,0
fullband_2001_145mA_v1,290,1530.800000,1530.79989000,-0.110000,2.056000,2.039805127,-0.787688,26.301309,138,1,144.998932,119.029999,5.166931,17.834473,7.581787,63351,52005,16931,14610,6211,,,,0,0,0,0,0
fullband_2001_145mA_v1,291,1530.820000,1530.81871000,-1.290000,2.056000,2.053514879,-0.120872,25.319397,179,1,144.998932,115.292358,5.696716,16.586914,7.452393,63351,50372,18667,13588,6105,,,,0,0,0,0,0
fullband_2001_145mA_v1,292,1530.840000,1530.83890000,-1.100000,2.056000,2.053961648,-0.099142,27.856219,125,1,144.998932,115.809631,5.387268,16.657715,7.518311,63351,50598,17653,13646,6159,,,,0,0,0,0,0
fullband_2001_145mA_v1,293,1530.860000,1530.85960000,-0.400000,2.056000,2.059579147,0.174083,33.716951,126,1,144.998932,117.958832,5.097656,16.672363,7.485352,63351,51537,16704,13658,6132,,,,0,0,0,0,0
fullband_2001_145mA_v1,294,1530.880000,1530.87906000,-0.940000,2.056000,2.049267913,-0.327436,26.293992,129,1,144.998932,116.773224,4.836731,16.597900,7.500000,63351,51019,15849,13597,6144,,,,0,0,0,0,0
fullband_2001_145mA_v1,295,1530.900000,1530.89949000,-0.510000,2.056000,2.052687535,-0.161112,26.951528,161,1,144.998932,119.458008,4.767456,16.258545,7.500000,63351,52192,15622,13319,6144,,,,0,0,0,0,0
fullband_2001_145mA_v1,296,1530.920000,1530.92042000,0.420000,2.056000,2.035088977,-1.017073,33.175816,126,1,144.998932,122.119904,3.999939,16.411133,8.269043,63351,53355,13107,13444,6774,,,,0,0,0,0,0
fullband_2001_145mA_v1,297,1530.940000,1530.93978000,-0.220000,2.056000,2.053124517,-0.139858,24.912868,189,1,144.998932,125.340271,4.744568,15.117188,7.590332,63351,54762,15547,12384,6218,,,,0,0,0,0,0
fullband_2001_145mA_v1,298,1530.960000,1530.95827000,-1.730000,2.056000,2.046615953,-0.456423,30.292856,163,1,144.998932,123.852539,4.545288,15.113525,7.561035,63351,54112,14894,12381,6194,,,,0,0,0,0,0
fullband_2001_145mA_v1,299,1530.980000,1530.97950000,-0.500000,2.056000,2.048670373,-0.356499,27.912340,187,1,144.998932,124.578094,4.471436,14.707031,7.282715,63351,54429,14652,12048,5966,,,,0,0,0,0,0
fullband_2001_145mA_v1,300,1531.000000,1530.99985000,-0.150000,2.056000,2.037661440,-0.891953,25.197349,164,1,144.998932,119.801331,1.050110,14.605713,7.230225,63351,52342,3441,11965,5923,,,,0,0,0,0,0
fullband_2001_145mA_v1,301,1531.020000,1531.01900000,-1.000000,2.056000,2.050875406,-0.249251,28.230300,171,1,144.998932,122.985077,3.999939,14.893799,7.355957,63351,53733,13107,12201,6026,,,,0,0,0,0,0
fullband_2001_145mA_v1,302,1531.040000,1531.03943000,-0.570000,2.056000,2.075360526,0.941660,29.076519,142,1,144.998932,126.608276,2.999878,16.386719,7.458496,63351,55316,9830,13424,6110,,,,0,0,0,0,0
fullband_2001_145mA_v1,303,1531.060000,1531.05848000,-1.520000,2.056000,2.044400912,-0.564158,27.201266,141,1,144.998932,120.744324,3.525085,14.976807,7.384033,63351,52754,11551,12269,6049,,,,0,0,0,0,0
fullband_2001_145mA_v1,304,1531.080000,1531.07898000,-1.020000,2.056000,2.047557941,-0.410606,25.301981,127,1,144.998932,120.114899,9.657288,14.980469,7.465820,63351,52479,31645,12272,6116,,,,0,0,0,0,0
fullband_2001_145mA_v1,305,1531.100000,1531.09937000,-0.630000,2.056000,2.041401967,-0.710021,25.923235,141,1,144.998932,116.757202,9.115906,15.000000,7.415771,63351,51012,29871,12288,6075,,,,0,0,0,0,0
fullband_2001_145mA_v1,306,1531.120000,1531.11843000,-1.570000,2.056000,2.061825308,0.283332,28.278858,125,1,144.998932,117.590332,8.999939,14.826660,7.215576,63351,51376,29491,12146,5911,,,,0,0,0,0,0
fullband_2001_145mA_v1,307,1531.140000,1531.13880000,-1.200000,2.056000,2.049383569,-0.321811,30.276891,133,1,144.998932,116.262817,2.476501,15.079346,7.468262,63351,50796,8115,12353,6118,,,,0,0,0,0,0
fullband_2001_145mA_v1,308,1531.160000,1531.15952000,-0.480000,2.056000,2.057376851,0.066967,24.916599,97,1,144.998932,115.303802,2.247009,15.000000,7.500000,63351,50377,7363,12288,6144,,,,0,0,0,0,0
fullband_2001_145mA_v1,309,1531.180000,1531.17951000,-0.490000,2.056000,2.070298088,0.695432,33.977955,143,1,144.998932,119.659424,2.206116,14.976807,7.309570,63351,52280,7229,12269,5988,,,,0,0,0,0,0
fullband_2001_145mA_v1,310,1531.200000,1531.19860000,-1.400000,2.056000,2.052903164,-0.150624,26.883743,141,1,144.998932,120.444489,6.133728,15.059814,7.438965,63351,52623,20099,12337,6094,,,,0,0,0,0,0
fullband_2001_145mA_v1,311,1531.220000,1531.22005000,0.050000,2.056000,2.057420875,0.069109,32.799629,139,1,144.998932,120.952606,6.000061,14.918213,7.298584,63351,52845,19661,12221,5979,,,,0,0,0,0,0
fullband_2001_145mA_v1,312,1531.240000,1531.23872000,-1.280000,2.056000,2.063973334,0.387808,29.040333,152,1,144.998932,121.925354,1.701965,14.807129,7.232666,63351,53270,5577,12130,5925,,,,0,0,0,0,0
fullband_2001_145mA_v1,313,1531.260000,1531.25929000,-0.710000,2.056000,2.063006536,0.340785,29.581477,167,1,144.998932,122.678375,7.500000,13.446045,6.091309,63351,53599,24576,11015,4990,,,,0,0,0,0,0
fullband_2001_145mA_v1,314,1531.280000,1531.27925000,-0.750000,2.056000,2.061665906,0.275579,26.002965,148,1,144.998932,125.695038,5.555115,15.050049,6.049805,63351,54917,18203,12329,4956,,,,0,0,0,0,0
fullband_2001_145mA_v1,315,1531.300000,1531.29977000,-0.230000,2.056000,2.072796611,0.816956,29.534072,131,1,144.998932,127.917480,5.374756,14.890137,6.036377,63351,55888,17612,12198,4945,,,,0,0,0,0,0
fullband_2001_145mA_v1,316,1531.320000,1531.31838000,-1.620000,2.056000,2.056221160,0.010757,25.717715,157,1,144.998932,119.618225,1.846008,13.599854,5.999756,63351,52262,6049,11141,4915,,,,0,0,0,0,0
fullband_2001_145mA_v1,317,1531.340000,1531.34057000,0.570000,2.056000,2.041640475,-0.698420,32.662636,156,1,144.998932,117.475891,1.705322,13.570557,6.002197,63351,51326,5588,11117,4917,,,,0,0,0,0,0
fullband_2001_145mA_v1,318,1531.360000,1531.35970000,-0.300000,2.056000,2.048043534,-0.386988,26.578326,121,1,144.998932,112.911987,1.553955,13.599854,5.999756,63351,49332,5092,11141,4915,,,,0,0,0,0,0
fullband_2001_145mA_v1,319,1531.380000,1531.37982000,-0.180000,2.056000,2.047599279,-0.408595,30.722105,143,1,144.998932,114.727020,1.428223,13.549805,6.049805,63351,50125,4680,11100,4956,,,,0,0,0,0,0
fullband_2001_145mA_v1,320,1531.400000,1531.39890000,-1.100000,2.056000,2.058833466,0.137814,26.074638,149,1,144.998932,110.158539,1.412048,13.231201,5.919189,63351,48129,4627,10839,4849,,,,0,0,0,0,0
fullband_2001_145mA_v1,321,1531.420000,1531.42018000,0.180000,2.056000,2.057031125,0.050152,24.785590,172,1,144.998932,114.878082,5.506287,11.999512,5.999756,63351,50191,18043,9830,4915,,,,0,0,0,0,0
fullband_2001_145mA_v1,322,1531.440000,1531.44015000,0.150000,2.056000,2.075309060,0.939157,28.269045,161,1,144.998932,114.070129,1.426086,11.986084,5.972900,63351,49838,4673,9819,4893,,,,0,0,0,0,0
fullband_2001_145mA_v1,323,1531.460000,1531.45929000,-0.710000,2.056000,2.072250189,0.790379,23.542335,77,1,144.998932,114.884949,5.137939,11.614990,5.720215,63351,50194,16836,9515,4686,,,,0,0,0,0,0
fullband_2001_145mA_v1,324,1531.480000,1531.47896000,-1.040000,2.056000,2.058318128,0.112749,28.609103,161,1,144.998932,121.728516,3.658142,13.649902,6.033936,63351,53184,11987,11182,4943,,,,0,0,0,0,0
fullband_2001_145mA_v1,325,1531.500000,1531.49931000,-0.690000,2.056000,2.065107914,0.442992,28.593150,163,1,144.998932,119.819641,3.515015,13.540039,5.993652,63351,52350,11518,11092,4910,,,,0,0,0,0,0
fullband_2001_145mA_v1,326,1531.520000,1531.51998000,-0.020000,2.056000,2.063837598,0.381206,31.914451,160,1,144.998932,123.003387,3.500061,13.360596,5.870361,63351,53741,11469,10945,4809,,,,0,0,0,0,0
fullband_2001_145mA_v1,327,1531.540000,1531.53831000,-1.690000,2.056000,2.075798458,0.962960,29.174214,162,1,144.998932,117.663574,1.000061,11.910400,5.804443,63351,51408,3277,9757,4755,,,,0,0,0,0,0
fullband_2001_145mA_v1,328,1531.560000,1531.55996000,-0.040000,2.056000,2.066126952,0.492556,32.191107,144,1,144.998932,123.092651,0.516968,13.516846,5.955811,63351,53780,1694,11073,4879,,,,0,0,0,0,0
fullband_2001_145mA_v1,329,1531.580000,1531.57908000,-0.920000,2.056000,2.063560594,0.367733,29.211285,170,1,144.998932,122.428894,0.499878,13.330078,5.855713,63351,53490,1638,10920,4797,,,,0,0,0,0,0
fullband_2001_145mA_v1,330,1531.600000,1531.60000000,0.000000,2.056000,2.059671568,0.178578,32.627675,169,1,144.998932,122.563934,3.500061,11.934814,5.805664,63351,53549,11469,9777,4756,,,,0,0,0,0,0
fullband_2001_145mA_v1,331,1531.620000,1531.61993000,-0.070000,2.056000,2.059649653,0.177512,28.900705,163,1,144.998932,120.053101,9.165039,12.016602,5.999756,63351,52452,30032,9844,4915,,,,0,0,0,0,0
fullband_2001_145mA_v1,332,1531.640000,1531.63942000,-0.580000,2.056000,2.057038253,0.050499,27.842884,175,1,144.998932,120.673370,8.999939,11.920166,5.848389,63351,52723,29491,9765,4791,,,,0,0,0,0,0
fullband_2001_145mA_v1,333,1531.660000,1531.66059000,0.590000,2.056000,2.081817764,1.255728,30.097441,166,1,144.998932,113.085938,0.499878,11.839600,5.767822,63351,49408,1638,9699,4725,,,,0,0,0,0,0
fullband_2001_145mA_v1,334,1531.680000,1531.67845000,-1.550000,2.056000,2.064290638,0.403241,30.974612,154,1,144.998932,114.868927,2.500000,11.928711,5.802002,63351,50187,8192,9772,4753,,,,0,0,0,0,0
fullband_2001_145mA_v1,335,1531.700000,1531.69867000,-1.330000,2.056000,2.056608275,0.029585,25.273662,171,1,144.998932,112.767792,2.500000,11.755371,5.604248,63351,49269,8192,9630,4591,,,,0,0,0,0,0
fullband_2001_145mA_v1,336,1531.720000,1531.71999000,-0.010000,2.056000,2.054111013,-0.091877,29.178830,145,1,144.998932,113.607788,2.500000,11.590576,5.386963,63351,49636,8192,9495,4413,,,,0,0,0,0,0
fullband_2001_145mA_v1,337,1531.740000,1531.73877000,-1.230000,2.056000,2.062889589,0.335097,28.334751,163,1,144.998932,113.612366,0.249329,12.081299,5.413818,63351,49638,817,9897,4435,,,,0,0,0,0,0
fullband_2001_145mA_v1,338,1531.760000,1531.75865000,-1.350000,2.056000,2.063417441,0.360770,25.848786,156,1,144.998932,112.909698,0.249939,11.909180,5.214844,63351,49331,819,9756,4272,,,,0,0,0,0,0
fullband_2001_145mA_v1,339,1531.780000,1531.77946000,-0.540000,2.056000,2.040748204,-0.741819,32.399121,146,1,144.998932,113.756561,0.249939,11.674805,5.076904,63351,49701,819,9564,4159,,,,0,0,0,0,0
fullband_2001_145mA_v1,340,1531.800000,1531.80035000,0.350000,2.056000,2.064344084,0.405841,33.035236,153,1,144.998932,116.564941,0.249939,11.414795,4.912109,63351,50928,819,9351,4024,,,,0,0,0,0,0
fullband_2001_145mA_v1,341,1531.820000,1531.81971000,-0.290000,2.056000,2.055199388,-0.038940,25.768059,159,1,144.998932,118.453217,6.953430,10.671387,4.414062,63351,51753,22785,8742,3616,,,,0,0,0,0,0
fullband_2001_145mA_v1,342,1531.840000,1531.84005000,0.050000,2.056000,2.044568361,-0.556014,24.357540,177,1,144.998932,121.190643,6.776123,10.633545,4.532471,63351,52949,22204,8711,3713,,,,0,0,0,0,0
fullband_2001_145mA_v1,343,1531.860000,1531.85998000,-0.020000,2.056000,2.050045178,-0.289631,24.837031,180,1,144.998932,121.607208,6.743469,10.311279,4.644775,63351,53131,22097,8447,3805,,,,0,0,0,0,0
fullband_2001_145mA_v1,344,1531.880000,1531.87977000,-0.230000,2.056000,2.056437463,0.021277,31.630733,178,1,144.998932,115.260315,1.762085,10.600586,4.549561,63351,50358,5774,8684,3727,,,,0,0,0,0,0
fullband_2001_145mA_v1,345,1531.900000,1531.89931000,-0.690000,2.056000,2.051511680,-0.218303,26.934485,163,1,144.998932,116.896820,1.762085,10.180664,4.575195,63351,51073,5774,8340,3748,,,,0,0,0,0,0
fullband_2001_145mA_v1,346,1531.920000,1531.92000000,0.000000,2.056000,2.050534270,-0.265843,26.594687,170,1,144.998932,116.095734,1.491699,10.561523,4.497070,63351,50723,4888,8652,3684,,,,0,0,0,0,0
fullband_2001_145mA_v1,347,1531.940000,1531.93918000,-0.820000,2.056000,2.036968392,-0.925662,29.740424,156,1,144.998932,111.815643,1.360779,10.550537,4.499512,63351,48853,4459,8643,3686,,,,0,0,0,0,0
fullband_2001_145mA_v1,348,1531.960000,1531.95888000,-1.120000,2.056000,2.052749798,-0.158084,29.670293,170,1,144.998932,111.435699,1.352539,10.234375,4.449463,63351,48687,4432,8384,3645,,,,0,0,0,0,0
fullband_2001_145mA_v1,349,1531.980000,1531.98030000,0.300000,2.056000,2.061780487,0.281152,30.416324,169,1,144.998932,109.945679,5.050049,9.962158,4.434814,63351,48036,16548,8161,3633,,,,0,0,0,0,0
fullband_2001_145mA_v1,350,1532.000000,1531.99899000,-1.010000,2.056000,2.058927916,0.142408,28.473687,163,1,144.998932,110.302734,0.992126,10.565186,4.534912,63351,48192,3251,8655,3715,,,,0,0,0,0,0
fullband_2001_145mA_v1,351,1532.020000,1532.01996000,-0.040000,2.056000,2.055628754,-0.018057,29.403088,171,1,144.998932,110.382843,0.899048,10.545654,4.473877,63351,48227,2946,8639,3665,,,,0,0,0,0,0
fullband_2001_145mA_v1,352,1532.040000,1532.03997000,-0.030000,2.056000,2.047360424,-0.420213,33.702473,157,1,144.998932,111.646271,0.804138,10.573730,4.459229,63351,48779,2635,8662,3653,,,,0,0,0,0,0
fullband_2001_145mA_v1,353,1532.060000,1532.06019000,0.190000,2.056000,2.055973715,-0.001278,31.521534,176,1,144.998932,114.129639,0.801086,10.313721,4.393311,63351,49864,2625,8449,3599,,,,0,0,0,0,0
fullband_2001_145mA_v1,354,1532.080000,1532.07880000,-1.200000,2.056000,2.046307641,-0.471418,25.794588,177,1,144.998932,114.138794,4.447327,8.909912,4.289551,63351,49868,14573,7299,3514,,,,0,0,0,0,0
fullband_2001_145mA_v1,355,1532.100000,1532.09967000,-0.330000,2.056000,2.067515442,0.560090,32.092940,162,1,144.998932,116.038513,0.920105,9.185791,4.471436,63351,50698,3015,7525,3663,,,,0,0,0,0,0
fullband_2001_145mA_v1,356,1532.120000,1532.11895000,-1.050000,2.056000,2.049188769,-0.331286,28.468332,164,1,144.998932,114.743042,0.840454,9.128418,4.460449,63351,50132,2754,7478,3654,,,,0,0,0,0,0
fullband_2001_145mA_v1,357,1532.140000,1532.13964000,-0.360000,2.056000,2.060209052,0.204720,29.665441,158,1,144.998932,116.686249,0.757446,9.050293,4.499512,63351,50981,2482,7414,3686,,,,0,0,0,0,0
fullband_2001_145mA_v1,358,1532.160000,1532.16002000,0.020000,2.056000,2.053752249,-0.109326,31.496632,164,1,144.998932,115.928650,0.681458,9.036865,4.472656,63351,50650,2233,7403,3664,,,,0,0,0,0,0
fullband_2001_145mA_v1,359,1532.180000,1532.17912000,-0.880000,2.056000,2.052593281,-0.165696,28.286684,177,1,144.998932,113.388062,0.595093,9.050293,4.499512,63351,49540,1950,7414,3686,,,,0,0,0,0,0
fullband_2001_145mA_v1,360,1532.200000,1532.20000000,-0.000000,2.056000,2.062933146,0.337215,28.048640,155,1,144.998932,115.349579,0.580139,8.914795,4.340820,63351,50397,1901,7303,3556,,,,0,0,0,0,0
fullband_2001_145mA_v1,361,1532.220000,1532.22005000,0.050000,2.056000,2.059385312,0.164655,31.447986,164,1,144.998932,112.163544,2.576599,9.075928,4.499512,63351,49005,8443,7435,3686,,,,0,0,0,0,0
fullband_2001_145mA_v1,362,1532.240000,1532.23907000,-0.930000,2.056000,2.044378109,-0.565267,28.301132,169,1,144.998932,111.914062,2.570801,9.235840,4.158936,63351,48896,8424,7566,3407,,,,0,0,0,0,0
fullband_2001_145mA_v1,363,1532.260000,1532.25993000,-0.070000,2.056000,2.064166887,0.397222,32.315875,162,1,144.998932,114.603424,8.750000,8.641357,4.031982,63351,50071,28672,7079,3303,,,,0,0,0,0,0
fullband_2001_145mA_v1,364,1532.280000,1532.28045000,0.450000,2.056000,2.058597178,0.126322,28.724926,151,1,144.998932,115.459442,7.000122,9.483643,3.843994,63351,50445,22938,7769,3149,,,,0,0,0,0,0
fullband_2001_145mA_v1,365,1532.300000,1532.29818000,-1.820000,2.056000,2.066932738,0.531748,32.317453,154,1,144.998932,109.851837,2.500000,8.511963,3.913574,63351,47995,8192,6973,3206,,,,0,0,0,0,0
fullband_2001_145mA_v1,366,1532.320000,1532.31897000,-1.030000,2.056000,2.052610835,-0.164843,29.202015,167,1,144.998932,109.357452,2.500000,8.266602,3.696289,63351,47779,8192,6772,3028,,,,0,0,0,0,0
fullband_2001_145mA_v1,367,1532.340000,1532.33930000,-0.700000,2.056000,2.048261680,-0.376377,26.947499,170,1,144.998932,111.131287,7.000122,8.750000,3.554688,63351,48554,22938,7168,2912,,,,0,0,0,0,0
fullband_2001_145mA_v1,368,1532.360000,1532.36022000,0.220000,2.056000,2.062980838,0.339535,31.558563,151,1,144.998932,112.582397,2.000122,8.560791,3.730469,63351,49188,6554,7013,3056,,,,0,0,0,0,0
fullband_2001_145mA_v1,369,1532.380000,1532.37873000,-1.270000,2.056000,2.055646135,-0.017211,30.531765,148,1,144.998932,115.839386,5.249939,9.218750,3.724365,63351,50611,17203,7552,3051,,,,0,0,0,0,0
fullband_2001_145mA_v1,370,1532.400000,1532.40079000,0.790000,2.056000,2.042561525,-0.653622,32.133331,158,1,144.998932,114.191437,1.708069,8.214111,3.918457,63351,49891,5597,6729,3210,,,,0,0,0,0,0
fullband_2001_145mA_v1,371,1532.420000,1532.42010000,0.100000,2.056000,2.036610971,-0.943046,32.562061,153,1,144.998932,114.690399,1.486206,8.709717,3.278809,63351,50109,4870,7135,2686,,,,0,0,0,0,0
fullband_2001_145mA_v1,372,1532.440000,1532.43954000,-0.460000,2.056000,2.049101187,-0.335545,31.892408,155,1,144.998932,116.409302,1.391296,8.240967,3.901367,63351,50860,4559,6751,3196,,,,0,0,0,0,0
fullband_2001_145mA_v1,373,1532.460000,1532.45937000,-0.630000,2.056000,2.056984873,0.047902,31.935835,157,1,144.998932,115.175629,0.983276,8.631592,4.000244,63351,50321,3222,7071,3277,,,,0,0,0,0,0
fullband_2001_145mA_v1,374,1532.480000,1532.47980000,-0.200000,2.056000,2.052187212,-0.185447,31.658294,163,1,144.998932,114.505005,0.996704,8.311768,4.000244,63351,50028,3266,6809,3277,,,,0,0,0,0,0
fullband_2001_145mA_v1,375,1532.500000,1532.49955000,-0.450000,2.056000,2.047899363,-0.394000,32.712257,157,1,144.998932,110.369110,1.180725,7.810059,3.833008,63351,48221,3869,6398,3140,,,,0,0,0,0,0
fullband_2001_145mA_v1,376,1532.520000,1532.51938000,-0.620000,2.056000,2.065038662,0.439624,29.681818,167,1,144.998932,111.538696,1.180725,7.714844,3.675537,63351,48732,3869,6320,3011,,,,0,0,0,0,0
fullband_2001_145mA_v1,377,1532.540000,1532.53997000,-0.030000,2.056000,2.053275306,-0.132524,32.252730,169,1,144.998932,107.613373,5.000000,7.446289,3.066406,63351,47017,16384,6100,2512,,,,0,0,0,0,0
fullband_2001_145mA_v1,378,1532.560000,1532.55898000,-1.020000,2.056000,2.040166439,-0.770115,30.423888,160,1,144.998932,109.261322,4.049988,7.857666,3.623047,63351,47737,13271,6437,2968,,,,0,0,0,0,0
fullband_2001_145mA_v1,379,1532.580000,1532.57888000,-1.120000,2.056000,2.058916415,0.141849,27.944180,170,1,144.998932,107.908630,4.500122,7.481689,3.054199,63351,47146,14746,6129,2502,,,,0,0,0,0,0
fullband_2001_145mA_v1,380,1532.600000,1532.59834000,-1.660000,2.056000,2.061258972,0.255787,33.028258,149,1,144.998932,106.720734,1.109009,7.053223,3.259277,63351,46627,3634,5778,2670,,,,0,0,0,0,0
fullband_2001_145mA_v1,381,1532.620000,1532.61975000,-0.250000,2.056000,2.060284670,0.208398,30.400033,151,1,144.998932,106.054688,1.032410,6.978760,3.231201,63351,46336,3383,5717,2647,,,,0,0,0,0,0
fullband_2001_145mA_v1,382,1532.640000,1532.63806000,-1.940000,2.056000,2.067093684,0.539576,26.495102,173,1,144.998932,108.453369,0.956726,7.006836,3.194580,63351,47384,3135,5740,2617,,,,0,0,0,0,0
fullband_2001_145mA_v1,383,1532.660000,1532.65958000,-0.420000,2.056000,2.047167169,-0.429612,34.565011,165,1,144.998932,108.098602,0.956421,6.750488,2.960205,63351,47229,3134,5530,2425,,,,0,0,0,0,0
fullband_2001_145mA_v1,384,1532.680000,1532.68019000,0.190000,2.056000,2.057890153,0.091933,28.413734,157,1,144.998932,116.006470,3.500061,7.380371,2.983398,63351,50684,11469,6046,2444,,,,0,0,0,0,0
fullband_2001_145mA_v1,385,1532.700000,1532.69896000,-1.040000,2.056000,2.049448313,-0.318662,28.780692,147,1,144.998932,112.218475,0.716553,6.922607,3.172607,63351,49029,2348,5671,2599,,,,0,0,0,0,0
fullband_2001_145mA_v1,386,1532.720000,1532.71897000,-1.030000,2.056000,2.059077808,0.149699,26.153634,162,1,144.998932,117.926788,9.154968,7.500000,3.040771,63351,51523,29999,6144,2491,,,,0,0,0,0,0
fullband_2001_145mA_v1,387,1532.740000,1532.73965000,-0.350000,2.056000,2.047932278,-0.392399,32.464997,148,1,144.998932,121.154022,8.999939,7.401123,2.945557,63351,52933,29491,6063,2413,,,,0,0,0,0,0
fullband_2001_145mA_v1,388,1532.760000,1532.75993000,-0.070000,2.056000,2.046976529,-0.438885,32.043448,165,1,144.998932,113.754272,0.416870,7.036133,3.229980,63351,49700,1366,5764,2646,,,,0,0,0,0,0
fullband_2001_145mA_v1,389,1532.780000,1532.77977000,-0.230000,2.056000,2.042399230,-0.661516,32.335743,169,1,144.998932,113.047028,0.408020,6.921387,3.128662,63351,49391,1337,5670,2563,,,,0,0,0,0,0
fullband_2001_145mA_v1,390,1532.800000,1532.79946000,-0.540000,2.056000,2.046139555,-0.479594,29.069401,171,1,144.998932,115.816498,6.606750,7.561035,3.000488,63351,50601,21649,6194,2458,,,,0,0,0,0,0
fullband_2001_145mA_v1,391,1532.820000,1532.81950000,-0.500000,2.056000,2.050675506,-0.258973,29.874224,167,1,144.998932,115.882874,6.090698,7.489014,3.040771,63351,50630,19958,6135,2491,,,,0,0,0,0,0
fullband_2001_145mA_v1,392,1532.840000,1532.83944000,-0.560000,2.056000,2.061793324,0.281776,32.127419,153,1,144.998932,114.214325,6.000061,7.415771,2.932129,63351,49901,19661,6075,2402,,,,0,0,0,0,0
fullband_2001_145mA_v1,393,1532.860000,1532.85992000,-0.080000,2.056000,2.039610547,-0.797152,28.229361,187,1,144.998932,110.186005,7.728882,6.049805,3.000488,63351,48141,25326,4956,2458,,,,0,0,0,0,0
fullband_2001_145mA_v1,394,1532.880000,1532.87947000,-0.530000,2.056000,2.050724004,-0.256615,30.339805,177,1,144.998932,107.803345,7.276917,5.999756,3.000488,63351,47100,23845,4915,2458,,,,0,0,0,0,0
fullband_2001_145mA_v1,395,1532.900000,1532.89843000,-1.570000,2.056000,2.059656468,0.177844,31.126698,169,1,144.998932,104.395294,1.942749,6.496582,2.249756,63351,45611,6366,5322,1843,,,,0,0,0,0,0
fullband_2001_145mA_v1,396,1532.920000,1532.91933000,-0.670000,2.056000,2.038985052,-0.827575,28.767547,173,1,144.998932,102.687836,1.930237,6.307373,2.252197,63351,44865,6325,5167,1845,,,,0,0,0,0,0
fullband_2001_145mA_v1,397,1532.940000,1532.94059000,0.590000,2.056000,2.072543068,0.804624,34.145892,160,1,144.998932,107.830811,1.942749,6.151123,2.386475,63351,47112,6366,5039,1955,,,,0,0,0,0,0
fullband_2001_145mA_v1,398,1532.960000,1532.96018000,0.180000,2.056000,2.062284198,0.305652,32.377051,171,1,144.998932,108.272552,5.971680,6.315918,2.238770,63351,47305,19568,5174,1834,,,,0,0,0,0,0
fullband_2001_145mA_v1,399,1532.980000,1532.97990000,-0.100000,2.056000,2.023715085,-1.570278,28.929997,173,1,144.998932,111.804199,5.725708,6.318359,2.294922,63351,48848,18762,5176,1880,,,,0,0,0,0,0
fullband_2001_145mA_v1,400,1533.000000,1532.99942000,-0.580000,2.056000,2.063461651,0.362921,27.991902,157,1,144.998932,113.420105,5.431519,6.300049,2.294922,63351,49554,17798,5161,1880,,,,0,0,0,0,0
fullband_2001_145mA_v1,401,1533.020000,1533.01924000,-0.760000,2.056000,2.058781865,0.135305,26.745771,170,1,144.998932,113.557434,5.151672,6.268311,2.268066,63351,49614,16881,5135,1858,,,,0,0,0,0,0
fullband_2001_145mA_v1,402,1533.040000,1533.03889000,-1.110000,2.056000,2.056418376,0.020349,31.036897,167,1,144.998932,114.482117,5.100098,5.858154,2.684326,63351,50018,16712,4799,2199,,,,0,0,0,0,0
fullband_2001_145mA_v1,403,1533.060000,1533.05924000,-0.760000,2.056000,2.059930429,0.191169,30.044467,177,1,144.998932,111.955261,5.097961,5.689697,2.607422,63351,48914,16705,4661,2136,,,,0,0,0,0,0
fullband_2001_145mA_v1,404,1533.080000,1533.07930000,-0.700000,2.056000,2.056478640,0.023280,28.934747,169,1,144.998932,111.843109,1.000061,6.242676,2.244873,63351,48865,3277,5114,1839,,,,0,0,0,0,0
fullband_2001_145mA_v1,405,1533.100000,1533.09945000,-0.550000,2.056000,2.050905544,-0.247785,32.727379,167,1,144.998932,111.451721,3.980408,6.235352,2.391357,63351,48694,13043,5108,1959,,,,0,0,0,0,0
fullband_2001_145mA_v1,406,1533.120000,1533.11973000,-0.270000,2.056000,2.052242064,-0.182779,31.438102,170,1,144.998932,112.847900,3.979492,6.087646,2.275391,63351,49304,13040,4987,1864,,,,0,0,0,0,0
fullband_2001_145mA_v1,407,1533.140000,1533.13914000,-0.860000,2.056000,2.055054293,-0.045997,30.607851,172,1,144.998932,109.680176,3.979492,5.910645,2.243652,63351,47920,13040,4842,1838,,,,0,0,0,0,0
fullband_2001_145mA_v1,408,1533.160000,1533.16088000,0.880000,2.056000,2.076314352,0.988052,31.963887,169,1,144.998932,105.514526,4.140015,5.212402,2.500000,63351,46100,13566,4270,2048,,,,0,0,0,0,0
fullband_2001_145mA_v1,409,1533.180000,1533.17977000,-0.230000,2.056000,2.060806915,0.233799,26.108764,186,1,144.998932,104.093170,3.807983,5.589600,1.961670,63351,45479,12478,4579,1607,,,,0,0,0,0,0
fullband_2001_145mA_v1,410,1533.200000,1533.19910000,-0.900000,2.056000,2.065442851,0.459283,30.068846,165,1,144.998932,105.065918,3.836365,5.441895,2.027588,63351,45904,12571,4458,1661,,,,0,0,0,0,0
fullband_2001_145mA_v1,411,1533.220000,1533.21893000,-1.070000,2.056000,2.066047923,0.488712,31.858465,175,1,144.998932,106.512451,3.659058,5.408936,2.019043,63351,46536,11990,4431,1654,,,,0,0,0,0,0
fullband_2001_145mA_v1,412,1533.240000,1533.23987000,-0.130000,2.056000,2.046916176,-0.441820,29.871802,178,1,144.998932,110.778809,3.127441,5.642090,2.000732,63351,48400,10248,4622,1639,,,,0,0,0,0,0
fullband_2001_145mA_v1,413,1533.260000,1533.25964000,-0.360000,2.056000,2.069089244,0.636636,27.992056,168,1,144.998932,111.058044,3.127441,5.479736,2.043457,63351,48522,10248,4489,1674,,,,0,0,0,0,0
fullband_2001_145mA_v1,414,1533.280000,1533.27979000,-0.210000,2.056000,2.048029062,-0.387692,31.846836,163,1,144.998932,111.875153,2.861633,5.349121,2.250977,63351,48879,9377,4382,1844,,,,0,0,0,0,0
fullband_2001_145mA_v1,415,1533.300000,1533.29871000,-1.290000,2.056000,2.050809563,-0.252453,30.137619,165,1,144.998932,111.669159,2.640686,5.330811,2.239990,63351,48789,8653,4367,1835,,,,0,0,0,0,0
fullband_2001_145mA_v1,416,1533.320000,1533.31886000,-1.140000,2.056000,2.053600503,-0.116707,31.699350,163,1,144.998932,116.040802,2.352600,5.501709,2.121582,63351,50699,7709,4507,1738,,,,0,0,0,0,0
fullband_2001_145mA_v1,417,1533.340000,1533.33836000,-1.640000,2.056000,2.062138493,0.298565,31.996011,173,1,144.998932,114.749908,2.312622,5.450439,1.954346,63351,50135,7578,4465,1601,,,,0,0,0,0,0
fullband_2001_145mA_v1,418,1533.360000,1533.35976000,-0.240000,2.056000,2.058895901,0.140851,31.632060,156,1,144.998932,109.977722,0.228271,5.506592,1.794434,63351,48050,748,4511,1470,,,,0,0,0,0,0
fullband_2001_145mA_v1,419,1533.380000,1533.37960000,-0.400000,2.056000,2.059879635,0.188698,31.020708,155,1,144.998932,107.732391,0.223083,5.367432,1.730957,63351,47069,731,4397,1418,,,,0,0,0,0,0
fullband_2001_145mA_v1,420,1533.400000,1533.39863000,-1.370000,2.056000,2.047091773,-0.433280,30.918173,160,1,144.998932,110.657501,1.749878,5.426025,1.750488,63351,48347,5734,4445,1434,,,,0,0,0,0,0
fullband_2001_145mA_v1,421,1533.420000,1533.41987000,-0.130000,2.056000,2.061308158,0.258179,31.647726,171,1,144.998932,111.051178,5.750122,5.413818,1.882324,63351,48519,18842,4435,1542,,,,0,0,0,0,0
fullband_2001_145mA_v1,422,1533.440000,1533.43889000,-1.110000,2.056000,2.061599865,0.272367,27.109626,183,1,144.998932,104.045105,7.209778,4.556885,1.492920,63351,45458,23625,3733,1223,,,,0,0,0,0,0
fullband_2001_145mA_v1,423,1533.460000,1533.46035000,0.350000,2.056000,2.036398615,-0.953375,32.298639,179,1,144.998932,104.468536,7.244873,4.433594,1.589355,63351,45643,23740,3632,1302,,,,0,0,0,0,0
fullband_2001_145mA_v1,424,1533.480000,1533.47982000,-0.180000,2.056000,2.057661274,0.080801,33.309596,180,1,144.998932,101.731110,1.925659,4.543457,1.502686,63351,44447,6310,3722,1231,,,,0,0,0,0,0
fullband_2001_145mA_v1,425,1533.500000,1533.49893000,-1.070000,2.056000,2.052912065,-0.150191,31.179241,157,1,144.998932,101.651001,1.945496,4.299316,1.569824,63351,44412,6375,3522,1286,,,,0,0,0,0,0
fullband_2001_145mA_v1,426,1533.520000,1533.51975000,-0.250000,2.056000,2.062051198,0.294319,28.983629,178,1,144.998932,102.999115,1.826477,4.255371,1.550293,63351,45001,5985,3486,1270,,,,0,0,0,0,0
fullband_2001_145mA_v1,427,1533.540000,1533.54020000,0.200000,2.056000,2.048359305,-0.371629,33.105344,157,1,144.998932,106.775665,1.679688,4.283447,1.602783,63351,46651,5504,3509,1313,,,,0,0,0,0,0
fullband_2001_145mA_v1,428,1533.560000,1533.55867000,-1.330000,2.056000,2.053799449,-0.107031,29.899213,175,1,144.998932,130.204010,8.942566,4.606934,28.540039,63351,56887,29303,3774,23380,,,,0,0,0,0,0
fullband_2001_145mA_v1,429,1533.580000,1533.57926000,-0.740000,2.056000,2.046707764,-0.451957,28.842371,177,1,144.998932,128.244781,8.784790,4.521484,28.496094,63351,56031,28786,3704,23344,,,,0,0,0,0,0
fullband_2001_145mA_v1,430,1533.600000,1533.59849000,-1.510000,2.056000,2.053295385,-0.131547,29.422113,174,1,144.998932,134.271240,8.440247,4.514160,28.498535,63351,58664,27657,3698,23346,,,,0,0,0,0,0
fullband_2001_145mA_v1,431,1533.620000,1533.61857000,-1.430000,2.056000,2.057409406,0.068551,26.541191,174,1,144.998932,134.104156,8.167114,4.473877,28.502197,63351,58591,26762,3665,23349,,,,0,0,0,0,0
fullband_2001_145mA_v1,432,1533.640000,1533.63846000,-1.540000,2.056000,2.056526064,0.025587,31.036522,175,1,144.998932,132.552338,7.312927,4.523926,29.948730,63351,57913,23963,3706,24534,,,,0,0,0,0,0
fullband_2001_145mA_v1,433,1533.660000,1533.65865000,-1.350000,2.056000,2.050933770,-0.246412,30.108676,170,1,144.998932,131.675720,7.000122,4.450684,29.993896,63351,57530,22938,3646,24571,,,,0,0,0,0,0
fullband_2001_145mA_v1,434,1533.680000,1533.67965000,-0.350000,2.056000,2.076661221,1.004923,29.269741,175,1,144.998932,127.109528,6.321411,4.533691,26.994629,63351,55535,20714,3714,22114,,,,0,0,0,0,0
fullband_2001_145mA_v1,435,1533.700000,1533.69901000,-0.990000,2.056000,2.056602025,0.029281,31.080377,160,1,144.998932,129.125977,5.968323,4.527588,26.997070,63351,56416,19557,3709,22116,,,,0,0,0,0,0
fullband_2001_145mA_v1,436,1533.720000,1533.71903000,-0.970000,2.056000,2.042106708,-0.675744,30.582738,178,1,144.998932,127.409363,5.779724,4.466553,27.001953,63351,55666,18939,3659,22120,,,,0,0,0,0,0
fullband_2001_145mA_v1,437,1533.740000,1533.73984000,-0.160000,2.056000,2.052887607,-0.151381,29.660897,162,1,144.998932,123.678589,1.529236,4.445801,28.498535,63351,54036,5011,3642,23346,,,,0,0,0,0,0
fullband_2001_145mA_v1,438,1533.760000,1533.75948000,-0.520000,2.056000,2.047995302,-0.389334,30.480218,174,1,144.998932,111.248016,8.311462,4.493408,1.546631,63351,48605,27235,3681,1267,,,,0,0,0,0,0
fullband_2001_145mA_v1,439,1533.780000,1533.77814000,-1.860000,2.056000,2.048888996,-0.345866,29.799209,168,1,144.998932,111.424255,7.657471,4.499512,1.500244,63351,48682,25092,3686,1229,,,,0,0,0,0,0
fullband_2001_145mA_v1,440,1533.800000,1533.79965000,-0.350000,2.056000,2.055531275,-0.022798,25.636232,179,1,144.998932,104.228210,0.645447,3.730469,1.370850,63351,45538,2115,3056,1123,,,,0,0,0,0,0
fullband_2001_145mA_v1,441,1533.820000,1533.81979000,-0.210000,2.056000,2.053375997,-0.127627,27.865463,167,1,144.998932,103.578186,0.645447,3.597412,1.269531,63351,45254,2115,2947,1040,,,,0,0,0,0,0
fullband_2001_145mA_v1,442,1533.840000,1533.84050000,0.500000,2.056000,2.072976468,0.825704,32.494393,169,1,144.998932,104.221344,0.587158,3.583984,1.241455,63351,45535,1924,2936,1017,,,,0,0,0,0,0
fullband_2001_145mA_v1,443,1533.860000,1533.85980000,-0.200000,2.056000,2.048676907,-0.356182,32.159593,153,1,144.998932,106.125641,0.582275,3.444824,1.143799,63351,46367,1908,2822,937,,,,0,0,0,0,0
fullband_2001_145mA_v1,444,1533.880000,1533.87908000,-0.920000,2.056000,2.054339757,-0.080751,28.217766,163,1,144.998932,105.413818,0.523071,3.385010,1.166992,63351,46056,1714,2773,956,,,,0,0,0,0,0
fullband_2001_145mA_v1,445,1533.900000,1533.89870000,-1.300000,2.056000,2.066185783,0.495417,27.847448,179,1,144.998932,107.022858,0.457764,3.399658,1.147461,63351,46759,1500,2785,940,,,,0,0,0,0,0
fullband_2001_145mA_v1,446,1533.920000,1533.91987000,-0.130000,2.056000,2.024180851,-1.547624,32.693214,173,1,144.998932,107.796478,2.504883,3.553467,1.027832,63351,47097,8208,2911,842,,,,0,0,0,0,0
fullband_2001_145mA_v1,447,1533.940000,1533.93876000,-1.240000,2.056000,2.060823044,0.234584,31.885391,174,1,144.998932,109.146881,2.491760,3.410645,1.025391,63351,47687,8165,2794,840,,,,0,0,0,0,0
fullband_2001_145mA_v1,448,1533.960000,1533.96000000,0.000000,2.056000,2.061166651,0.251296,29.469059,175,1,144.998932,108.641052,2.362976,3.348389,1.041260,63351,47466,7743,2743,853,,,,0,0,0,0,0
fullband_2001_145mA_v1,449,1533.980000,1533.97971000,-0.290000,2.056000,2.045042726,-0.532941,27.008569,154,1,144.998932,124.118042,4.179993,3.050537,28.499756,63351,54228,13697,2499,23347,,,,0,0,0,0,0
fullband_2001_145mA_v1,450,1534.000000,1533.99968000,-0.320000,2.056000,2.045237594,-0.523463,28.805388,173,1,144.998932,124.974060,3.958130,3.000488,28.499756,63351,54602,12970,2458,23347,,,,0,0,0,0,0
fullband_2001_145mA_v1,451,1534.020000,1534.02010000,0.100000,2.056000,2.059268119,0.158955,27.461487,133,1,144.998932,118.409729,3.703613,3.000488,28.499756,63351,51734,12136,2458,23347,,,,0,0,0,0,0
fullband_2001_145mA_v1,452,1534.040000,1534.03930000,-0.700000,2.056000,2.041038322,-0.727708,27.960751,169,1,144.998932,119.844818,0.939941,3.233643,25.550537,63351,52361,3080,2649,20931,,,,0,0,0,0,0
fullband_2001_145mA_v1,453,1534.060000,1534.05819000,-1.810000,2.056000,2.053537320,-0.119780,26.548411,180,1,144.998932,116.741180,0.939941,3.066406,25.500488,63351,51005,3080,2512,20890,,,,0,0,0,0,0
fullband_2001_145mA_v1,454,1534.080000,1534.07970000,-0.300000,2.056000,2.044169401,-0.575418,32.381628,171,1,144.998932,116.702271,0.926819,2.905273,25.496826,63351,50988,3037,2380,20887,,,,0,0,0,0,0
fullband_2001_145mA_v1,455,1534.100000,1534.09902000,-0.980000,2.056000,2.040463033,-0.755689,31.116723,168,1,144.998932,118.272400,3.501282,2.949219,24.011230,63351,51674,11473,2416,19670,,,,0,0,0,0,0
fullband_2001_145mA_v1,456,1534.120000,1534.11982000,-0.180000,2.056000,2.065999176,0.486341,32.736192,161,1,144.998932,123.815918,8.688049,2.973633,26.990967,63351,54096,28469,2436,22111,,,,0,0,0,0,0
fullband_2001_145mA_v1,457,1534.140000,1534.13924000,-0.760000,2.056000,2.054302402,-0.082568,25.140805,148,1,144.998932,123.653412,8.500061,2.835693,26.920166,63351,54025,27853,2323,22053,,,,0,0,0,0,0
fullband_2001_145mA_v1,458,1534.160000,1534.15988000,-0.120000,2.056000,2.055253152,-0.036325,31.870216,177,1,144.998932,123.671722,2.999878,2.869873,25.532227,63351,54033,9830,2351,20916,,,,0,0,0,0,0
fullband_2001_145mA_v1,459,1534.180000,1534.17870000,-1.300000,2.056000,2.050272261,-0.278587,32.104651,165,1,144.998932,122.827148,0.533447,3.000488,25.600586,63351,53664,1748,2458,20972,,,,0,0,0,0,0
fullband_2001_145mA_v1,460,1534.200000,1534.20040000,0.400000,2.056000,2.066549441,0.513105,29.102358,174,1,144.998932,125.198364,0.460205,3.000488,25.600586,63351,54700,1508,2458,20972,,,,0,0,0,0,0
fullband_2001_145mA_v1,461,1534.220000,1534.21935000,-0.650000,2.056000,2.059941438,0.191704,31.323642,164,1,144.998932,123.513794,0.391541,3.000488,25.550537,63351,53964,1283,2458,20931,,,,0,0,0,0,0
fullband_2001_145mA_v1,462,1534.240000,1534.23991000,-0.090000,2.056000,2.038846359,-0.834321,28.359593,185,1,144.998932,125.592041,0.357971,2.938232,25.495605,63351,54872,1173,2407,20886,,,,0,0,0,0,0
fullband_2001_145mA_v1,463,1534.260000,1534.25987000,-0.130000,2.056000,2.044652811,-0.551906,28.592179,178,1,144.998932,126.358795,6.882019,2.949219,22.503662,63351,55207,22551,2416,18435,,,,0,0,0,0,0
fullband_2001_145mA_v1,464,1534.280000,1534.27906000,-0.940000,2.056000,2.063109952,0.345815,28.464301,178,1,144.998932,124.227905,1.854858,3.024902,22.498779,63351,54276,6078,2478,18431,,,,0,0,0,0,0
fullband_2001_145mA_v1,465,1534.300000,1534.30005000,0.050000,2.056000,2.067246451,0.547006,31.134837,170,1,144.998932,119.908905,1.674500,3.029785,22.500000,63351,52389,5487,2482,18432,,,,0,0,0,0,0
fullband_2001_145mA_v1,466,1534.320000,1534.32001000,0.010000,2.056000,2.058356395,0.114611,30.416817,174,1,144.998932,118.927002,1.632690,2.946777,22.501221,63351,51960,5350,2414,18433,,,,0,0,0,0,0
fullband_2001_145mA_v1,467,1534.340000,1534.33968000,-0.320000,2.056000,2.057449641,0.070508,30.593178,171,1,144.998932,117.977142,0.002747,2.941895,25.546875,63351,51545,9,2410,20928,,,,0,0,0,0,0
fullband_2001_145mA_v1,468,1534.360000,1534.35957000,-0.430000,2.056000,2.067035051,0.536724,30.185058,168,1,144.998932,119.684601,4.450684,2.951660,24.047852,63351,52291,14584,2418,19700,,,,0,0,0,0,0
fullband_2001_145mA_v1,469,1534.380000,1534.37888000,-1.120000,2.056000,2.051740990,-0.207150,30.314027,168,1,144.998932,116.615295,1.007080,2.958984,24.049072,63351,50950,3300,2424,19701,,,,0,0,0,0,0
fullband_2001_145mA_v1,470,1534.400000,1534.39959000,-0.410000,2.056000,2.039298961,-0.812307,30.049885,186,1,144.998932,117.196655,1.000061,2.874756,24.095459,63351,51204,3277,2355,19739,,,,0,0,0,0,0
fullband_2001_145mA_v1,471,1534.420000,1534.41892000,-1.080000,2.056000,2.065626849,0.468232,31.064330,172,1,144.998932,121.202087,1.000061,2.797852,23.989258,63351,52954,3277,2292,19652,,,,0,0,0,0,0
fullband_2001_145mA_v1,472,1534.440000,1534.43871000,-1.290000,2.056000,2.053313086,-0.130686,30.641198,167,1,144.998932,103.859711,1.794434,2.684326,0.915527,63351,45377,5880,2199,750,,,,0,0,0,0,0
fullband_2001_145mA_v1,473,1534.460000,1534.45898000,-1.020000,2.056000,2.060202150,0.204385,30.060007,171,1,144.998932,108.206177,5.868225,2.712402,0.947266,63351,47276,19229,2222,776,,,,0,0,0,0,0
fullband_2001_145mA_v1,474,1534.480000,1534.47973000,-0.270000,2.056000,2.062221850,0.302619,30.276522,166,1,144.998932,112.724304,5.868225,2.666016,0.891113,63351,49250,19229,2184,730,,,,0,0,0,0,0
fullband_2001_145mA_v1,475,1534.500000,1534.49922000,-0.780000,2.056000,2.055239206,-0.037004,30.687391,172,1,144.998932,111.888885,5.747070,2.620850,0.859375,63351,48885,18832,2147,704,,,,0,0,0,0,0
fullband_2001_145mA_v1,476,1534.520000,1534.51946000,-0.540000,2.056000,2.051685183,-0.209865,30.386437,168,1,144.998932,111.231995,5.745850,2.562256,0.808105,63351,48598,18828,2099,662,,,,0,0,0,0,0
fullband_2001_145mA_v1,477,1534.540000,1534.53977000,-0.230000,2.056000,2.059084560,0.150027,25.909457,182,1,144.998932,109.208679,5.744019,2.502441,0.759277,63351,47714,18822,2050,622,,,,0,0,0,0,0
fullband_2001_145mA_v1,478,1534.560000,1534.56027000,0.270000,2.056000,2.054867806,-0.055068,31.267582,165,1,144.998932,106.290436,5.741272,2.410889,0.747070,63351,46439,18813,1975,612,,,,0,0,0,0,0
fullband_2001_145mA_v1,479,1534.580000,1534.57954000,-0.460000,2.056000,2.046272477,-0.473129,28.542923,176,1,144.998932,107.251740,5.738220,2.332764,0.704346,63351,46859,18803,1911,577,,,,0,0,0,0,0
fullband_2001_145mA_v1,480,1534.600000,1534.59950000,-0.500000,2.056000,2.048657896,-0.357106,30.641280,170,1,144.998932,102.935028,5.708008,2.235107,0.690918,63351,44973,18704,1831,566,,,,0,0,0,0,0
fullband_2001_145mA_v1,481,1534.620000,1534.61934000,-0.660000,2.056000,2.062678102,0.324810,29.488465,168,1,144.998932,104.940033,5.332642,2.296143,0.556641,63351,45849,17474,1881,456,,,,0,0,0,0,0
fullband_2001_145mA_v1,482,1534.640000,1534.63874000,-1.260000,2.056000,2.063787292,0.378759,29.786302,170,1,144.998932,102.669525,5.332642,2.215576,0.495605,63351,44857,17474,1815,406,,,,0,0,0,0,0
fullband_2001_145mA_v1,483,1534.660000,1534.65901000,-0.990000,2.056000,2.055970855,-0.001418,30.207451,176,1,144.998932,101.518250,5.332642,2.121582,0.482178,63351,44354,17474,1738,395,,,,0,0,0,0,0
fullband_2001_145mA_v1,484,1534.680000,1534.67900000,-1.000000,2.056000,2.048241768,-0.377346,24.194159,167,1,144.998932,123.687744,7.000122,29.998779,19.354248,63351,54040,22938,24575,15855,,,,0,0,0,0,0
fullband_2001_145mA_v1,485,1534.700000,1534.69886000,-1.140000,2.056000,2.046912570,-0.441996,26.921907,165,1,144.998932,122.827148,2.113342,29.948730,19.099121,63351,53664,6925,24534,15646,,,,0,0,0,0,0
fullband_2001_145mA_v1,486,1534.720000,1534.71870000,-1.300000,2.056000,2.052307409,-0.179601,25.271200,97,1,144.998932,126.555634,6.499939,29.937744,18.765869,63351,55293,21299,24525,15373,,,,0,0,0,0,0
fullband_2001_145mA_v1,487,1534.740000,1534.73808000,-1.920000,2.056000,2.038027379,-0.874155,26.080967,174,1,144.998932,122.641754,1.650696,29.901123,20.610352,63351,53583,5409,24495,16884,,,,0,0,0,0,0
fullband_2001_145mA_v1,488,1534.760000,1534.75933000,-0.670000,2.056000,2.069885008,0.675341,31.010246,164,1,144.998932,127.462006,5.000000,29.901123,20.849609,63351,55689,16384,24495,17080,,,,0,0,0,0,0
fullband_2001_145mA_v1,489,1534.780000,1534.78004000,0.040000,2.056000,2.047040429,-0.435777,27.045319,172,1,144.998932,130.229187,5.499878,29.822998,19.167480,63351,56898,18022,24431,15702,,,,0,0,0,0,0
fullband_2001_145mA_v1,490,1534.800000,1534.79959000,-0.410000,2.056000,2.043947211,-0.586225,30.865213,167,1,144.998932,128.295135,1.499939,29.868164,19.276123,63351,56053,4915,24468,15791,,,,0,0,0,0,0
fullband_2001_145mA_v1,491,1534.820000,1534.81915000,-0.850000,2.056000,2.060192012,0.203892,27.564632,180,1,144.998932,125.882721,7.685852,1.550293,19.549561,63351,54999,25185,1270,16015,,,,0,0,0,0,0
fullband_2001_145mA_v1,492,1534.840000,1534.83852000,-1.480000,2.056000,2.057686897,0.082048,25.705542,181,1,144.998932,123.740387,7.321777,1.550293,19.499512,63351,54063,23992,1270,15974,,,,0,0,0,0,0
fullband_2001_145mA_v1,493,1534.860000,1534.85982000,-0.180000,2.056000,2.049486151,-0.316821,31.175247,170,1,144.998932,121.792603,6.929626,1.536865,19.544678,63351,53212,22707,1259,16011,,,,0,0,0,0,0
fullband_2001_145mA_v1,494,1534.880000,1534.88002000,0.020000,2.056000,2.056408778,0.019882,24.349455,172,1,144.998932,121.991730,6.740417,1.483154,19.207764,63351,53299,22087,1215,15735,,,,0,0,0,0,0
fullband_2001_145mA_v1,495,1534.900000,1534.89963000,-0.370000,2.056000,2.050426528,-0.271083,26.111664,170,1,144.998932,122.447205,1.063843,28.385010,19.187012,63351,53498,3486,23253,15718,,,,0,0,0,0,0
fullband_2001_145mA_v1,496,1534.920000,1534.92013000,0.130000,2.056000,2.076239891,0.984431,31.564044,171,1,144.998932,115.722656,5.839844,1.518555,19.591064,63351,50560,19136,1244,16049,,,,0,0,0,0,0
fullband_2001_145mA_v1,497,1534.940000,1534.93923000,-0.770000,2.056000,2.050286396,-0.277899,27.453738,165,1,144.998932,115.120697,5.518494,1.500244,19.599609,63351,50297,18083,1229,16056,,,,0,0,0,0,0
fullband_2001_145mA_v1,498,1534.960000,1534.95897000,-1.030000,2.056000,2.048512333,-0.364186,28.551602,168,1,144.998932,115.484619,5.201721,1.500244,19.599609,63351,50456,17045,1229,16056,,,,0,0,0,0,0
fullband_2001_145mA_v1,499,1534.980000,1534.97889000,-1.110000,2.056000,2.056752160,0.036584,27.511325,181,1,144.998932,115.496063,4.890747,1.500244,19.599609,63351,50461,16026,1229,16056,,,,0,0,0,0,0
fullband_2001_145mA_v1,500,1535.000000,1534.99998000,-0.020000,2.056000,2.053051232,-0.143423,26.073227,181,1,144.998932,113.788605,4.847717,1.352539,19.509277,63351,49715,15885,1108,15982,,,,0,0,0,0,0
fullband_2001_145mA_v1,501,1535.020000,1535.01902000,-0.980000,2.056000,2.046548075,-0.459724,27.257210,162,1,144.998932,107.817078,5.474854,28.756104,0.000000,63351,47106,17940,23557,0,,,,0,0,0,0,0
fullband_2001_145mA_v1,502,1535.040000,1535.03883000,-1.170000,2.056000,2.036850674,-0.931387,26.560350,170,1,144.998932,106.665802,5.201721,28.791504,0.050049,63351,46603,17045,23586,41,,,,0,0,0,0,0
fullband_2001_145mA_v1,503,1535.060000,1535.05842000,-1.580000,2.056000,2.050496314,-0.267689,26.784747,171,1,144.998932,111.211395,5.194702,28.272705,0.174561,63351,48589,17022,23161,143,,,,0,0,0,0,0
fullband_2001_145mA_v1,504,1535.080000,1535.07981000,-0.190000,2.056000,2.054413357,-0.077171,29.464343,143,1,144.998932,113.816071,5.194702,27.407227,0.179443,63351,49727,17022,22452,147,,,,0,0,0,0,0
fullband_2001_145mA_v1,505,1535.100000,1535.09941000,-0.590000,2.056000,2.070101023,0.685847,23.980520,142,1,144.998932,112.740326,5.026855,26.931152,0.098877,63351,49257,16472,22062,81,,,,0,0,0,0,0
fullband_2001_145mA_v1,506,1535.120000,1535.11912000,-0.880000,2.056000,2.061216010,0.253697,25.491686,167,1,144.998932,125.358582,0.460205,27.149658,18.000488,63351,54770,1508,22241,14746,,,,0,0,0,0,0
fullband_2001_145mA_v1,507,1535.140000,1535.13904000,-0.960000,2.056000,2.054072565,-0.093747,27.486742,175,1,144.998932,126.326752,0.428467,26.877441,17.756348,63351,55193,1404,22018,14546,,,,0,0,0,0,0
fullband_2001_145mA_v1,508,1535.160000,1535.15942000,-0.580000,2.056000,2.053271041,-0.132731,25.758512,169,1,144.998932,107.826233,5.001526,1.461182,0.000000,63351,47110,16389,1197,0,,,,0,0,0,0,0
fullband_2001_145mA_v1,509,1535.180000,1535.17995000,-0.050000,2.056000,2.051534303,-0.217203,27.344470,174,1,144.998932,120.487976,0.300598,26.873779,17.752686,63351,52642,985,22015,14543,,,,0,0,0,0,0
fullband_2001_145mA_v1,510,1535.200000,1535.19928000,-0.720000,2.056000,2.063487607,0.364183,25.447203,175,1,144.998932,111.504364,3.296509,28.692627,0.035400,63351,48717,10802,23505,29,,,,0,0,0,0,0
fullband_2001_145mA_v1,511,1535.220000,1535.21958000,-0.420000,2.056000,2.070621976,0.711186,31.832175,178,1,144.998932,109.936523,3.094788,28.671875,0.006104,63351,48032,10141,23488,5,,,,0,0,0,0,0
fullband_2001_145mA_v1,512,1535.240000,1535.23875000,-1.250000,2.056000,2.055743444,-0.012478,29.654072,177,1,144.998932,109.449005,2.868042,28.649902,0.000000,63351,47819,9398,23470,0,,,,0,0,0,0,0
fullband_2001_145mA_v1,513,1535.260000,1535.25982000,-0.180000,2.056000,2.048447883,-0.367321,26.201404,152,1,144.998932,109.215546,2.662659,28.549805,0.000000,63351,47717,8725,23388,0,,,,0,0,0,0,0
fullband_2001_145mA_v1,514,1535.280000,1535.27861000,-1.390000,2.056000,2.061874825,0.285741,27.495276,113,1,144.998932,110.765076,2.442932,28.599854,0.000000,63351,48394,8005,23429,0,,,,0,0,0,0,0
fullband_2001_145mA_v1,515,1535.300000,1535.30011000,0.110000,2.056000,2.046441442,-0.464910,33.464212,112,1,144.998932,112.756348,2.233276,28.599854,0.000000,63351,49264,7318,23429,0,,,,0,0,0,0,0
fullband_2001_145mA_v1,516,1535.320000,1535.31851000,-1.490000,2.056000,2.045894374,-0.491519,25.761527,163,1,144.998932,115.290070,2.033081,28.562012,0.000000,63351,50371,6662,23398,0,,,,0,0,0,0,0
fullband_2001_145mA_v1,517,1535.340000,1535.33891000,-1.090000,2.056000,2.052804301,-0.155433,24.607569,158,1,144.998932,113.500214,1.939087,28.189697,0.000000,63351,49589,6354,23093,0,,,,0,0,0,0,0
fullband_2001_145mA_v1,518,1535.360000,1535.35869000,-1.310000,2.056000,2.043496937,-0.608126,29.028842,170,1,144.998932,122.099304,1.390686,23.902588,16.199951,63351,53346,4557,19581,13271,,,,0,0,0,0,0
fullband_2001_145mA_v1,519,1535.380000,1535.37976000,-0.240000,2.056000,2.050306554,-0.276919,31.423622,132,1,144.998932,126.310730,1.058960,25.356445,16.330566,63351,55186,3470,20772,13378,,,,0,0,0,0,0
fullband_2001_145mA_v1,520,1535.400000,1535.39976000,-0.240000,2.056000,2.051914748,-0.198699,27.222177,159,1,144.998932,127.619934,3.692627,25.393066,16.367188,63351,55758,12100,20802,13408,,,,0,0,0,0,0
fullband_2001_145mA_v1,521,1535.420000,1535.41843000,-1.570000,2.056000,2.058445021,0.118921,29.643726,142,1,144.998932,125.086212,1.053162,23.937988,16.298828,63351,54651,3451,19610,13352,,,,0,0,0,0,0
fullband_2001_145mA_v1,522,1535.440000,1535.43980000,-0.200000,2.056000,2.048369068,-0.371154,26.553780,164,1,144.998932,125.548553,1.053162,23.703613,15.838623,63351,54853,3451,19418,12975,,,,0,0,0,0,0
fullband_2001_145mA_v1,523,1535.460000,1535.45917000,-0.830000,2.056000,2.050389178,-0.272900,29.158409,172,1,144.998932,124.486542,3.500061,23.883057,16.292725,63351,54389,11469,19565,13347,,,,0,0,0,0,0
fullband_2001_145mA_v1,524,1535.480000,1535.48036000,0.360000,2.056000,2.060644238,0.225887,26.162297,164,1,144.998932,126.107025,9.500122,25.500488,13.549805,63351,55097,31130,20890,11100,,,,0,0,0,0,0
fullband_2001_145mA_v1,525,1535.500000,1535.49961000,-0.390000,2.056000,2.053263023,-0.133121,27.958841,162,1,144.998932,121.774292,3.684692,23.835449,14.801025,63351,53204,12074,19526,12125,,,,0,0,0,0,0
fullband_2001_145mA_v1,526,1535.520000,1535.51949000,-0.510000,2.056000,2.047386555,-0.418942,25.642072,162,1,144.998932,114.507294,5.725098,0.076904,15.211182,63351,50029,18760,63,12461,,,,0,0,0,0,0
fullband_2001_145mA_v1,527,1535.540000,1535.53990000,-0.100000,2.056000,2.066512416,0.511304,27.628926,168,1,144.998932,111.769867,5.450439,0.069580,15.170898,63351,48833,17860,57,12428,,,,0,0,0,0,0
fullband_2001_145mA_v1,528,1535.560000,1535.55867000,-1.330000,2.056000,2.043939210,-0.586614,23.684835,134,1,144.998932,111.456299,5.200195,0.225830,15.021973,63351,48696,17040,185,12306,,,,0,0,0,0,0
fullband_2001_145mA_v1,529,1535.580000,1535.57915000,-0.850000,2.056000,2.047877173,-0.395079,25.076131,55,1,144.998932,111.987305,5.143127,0.000000,14.382324,63351,48928,16853,0,11782,,,,0,0,0,0,0
fullband_2001_145mA_v1,530,1535.600000,1535.59998000,-0.020000,2.056000,2.046220583,-0.475653,33.633091,112,1,144.998932,119.652557,2.354736,24.030762,14.978027,63351,52277,7716,19686,12270,,,,0,0,0,0,0
fullband_2001_145mA_v1,531,1535.620000,1535.61945000,-0.550000,2.056000,2.075726405,0.959456,32.751617,125,1,144.998932,125.846100,2.142944,24.134521,14.929199,63351,54983,7022,19771,12230,,,,0,0,0,0,0
fullband_2001_145mA_v1,532,1535.640000,1535.63956000,-0.440000,2.056000,2.051844947,-0.202094,33.489356,123,1,144.998932,123.351288,2.042542,23.887939,14.819336,63351,53893,6693,19569,12140,,,,0,0,0,0,0
fullband_2001_145mA_v1,533,1535.660000,1535.66028000,0.280000,2.056000,2.059106640,0.151101,32.480664,107,1,144.998932,128.416443,2.042542,23.641357,14.556885,63351,56106,6693,19367,11925,,,,0,0,0,0,0
fullband_2001_145mA_v1,534,1535.680000,1535.67926000,-0.740000,2.056000,2.051281584,-0.229495,30.295243,83,1,144.998932,128.816986,2.071533,23.853760,13.409424,63351,56281,6788,19541,10985,,,,0,0,0,0,0
fullband_2001_145mA_v1,535,1535.700000,1535.69857000,-1.430000,2.056000,2.052479395,-0.171236,26.592726,124,1,144.998932,133.726501,6.095276,23.925781,13.420410,63351,58426,19973,19600,10994,,,,0,0,0,0,0
fullband_2001_145mA_v1,536,1535.720000,1535.71908000,-0.920000,2.056000,2.053137366,-0.139233,26.136068,85,1,144.998932,129.695892,7.000122,22.362061,13.386230,63351,56665,22938,18319,10966,,,,0,0,0,0,0
fullband_2001_145mA_v1,537,1535.740000,1535.73948000,-0.520000,2.056000,2.053981861,-0.098159,26.315114,84,1,144.998932,117.574310,8.999939,0.000000,14.652100,63351,51369,29491,0,12003,,,,0,0,0,0,0
fullband_2001_145mA_v1,538,1535.760000,1535.75837000,-1.630000,2.056000,2.062627402,0.322344,25.466481,186,1,144.998932,124.271393,6.984863,21.021729,12.060547,63351,54295,22888,17221,9880,,,,0,0,0,0,0
fullband_2001_145mA_v1,539,1535.780000,1535.77926000,-0.740000,2.056000,2.063061669,0.343466,28.730905,106,1,144.998932,117.187500,1.960754,21.049805,13.499756,63351,51200,6425,17244,11059,,,,0,0,0,0,0
fullband_2001_145mA_v1,540,1535.800000,1535.80010000,0.100000,2.056000,2.060277724,0.208061,34.035620,92,1,144.998932,116.198730,1.776733,21.049805,13.499756,63351,50768,5822,17244,11059,,,,0,0,0,0,0
fullband_2001_145mA_v1,541,1535.820000,1535.81938000,-0.620000,2.056000,2.055512116,-0.023730,27.209837,128,1,144.998932,116.297150,1.606750,21.049805,13.499756,63351,50811,5265,17244,11059,,,,0,0,0,0,0
fullband_2001_145mA_v1,542,1535.840000,1535.83976000,-0.240000,2.056000,2.050664518,-0.259508,33.260248,130,1,144.998932,116.276550,1.449585,21.049805,13.499756,63351,50802,4750,17244,11059,,,,0,0,0,0,0
fullband_2001_145mA_v1,543,1535.860000,1535.85912000,-0.880000,2.056000,2.051949579,-0.197005,26.458824,110,1,144.998932,115.159607,1.423035,20.792236,13.261719,63351,50314,4663,17033,10864,,,,0,0,0,0,0
fullband_2001_145mA_v1,544,1535.880000,1535.87876000,-1.240000,2.056000,2.039202346,-0.817007,29.870225,94,1,144.998932,111.639404,6.292725,0.144043,12.025146,63351,48776,20620,118,9851,,,,0,0,0,0,0
fullband_2001_145mA_v1,545,1535.900000,1535.89851000,-1.490000,2.056000,2.052439447,-0.173179,25.487252,65,1,144.998932,115.811920,5.844727,0.144043,12.037354,63351,50599,19152,118,9861,,,,0,0,0,0,0
fullband_2001_145mA_v1,546,1535.920000,1535.91889000,-1.110000,2.056000,2.065920280,0.482504,25.314119,123,1,144.998932,114.415741,5.384216,0.101318,11.999512,63351,49989,17643,83,9830,,,,0,0,0,0,0
fullband_2001_145mA_v1,547,1535.940000,1535.93880000,-1.200000,2.056000,2.056240932,0.011718,28.570311,130,1,144.998932,118.906403,5.063171,0.000000,12.049561,63351,51951,16591,0,9871,,,,0,0,0,0,0
fullband_2001_145mA_v1,548,1535.960000,1535.95929000,-0.710000,2.056000,2.056924523,0.044967,29.206984,136,1,144.998932,119.947815,1.051331,19.384766,13.287354,63351,52406,3445,15880,10885,,,,0,0,0,0,0
fullband_2001_145mA_v1,549,1535.980000,1535.98001000,0.010000,2.056000,2.048509772,-0.364311,32.819374,158,1,144.998932,123.541260,1.051331,19.205322,12.955322,63351,53976,3445,15733,10613,,,,0,0,0,0,0
fullband_2001_145mA_v1,550,1536.000000,1535.99850000,-1.500000,2.056000,2.052458932,-0.172231,25.820125,140,1,144.998932,123.255157,1.000061,19.776611,12.104492,63351,53851,3277,16201,9916,,,,0,0,0,0,0
fullband_2001_145mA_v1,551,1536.020000,1536.01936000,-0.640000,2.056000,2.062562256,0.319176,24.787673,155,1,144.998932,122.113037,1.000061,19.276123,11.903076,63351,53352,3277,15791,9751,,,,0,0,0,0,0
fullband_2001_145mA_v1,552,1536.040000,1536.03958000,-0.420000,2.056000,2.049407022,-0.320670,28.820514,144,1,144.998932,131.570435,8.999939,20.928955,11.944580,63351,57484,29491,17145,9785,,,,0,0,0,0,0
fullband_2001_145mA_v1,553,1536.060000,1536.05960000,-0.400000,2.056000,2.049928385,-0.295312,26.152896,166,1,144.998932,119.288635,3.999939,18.492432,11.549072,63351,52118,13107,15149,9461,,,,0,0,0,0,0
fullband_2001_145mA_v1,554,1536.080000,1536.07962000,-0.380000,2.056000,2.063591522,0.369237,26.181931,133,1,144.998932,119.888306,3.517761,18.243408,12.364502,63351,52380,11527,14945,10129,,,,0,0,0,0,0
fullband_2001_145mA_v1,555,1536.100000,1536.09961000,-0.390000,2.056000,2.048767848,-0.351758,25.789162,132,1,144.998932,118.922424,3.517761,18.100586,11.999512,63351,51958,11527,14828,9830,,,,0,0,0,0,0
fullband_2001_145mA_v1,556,1536.120000,1536.11943000,-0.570000,2.056000,2.064577034,0.417171,25.787627,138,1,144.998932,113.104248,3.279419,18.100586,11.999512,63351,49416,10746,14828,9830,,,,0,0,0,0,0
fullband_2001_145mA_v1,557,1536.140000,1536.13926000,-0.740000,2.056000,2.053941094,-0.100141,25.692517,142,1,144.998932,114.422607,3.068542,18.000488,11.999512,63351,49992,10055,14746,9830,,,,0,0,0,0,0
fullband_2001_145mA_v1,558,1536.160000,1536.15944000,-0.560000,2.056000,2.055958590,-0.002014,27.733085,141,1,144.998932,115.539551,2.840576,18.000488,11.999512,63351,50480,9308,14746,9830,,,,0,0,0,0,0
fullband_2001_145mA_v1,559,1536.180000,1536.17962000,-0.380000,2.056000,2.036453946,-0.950684,31.980112,138,1,144.998932,117.336273,2.616882,18.000488,11.999512,63351,51265,8575,14746,9830,,,,0,0,0,0,0
fullband_2001_145mA_v1,560,1536.200000,1536.19982000,-0.180000,2.056000,2.064359523,0.406592,32.679793,154,1,144.998932,119.597626,2.616882,17.950439,11.645508,63351,52253,8575,14705,9540,,,,0,0,0,0,0
fullband_2001_145mA_v1,561,1536.220000,1536.21928000,-0.720000,2.056000,2.054808265,-0.057964,32.610345,117,1,144.998932,118.412018,2.355652,17.915039,11.729736,63351,51735,7719,14676,9609,,,,0,0,0,0,0
fullband_2001_145mA_v1,562,1536.240000,1536.23898000,-1.020000,2.056000,2.057946574,0.094678,31.309986,117,1,144.998932,119.274902,2.355652,17.678223,11.455078,63351,52112,7719,14482,9384,,,,0,0,0,0,0
fullband_2001_145mA_v1,563,1536.260000,1536.25940000,-0.600000,2.056000,2.037706032,-0.889784,27.988410,116,1,144.998932,122.341919,6.119385,17.924805,11.813965,63351,53452,20052,14684,9678,,,,0,0,0,0,0
fullband_2001_145mA_v1,564,1536.280000,1536.27845000,-1.550000,2.056000,2.047661195,-0.405584,25.539968,176,1,144.998932,121.197510,2.531128,16.676025,10.523682,63351,52952,8294,13661,8621,,,,0,0,0,0,0
fullband_2001_145mA_v1,565,1536.300000,1536.29936000,-0.640000,2.056000,2.063631170,0.371166,25.641216,174,1,144.998932,123.275757,2.381287,16.625977,10.457764,63351,53860,7803,13620,8567,,,,0,0,0,0,0
fullband_2001_145mA_v1,566,1536.320000,1536.31977000,-0.230000,2.056000,2.036076883,-0.969023,32.899274,171,1,144.998932,119.352722,2.204590,16.600342,10.500488,63351,52146,7224,13599,8602,,,,0,0,0,0,0
fullband_2001_145mA_v1,567,1536.340000,1536.33930000,-0.700000,2.056000,2.060206130,0.204578,25.018125,174,1,144.998932,119.691467,2.153015,16.265869,10.194092,63351,52294,7055,13325,8351,,,,0,0,0,0,0
fullband_2001_145mA_v1,568,1536.360000,1536.35915000,-0.850000,2.056000,2.050441324,-0.270364,30.995348,152,1,144.998932,121.929932,6.245422,16.600342,10.500488,63351,53272,20465,13599,8602,,,,0,0,0,0,0
fullband_2001_145mA_v1,569,1536.380000,1536.37969000,-0.310000,2.056000,2.042282876,-0.667175,27.718440,178,1,144.998932,114.740753,5.815430,16.600342,10.500488,63351,50131,19056,13599,8602,,,,0,0,0,0,0
fullband_2001_145mA_v1,570,1536.400000,1536.39919000,-0.810000,2.056000,2.046425590,-0.465681,27.724300,156,1,144.998932,115.722656,5.443115,16.550293,10.500488,63351,50560,17836,13558,8602,,,,0,0,0,0,0
fullband_2001_145mA_v1,571,1536.420000,1536.41911000,-0.890000,2.056000,2.045791586,-0.496518,30.905036,164,1,144.998932,114.765930,5.038757,16.600342,10.500488,63351,50142,16511,13599,8602,,,,0,0,0,0,0
fullband_2001_145mA_v1,572,1536.440000,1536.43921000,-0.790000,2.056000,2.064152272,0.396511,31.386930,158,1,144.998932,113.264465,4.706421,16.550293,10.500488,63351,49486,15422,13558,8602,,,,0,0,0,0,0
fullband_2001_145mA_v1,573,1536.460000,1536.45872000,-1.280000,2.056000,2.051331164,-0.227083,26.768243,178,1,144.998932,113.987732,4.661560,16.373291,10.290527,63351,49802,15275,13413,8430,,,,0,0,0,0,0
fullband_2001_145mA_v1,574,1536.480000,1536.47855000,-1.450000,2.056000,2.056421686,0.020510,29.528968,173,1,144.998932,113.628387,5.000000,14.964600,10.267334,63351,49645,16384,12259,8411,,,,0,0,0,0,0
fullband_2001_145mA_v1,575,1536.500000,1536.49840000,-1.600000,2.056000,2.057877307,0.091309,28.164572,143,1,144.998932,112.939453,0.994873,16.398926,10.340576,63351,49344,3260,13434,8471,,,,0,0,0,0,0
fullband_2001_145mA_v1,576,1536.520000,1536.51849000,-1.510000,2.056000,2.056717844,0.034915,26.581018,162,1,144.998932,113.548279,0.000000,15.334473,9.471436,63351,49610,0,12562,7759,,,,0,0,0,0,0
fullband_2001_145mA_v1,577,1536.540000,1536.54012000,0.120000,2.056000,2.067991184,0.583229,32.554388,170,1,144.998932,125.569153,9.999695,16.445312,10.363770,63351,54862,32767,13472,8490,,,,0,0,0,0,0
fullband_2001_145mA_v1,578,1536.560000,1536.55905000,-0.950000,2.056000,2.058383998,0.115953,28.623055,176,1,144.998932,119.480896,3.999939,14.913330,10.283203,63351,52202,13107,12217,8424,,,,0,0,0,0,0
fullband_2001_145mA_v1,579,1536.580000,1536.57943000,-0.570000,2.056000,2.049009604,-0.340000,27.128968,159,1,144.998932,129.432678,9.500122,16.783447,9.482422,63351,56550,31130,13749,7768,,,,0,0,0,0,0
fullband_2001_145mA_v1,580,1536.600000,1536.60058000,0.580000,2.056000,2.045242492,-0.523225,29.606089,177,1,144.998932,118.453217,0.911865,15.245361,8.927002,63351,51753,2988,12489,7313,,,,0,0,0,0,0
fullband_2001_145mA_v1,581,1536.620000,1536.61893000,-1.070000,2.056000,2.039725926,-0.791541,25.948501,182,1,144.998932,118.661499,0.829163,15.327148,8.969727,63351,51844,2717,12556,7348,,,,0,0,0,0,0
fullband_2001_145mA_v1,582,1536.640000,1536.63984000,-0.160000,2.056000,2.042614098,-0.651065,29.089578,172,1,144.998932,118.544769,0.758057,15.280762,9.108887,63351,51793,2484,12518,7462,,,,0,0,0,0,0
fullband_2001_145mA_v1,583,1536.660000,1536.66017000,0.170000,2.056000,2.054493838,-0.073257,30.203670,181,1,144.998932,112.339783,0.746155,14.930420,8.955078,63351,49082,2445,12231,7336,,,,0,0,0,0,0
fullband_2001_145mA_v1,584,1536.680000,1536.67897000,-1.030000,2.056000,2.055630586,-0.017968,25.754815,179,1,144.998932,121.662140,9.999695,14.809570,8.833008,63351,53155,32767,12132,7236,,,,0,0,0,0,0
fullband_2001_145mA_v1,585,1536.700000,1536.69937000,-0.630000,2.056000,2.063331550,0.356593,30.674883,139,1,144.998932,115.338135,2.925415,15.050049,9.000244,63351,50392,9586,12329,7373,,,,0,0,0,0,0
fullband_2001_145mA_v1,586,1536.720000,1536.71969000,-0.310000,2.056000,2.079837077,1.159391,28.825694,128,1,144.998932,114.466095,2.698975,15.061035,8.970947,63351,50011,8844,12338,7349,,,,0,0,0,0,0
fullband_2001_145mA_v1,587,1536.740000,1536.74006000,0.060000,2.056000,2.048528536,-0.363398,34.224386,117,1,144.998932,112.071991,2.466431,15.030518,8.985596,63351,48965,8082,12313,7361,,,,0,0,0,0,0
fullband_2001_145mA_v1,588,1536.760000,1536.75864000,-1.360000,2.056000,2.065219043,0.448397,28.871092,137,1,144.998932,115.580750,2.249146,15.021973,8.977051,63351,50498,7370,12306,7354,,,,0,0,0,0,0
fullband_2001_145mA_v1,589,1536.780000,1536.77888000,-1.120000,2.056000,2.058959604,0.143950,31.251731,136,1,144.998932,114.010620,2.212524,14.804688,8.836670,63351,49812,7250,12128,7239,,,,0,0,0,0,0
fullband_2001_145mA_v1,590,1536.800000,1536.79895000,-1.050000,2.056000,2.067703496,0.569236,26.805140,141,1,144.998932,117.871857,6.112366,15.034180,8.940430,63351,51499,20029,12316,7324,,,,0,0,0,0,0
fullband_2001_145mA_v1,591,1536.820000,1536.81875000,-1.250000,2.056000,2.061803564,0.282275,27.609327,135,1,144.998932,118.872070,6.000061,14.849854,8.819580,63351,51936,19661,12165,7225,,,,0,0,0,0,0
fullband_2001_145mA_v1,592,1536.840000,1536.83853000,-1.470000,2.056000,2.048703239,-0.354901,26.228963,144,1,144.998932,119.593048,7.000122,13.540039,8.803711,63351,52251,22938,11092,7212,,,,0,0,0,0,0
fullband_2001_145mA_v1,593,1536.860000,1536.85907000,-0.930000,2.056000,2.071877385,0.772246,27.071232,148,1,144.998932,117.317963,2.000122,13.399658,8.861084,63351,51257,6554,10977,7259,,,,0,0,0,0,0
fullband_2001_145mA_v1,594,1536.880000,1536.87923000,-0.770000,2.056000,2.050146778,-0.284690,31.239081,177,1,144.998932,117.842102,6.775208,13.428955,7.584229,63351,51486,22201,11001,6213,,,,0,0,0,0,0
fullband_2001_145mA_v1,595,1536.900000,1536.89936000,-0.640000,2.056000,2.051989376,-0.195069,30.198416,185,1,144.998932,117.649841,1.805420,13.559570,7.454834,63351,51402,5916,11108,6107,,,,0,0,0,0,0
fullband_2001_145mA_v1,596,1536.920000,1536.92062000,0.620000,2.056000,2.047199067,-0.428061,31.903263,165,1,144.998932,115.168762,1.682129,13.568115,7.463379,63351,50318,5512,11115,6114,,,,0,0,0,0,0
fullband_2001_145mA_v1,597,1536.940000,1536.94000000,0.000000,2.056000,2.045461733,-0.512562,32.602014,154,1,144.998932,113.699341,1.551514,13.599854,7.500000,63351,49676,5084,11141,6144,,,,0,0,0,0,0
fullband_2001_145mA_v1,598,1536.960000,1536.95883000,-1.170000,2.056000,2.048287587,-0.375117,28.662911,132,1,144.998932,114.523315,1.428833,13.599854,7.550049,63351,50036,4682,11141,6185,,,,0,0,0,0,0
fullband_2001_145mA_v1,599,1536.980000,1536.97999000,-0.010000,2.056000,2.047805514,-0.398565,32.058955,148,1,144.998932,110.746765,1.307068,13.581543,7.553711,63351,48386,4283,11126,6188,,,,0,0,0,0,0
fullband_2001_145mA_v1,600,1537.000000,1537.00145000,1.450000,2.056000,2.098656694,2.074742,32.113352,151,1,144.998932,108.675385,1.299438,13.233643,7.514648,63351,47481,4258,10841,6156,,,,0,0,0,0,0
fullband_2001_145mA_v1,601,1537.020000,1537.01916000,-0.840000,2.056000,2.056386580,0.018803,26.972554,164,1,144.998932,111.660004,4.500122,13.356934,7.492676,63351,48785,14746,10942,6138,,,,0,0,0,0,0
fullband_2001_145mA_v1,602,1537.040000,1537.03987000,-0.130000,2.056000,2.060988588,0.242636,27.303850,161,1,144.998932,112.243652,0.965271,13.566895,7.545166,63351,49040,3163,11114,6181,,,,0,0,0,0,0
fullband_2001_145mA_v1,603,1537.060000,1537.05898000,-1.020000,2.056000,2.058948088,0.143390,29.325573,124,1,144.998932,110.153961,0.961304,13.287354,7.460938,63351,48127,3150,10885,6112,,,,0,0,0,0,0
fullband_2001_145mA_v1,604,1537.080000,1537.07944000,-0.560000,2.056000,2.053161614,-0.138054,27.873885,183,1,144.998932,107.583618,0.000000,11.701660,7.369385,63351,47004,0,9586,6037,,,,0,0,0,0,0
fullband_2001_145mA_v1,605,1537.100000,1537.09934000,-0.660000,2.056000,2.050960338,-0.245120,27.042750,154,1,144.998932,116.883087,3.500061,13.349609,7.437744,63351,51067,11469,10936,6093,,,,0,0,0,0,0
fullband_2001_145mA_v1,606,1537.120000,1537.12073000,0.730000,2.056000,2.050427713,-0.271026,33.500958,142,1,144.998932,118.952179,0.621643,13.515625,7.535400,63351,51971,2037,11072,6173,,,,0,0,0,0,0
fullband_2001_145mA_v1,607,1537.140000,1537.13971000,-0.290000,2.056000,2.056839519,0.040833,29.309751,161,1,144.998932,119.881439,0.538635,13.521729,7.484131,63351,52377,1765,11077,6131,,,,0,0,0,0,0
fullband_2001_145mA_v1,608,1537.160000,1537.15901000,-0.990000,2.056000,2.051551049,-0.216389,27.879374,155,1,144.998932,119.888306,0.510254,13.365479,7.426758,63351,52380,1672,10949,6084,,,,0,0,0,0,0
fullband_2001_145mA_v1,609,1537.180000,1537.17959000,-0.410000,2.056000,2.048402405,-0.369533,30.448397,135,1,144.998932,119.183350,0.778503,11.993408,7.440186,63351,52072,2551,9825,6095,,,,0,0,0,0,0
fullband_2001_145mA_v1,610,1537.200000,1537.19981000,-0.190000,2.056000,2.040480788,-0.754826,28.784137,116,1,144.998932,120.435333,9.687195,12.030029,7.514648,63351,52619,31743,9855,6156,,,,0,0,0,0,0
fullband_2001_145mA_v1,611,1537.220000,1537.21892000,-1.080000,2.056000,2.038620443,-0.845309,27.318109,129,1,144.998932,120.350647,9.169922,11.993408,7.437744,63351,52582,30048,9825,6093,,,,0,0,0,0,0
fullband_2001_145mA_v1,612,1537.240000,1537.24072000,0.720000,2.056000,2.074877418,0.918162,33.661304,134,1,144.998932,119.952393,8.999939,11.839600,7.314453,63351,52408,29491,9699,5992,,,,0,0,0,0,0
fullband_2001_145mA_v1,613,1537.260000,1537.25814000,-1.860000,2.056000,2.066060121,0.489305,26.913364,142,1,144.998932,118.574524,9.272461,10.738525,7.500000,63351,51806,30384,8797,6144,,,,0,0,0,0,0
fullband_2001_145mA_v1,614,1537.280000,1537.27982000,-0.180000,2.056000,2.036600247,-0.943568,27.325705,139,1,144.998932,114.866638,7.000122,12.027588,7.475586,63351,50186,22938,9853,6124,,,,0,0,0,0,0
fullband_2001_145mA_v1,615,1537.300000,1537.29896000,-1.040000,2.056000,2.052485416,-0.170943,30.338056,143,1,144.998932,116.407013,7.000122,11.856689,7.338867,63351,50859,22938,9713,6012,,,,0,0,0,0,0
fullband_2001_145mA_v1,616,1537.320000,1537.31921000,-0.790000,2.056000,2.056758790,0.036906,26.719621,116,1,144.998932,108.283997,0.248718,11.877441,7.344971,63351,47310,815,9730,6017,,,,0,0,0,0,0
fullband_2001_145mA_v1,617,1537.340000,1537.33985000,-0.150000,2.056000,2.061940115,0.288916,27.179455,125,1,144.998932,111.076355,1.734314,11.832275,7.322998,63351,48530,5683,9693,5999,,,,0,0,0,0,0
fullband_2001_145mA_v1,618,1537.360000,1537.35909000,-0.910000,2.056000,2.062828510,0.332126,28.511716,163,1,144.998932,113.280487,8.500061,10.285645,6.237793,63351,49493,27853,8426,5110,,,,0,0,0,0,0
fullband_2001_145mA_v1,619,1537.380000,1537.37897000,-1.030000,2.056000,2.069346753,0.649161,28.558183,137,1,144.998932,110.387421,2.500000,10.426025,6.165771,63351,48229,8192,8541,5051,,,,0,0,0,0,0
fullband_2001_145mA_v1,620,1537.400000,1537.40019000,0.190000,2.056000,2.058914551,0.141758,29.281403,150,1,144.998932,112.417603,7.420349,10.550537,6.049805,63351,49116,24315,8643,4956,,,,0,0,0,0,0
fullband_2001_145mA_v1,621,1537.420000,1537.41932000,-0.680000,2.056000,2.059169017,0.154135,25.575453,119,1,144.998932,118.258667,7.059021,10.550537,6.049805,63351,51668,23131,8643,4956,,,,0,0,0,0,0
fullband_2001_145mA_v1,622,1537.440000,1537.43915000,-0.850000,2.056000,2.053479942,-0.122571,24.346314,123,1,144.998932,119.989014,6.634521,10.594482,6.005859,63351,52424,21740,8679,4920,,,,0,0,0,0,0
fullband_2001_145mA_v1,623,1537.460000,1537.45981000,-0.190000,2.056000,2.059890245,0.189214,34.595321,136,1,144.998932,118.315887,6.344604,10.550537,5.999756,63351,51693,20790,8643,4915,,,,0,0,0,0,0
fullband_2001_145mA_v1,624,1537.480000,1537.47969000,-0.310000,2.056000,2.057391054,0.067658,26.170467,125,1,144.998932,118.249512,6.080322,10.424805,5.988770,63351,51664,19924,8540,4906,,,,0,0,0,0,0
fullband_2001_145mA_v1,625,1537.500000,1537.49948000,-0.520000,2.056000,2.053846125,-0.104760,26.063861,112,1,144.998932,115.276337,5.625305,10.513916,5.997314,63351,50365,18433,8613,4913,,,,0,0,0,0,0
fullband_2001_145mA_v1,626,1537.520000,1537.51948000,-0.520000,2.056000,2.045189771,-0.525789,27.684570,144,1,144.998932,117.562866,5.499878,10.295410,6.003418,63351,51364,18022,8434,4918,,,,0,0,0,0,0
fullband_2001_145mA_v1,627,1537.540000,1537.53910000,-0.900000,2.056000,2.049293110,-0.326211,28.496351,142,1,144.998932,113.060760,1.383362,10.286865,5.941162,63351,49397,4533,8427,4867,,,,0,0,0,0,0
fullband_2001_145mA_v1,628,1537.560000,1537.56009000,0.090000,2.056000,2.063917987,0.385116,33.891136,151,1,144.998932,109.032440,1.121826,10.587158,5.994873,63351,47637,3676,8673,4911,,,,0,0,0,0,0
fullband_2001_145mA_v1,629,1537.580000,1537.57883000,-1.170000,2.056000,2.058155860,0.104857,27.102650,136,1,144.998932,111.447144,1.000366,10.600586,5.999756,63351,48692,3278,8684,4915,,,,0,0,0,0,0
fullband_2001_145mA_v1,630,1537.600000,1537.59822000,-1.780000,2.056000,2.064408645,0.408981,32.739868,154,1,144.998932,110.664368,0.903931,10.539551,6.070557,63351,48350,2962,8634,4973,,,,0,0,0,0,0
fullband_2001_145mA_v1,631,1537.620000,1537.61830000,-1.700000,2.056000,2.061307370,0.258141,30.969455,160,1,144.998932,109.426117,0.903625,10.328369,5.965576,63351,47809,2961,8461,4887,,,,0,0,0,0,0
fullband_2001_145mA_v1,632,1537.640000,1537.63875000,-1.250000,2.056000,2.055283743,-0.034837,31.093171,146,1,144.998932,108.522034,0.808105,10.335693,5.909424,63351,47414,2648,8467,4841,,,,0,0,0,0,0
fullband_2001_145mA_v1,633,1537.660000,1537.65881000,-1.190000,2.056000,2.061095281,0.247825,29.664770,155,1,144.998932,116.464233,9.999695,10.419922,5.902100,63351,50884,32767,8536,4835,,,,0,0,0,0,0
fullband_2001_145mA_v1,634,1537.680000,1537.67999000,-0.010000,2.056000,2.053168185,-0.137734,31.942208,169,1,144.998932,119.464874,9.999695,10.264893,5.794678,63351,52195,32767,8409,4747,,,,0,0,0,0,0
fullband_2001_145mA_v1,635,1537.700000,1537.69896000,-1.040000,2.056000,2.064312094,0.404285,30.460211,158,1,144.998932,112.493134,0.521240,10.357666,5.919189,63351,49149,1708,8485,4849,,,,0,0,0,0,0
fullband_2001_145mA_v1,636,1537.720000,1537.71832000,-1.680000,2.056000,2.065198068,0.447377,32.046935,133,1,144.998932,113.356018,0.921631,8.878174,5.692139,63351,49526,3020,7273,4663,,,,0,0,0,0,0
fullband_2001_145mA_v1,637,1537.740000,1537.73901000,-0.990000,2.056000,2.061209189,0.253365,30.460227,145,1,144.998932,115.008545,3.500061,8.958740,5.922852,63351,50248,11469,7339,4852,,,,0,0,0,0,0
fullband_2001_145mA_v1,638,1537.760000,1537.75980000,-0.200000,2.056000,2.052048424,-0.192197,32.956020,159,1,144.998932,119.032288,9.655762,8.986816,5.976562,63351,52006,31640,7362,4896,,,,0,0,0,0,0
fullband_2001_145mA_v1,639,1537.780000,1537.77952000,-0.480000,2.056000,2.072349277,0.795198,32.656948,140,1,144.998932,120.719147,9.500122,8.948975,5.821533,63351,52743,31130,7331,4769,,,,0,0,0,0,0
fullband_2001_145mA_v1,640,1537.800000,1537.79967000,-0.330000,2.056000,2.049366114,-0.322660,32.216288,158,1,144.998932,113.868713,0.511780,8.894043,5.902100,63351,49750,1677,7286,4835,,,,0,0,0,0,0
fullband_2001_145mA_v1,641,1537.820000,1537.82008000,0.080000,2.056000,2.067089172,0.539357,31.735852,155,1,144.998932,114.731598,7.591248,9.024658,5.958252,63351,50127,24875,7393,4881,,,,0,0,0,0,0
fullband_2001_145mA_v1,642,1537.840000,1537.83983000,-0.170000,2.056000,2.051300349,-0.228582,31.918189,159,1,144.998932,114.825439,6.948853,9.022217,5.955811,63351,50168,22770,7391,4879,,,,0,0,0,0,0
fullband_2001_145mA_v1,643,1537.860000,1537.85999000,-0.010000,2.056000,2.048222775,-0.378270,30.684919,165,1,144.998932,111.172485,1.787109,9.259033,5.887451,63351,48572,5856,7585,4823,,,,0,0,0,0,0
fullband_2001_145mA_v1,644,1537.880000,1537.87901000,-0.990000,2.056000,2.035640529,-0.990247,31.862812,170,1,144.998932,109.270477,1.802979,8.908691,5.903320,63351,47741,5908,7298,4836,,,,0,0,0,0,0
fullband_2001_145mA_v1,645,1537.900000,1537.89994000,-0.060000,2.056000,2.046206279,-0.476348,31.236543,166,1,144.998932,106.043243,1.556702,8.956299,5.899658,63351,46331,5101,7337,4833,,,,0,0,0,0,0
fullband_2001_145mA_v1,646,1537.920000,1537.91994000,-0.060000,2.056000,2.074709330,0.909987,32.911295,162,1,144.998932,102.204895,2.457886,8.100586,4.499512,63351,44654,8054,6636,3686,,,,0,0,0,0,0
fullband_2001_145mA_v1,647,1537.940000,1537.93933000,-0.670000,2.056000,2.039319481,-0.811309,28.393842,141,1,144.998932,105.937958,2.464600,7.816162,4.656982,63351,46285,8076,6403,3815,,,,0,0,0,0,0
fullband_2001_145mA_v1,648,1537.960000,1537.95896000,-1.040000,2.056000,2.054130069,-0.090950,32.193545,154,1,144.998932,110.863495,5.487671,9.122314,4.494629,63351,48437,17982,7473,3682,,,,0,0,0,0,0
fullband_2001_145mA_v1,649,1537.980000,1537.98108000,1.080000,2.056000,2.048969572,-0.341947,31.662269,172,1,144.998932,113.747406,5.240479,9.051514,4.598389,63351,49697,17172,7415,3767,,,,0,0,0,0,0
fullband_2001_145mA_v1,650,1538.000000,1538.00001000,0.010000,2.056000,2.050315387,-0.276489,32.398693,156,1,144.998932,115.354156,5.209351,8.901367,4.511719,63351,50399,17070,7292,3696,,,,0,0,0,0,0
fullband_2001_145mA_v1,651,1538.020000,1538.01980000,-0.200000,2.056000,2.059859046,0.187697,26.392001,158,1,144.998932,112.687683,6.803589,7.500000,4.499512,63351,49234,22294,6144,3686,,,,0,0,0,0,0
fullband_2001_145mA_v1,652,1538.040000,1538.03902000,-0.980000,2.056000,2.067848232,0.576276,26.571254,103,1,144.998932,113.356018,1.844177,7.579346,4.498291,63351,49526,6043,6209,3685,,,,0,0,0,0,0
fullband_2001_145mA_v1,653,1538.060000,1538.05909000,-0.910000,2.056000,2.060552399,0.221420,31.339395,158,1,144.998932,111.376190,1.719666,7.556152,4.489746,63351,48661,5635,6190,3678,,,,0,0,0,0,0
fullband_2001_145mA_v1,654,1538.080000,1538.07987000,-0.130000,2.056000,2.035971419,-0.974153,28.994470,118,1,144.998932,112.873077,1.588745,7.575684,4.492188,63351,49315,5206,6206,3680,,,,0,0,0,0,0
fullband_2001_145mA_v1,655,1538.100000,1538.09995000,-0.050000,2.056000,2.068539307,0.609888,33.576281,149,1,144.998932,112.419891,1.463623,7.600098,4.499512,63351,49117,4796,6226,3686,,,,0,0,0,0,0
fullband_2001_145mA_v1,656,1538.120000,1538.11951000,-0.490000,2.056000,2.022642377,-1.622452,33.170011,134,1,144.998932,109.737396,1.351929,7.569580,4.486084,63351,47945,4430,6201,3675,,,,0,0,0,0,0
fullband_2001_145mA_v1,657,1538.140000,1538.13967000,-0.330000,2.056000,2.056778557,0.037868,28.435003,159,1,144.998932,108.137512,1.341248,7.325439,4.404297,63351,47246,4395,6001,3608,,,,0,0,0,0,0
fullband_2001_145mA_v1,658,1538.160000,1538.15986000,-0.140000,2.056000,2.042990716,-0.632747,33.028578,157,1,144.998932,109.533691,5.000000,7.198486,4.356689,63351,47856,16384,5897,3569,,,,0,0,0,0,0
fullband_2001_145mA_v1,659,1538.180000,1538.18005000,0.050000,2.056000,2.055111157,-0.043232,33.893915,134,1,144.998932,106.082153,1.004333,7.559814,4.522705,63351,46348,3291,6193,3705,,,,0,0,0,0,0
fullband_2001_145mA_v1,660,1538.200000,1538.19969000,-0.310000,2.056000,2.063707246,0.374866,32.673032,156,1,144.998932,106.127930,0.899963,7.550049,4.499512,63351,46368,2949,6185,3686,,,,0,0,0,0,0
fullband_2001_145mA_v1,661,1538.220000,1538.21955000,-0.450000,2.056000,2.038809807,-0.836099,28.745953,148,1,144.998932,105.512238,0.805664,7.528076,4.483643,63351,46099,2640,6167,3673,,,,0,0,0,0,0
fullband_2001_145mA_v1,662,1538.240000,1538.23946000,-0.540000,2.056000,2.038098006,-0.870720,28.072205,134,1,144.998932,106.189728,0.707092,7.528076,4.482422,63351,46395,2317,6167,3672,,,,0,0,0,0,0
fullband_2001_145mA_v1,663,1538.260000,1538.25970000,-0.300000,2.056000,2.063214057,0.350878,29.401819,150,1,144.998932,108.570099,0.614624,7.500000,4.499512,63351,47435,2014,6144,3686,,,,0,0,0,0,0
fullband_2001_145mA_v1,664,1538.280000,1538.27906000,-0.940000,2.056000,2.066723930,0.521592,29.084962,153,1,144.998932,109.304810,0.523376,7.489014,4.539795,63351,47756,1715,6135,3719,,,,0,0,0,0,0
fullband_2001_145mA_v1,665,1538.300000,1538.29914000,-0.860000,2.056000,2.057581782,0.076935,32.314157,156,1,144.998932,108.929443,0.520020,7.380371,4.400635,63351,47592,1704,6046,3605,,,,0,0,0,0,0
fullband_2001_145mA_v1,666,1538.320000,1538.31901000,-0.990000,2.056000,2.067384405,0.553716,28.857256,172,1,144.998932,113.042450,2.588806,7.391357,4.403076,63351,49389,8483,6055,3607,,,,0,0,0,0,0
fullband_2001_145mA_v1,667,1538.340000,1538.33971000,-0.290000,2.056000,2.054608706,-0.067670,30.002253,156,1,144.998932,113.584900,3.132935,6.462402,4.420166,63351,49626,10266,5294,3621,,,,0,0,0,0,0
fullband_2001_145mA_v1,668,1538.360000,1538.35995000,-0.050000,2.056000,2.048494994,-0.365029,28.226916,160,1,144.998932,115.539551,3.095398,6.389160,4.270020,63351,50480,10143,5234,3498,,,,0,0,0,0,0
fullband_2001_145mA_v1,669,1538.380000,1538.37984000,-0.160000,2.056000,2.046361097,-0.468818,30.516729,154,1,144.998932,119.165039,7.999878,7.087402,4.097900,63351,52064,26214,5806,3357,,,,0,0,0,0,0
fullband_2001_145mA_v1,670,1538.400000,1538.39967000,-0.330000,2.056000,2.057782028,0.086675,28.973131,142,1,144.998932,115.182495,7.999878,6.964111,3.940430,63351,50324,26214,5705,3228,,,,0,0,0,0,0
fullband_2001_145mA_v1,671,1538.420000,1538.41939000,-0.610000,2.056000,2.054045894,-0.095044,29.651685,141,1,144.998932,111.943817,0.343018,6.850586,3.908691,63351,48909,1124,5612,3202,,,,0,0,0,0,0
fullband_2001_145mA_v1,672,1538.440000,1538.43993000,-0.070000,2.056000,2.056154819,0.007530,32.403156,157,1,144.998932,110.202026,2.000122,6.925049,3.968506,63351,48148,6554,5673,3251,,,,0,0,0,0,0
fullband_2001_145mA_v1,673,1538.460000,1538.45995000,-0.050000,2.056000,2.056915003,0.044504,31.832072,169,1,144.998932,106.182861,0.138855,6.993408,4.046631,63351,46392,455,5729,3315,,,,0,0,0,0,0
fullband_2001_145mA_v1,674,1538.480000,1538.47925000,-0.750000,2.056000,2.059932118,0.191251,29.417025,160,1,144.998932,104.246521,0.138855,6.864014,3.909912,63351,45546,455,5623,3203,,,,0,0,0,0,0
fullband_2001_145mA_v1,675,1538.500000,1538.49920000,-0.800000,2.056000,2.044177614,-0.575019,27.201322,166,1,144.998932,108.764648,7.237854,6.234131,3.616943,63351,47520,23717,5107,2963,,,,0,0,0,0,0
fullband_2001_145mA_v1,676,1538.520000,1538.51922000,-0.780000,2.056000,2.055611431,-0.018899,27.876086,157,1,144.998932,106.095886,7.223206,6.010742,3.487549,63351,46354,23669,4924,2857,,,,0,0,0,0,0
fullband_2001_145mA_v1,677,1538.540000,1538.53939000,-0.610000,2.056000,2.057090502,0.053040,26.386020,180,1,144.998932,106.592560,7.237854,5.698242,3.398438,63351,46571,23717,4668,2784,,,,0,0,0,0,0
fullband_2001_145mA_v1,678,1538.560000,1538.56029000,0.290000,2.056000,2.072604205,0.807598,26.527117,164,1,144.998932,107.860565,6.849670,5.728760,3.388672,63351,47125,22445,4693,2776,,,,0,0,0,0,0
fullband_2001_145mA_v1,679,1538.580000,1538.57894000,-1.060000,2.056000,2.062643431,0.323124,27.207898,152,1,144.998932,106.278992,1.908875,5.563965,3.497314,63351,46434,6255,4558,2865,,,,0,0,0,0,0
fullband_2001_145mA_v1,680,1538.600000,1538.59951000,-0.490000,2.056000,2.068644839,0.615021,28.159956,155,1,144.998932,111.177063,5.771484,5.802002,3.681641,63351,48574,18912,4753,3016,,,,0,0,0,0,0
fullband_2001_145mA_v1,681,1538.620000,1538.61910000,-0.900000,2.056000,2.063782184,0.378511,31.060357,157,1,144.998932,114.827728,5.449524,5.762939,3.695068,63351,50169,17857,4721,3027,,,,0,0,0,0,0
fullband_2001_145mA_v1,682,1538.640000,1538.64041000,0.410000,2.056000,2.038291813,-0.861293,32.334628,169,1,144.998932,114.186859,5.408936,5.657959,3.613281,63351,49889,17724,4635,2960,,,,0,0,0,0,0
fullband_2001_145mA_v1,683,1538.660000,1538.65911000,-0.890000,2.056000,2.051320542,-0.227600,30.197629,167,1,144.998932,112.326050,4.605408,6.052246,2.972412,63351,49076,15091,4958,2435,,,,0,0,0,0,0
fullband_2001_145mA_v1,684,1538.680000,1538.68052000,0.520000,2.056000,2.053596342,-0.116909,31.479653,163,1,144.998932,114.278412,4.367371,6.054688,2.977295,63351,49929,14311,4960,2439,,,,0,0,0,0,0
fullband_2001_145mA_v1,685,1538.700000,1538.69931000,-0.690000,2.056000,2.061686205,0.276566,30.774498,174,1,144.998932,115.267181,4.108887,6.065674,2.994385,63351,50361,13464,4969,2453,,,,0,0,0,0,0
fullband_2001_145mA_v1,686,1538.720000,1538.71920000,-0.800000,2.056000,2.056661825,0.032190,30.721256,167,1,144.998932,113.932800,3.857117,6.065674,2.996826,63351,49778,12639,4969,2455,,,,0,0,0,0,0
fullband_2001_145mA_v1,687,1538.740000,1538.73979000,-0.210000,2.056000,2.059979725,0.193566,31.258298,168,1,144.998932,109.925079,3.614197,6.062012,3.049316,63351,48027,11843,4966,2498,,,,0,0,0,0,0
fullband_2001_145mA_v1,688,1538.760000,1538.75901000,-0.990000,2.056000,2.058895531,0.140833,31.214997,164,1,144.998932,113.321686,3.341675,6.058350,3.000488,63351,49511,10950,4963,2458,,,,0,0,0,0,0
fullband_2001_145mA_v1,689,1538.780000,1538.77941000,-0.590000,2.056000,2.042071781,-0.677443,29.571318,173,1,144.998932,110.325623,3.085022,6.029053,3.054199,63351,48202,10109,4939,2502,,,,0,0,0,0,0
fullband_2001_145mA_v1,690,1538.800000,1538.79955000,-0.450000,2.056000,2.048329006,-0.373103,31.582120,172,1,144.998932,109.478760,3.080139,5.889893,2.984619,63351,47832,10093,4825,2445,,,,0,0,0,0,0
fullband_2001_145mA_v1,691,1538.820000,1538.81975000,-0.250000,2.056000,2.057862812,0.090604,29.527688,182,1,144.998932,102.339935,0.744019,5.397949,2.717285,63351,44713,2438,4422,2226,,,,0,0,0,0,0
fullband_2001_145mA_v1,692,1538.840000,1538.83930000,-0.700000,2.056000,2.049902216,-0.296585,30.665531,166,1,144.998932,102.447510,0.680847,5.383301,2.750244,63351,44760,2231,4410,2253,,,,0,0,0,0,0
fullband_2001_145mA_v1,693,1538.860000,1538.85901000,-0.990000,2.056000,2.046322785,-0.470682,29.780570,151,1,144.998932,103.706360,0.689392,5.194092,2.750244,63351,45310,2259,4255,2253,,,,0,0,0,0,0
fullband_2001_145mA_v1,694,1538.880000,1538.88088000,0.880000,2.056000,2.045662006,-0.502821,32.975141,166,1,144.998932,107.601929,0.622559,5.156250,2.833252,63351,47012,2040,4224,2321,,,,0,0,0,0,0
fullband_2001_145mA_v1,695,1538.900000,1538.90008000,0.080000,2.056000,2.041067662,-0.726281,31.092538,170,1,144.998932,109.503937,2.959290,5.225830,2.744141,63351,47843,9697,4281,2248,,,,0,0,0,0,0
fullband_2001_145mA_v1,696,1538.920000,1538.91964000,-0.360000,2.056000,2.056840660,0.040888,32.243558,162,1,144.998932,110.007477,3.500061,4.367676,2.746582,63351,48063,11469,3578,2250,,,,0,0,0,0,0
fullband_2001_145mA_v1,697,1538.940000,1538.93909000,-0.910000,2.056000,2.050815084,-0.252185,27.734459,177,1,144.998932,114.385986,9.999695,4.466553,2.814941,63351,49976,32767,3659,2306,,,,0,0,0,0,0
fullband_2001_145mA_v1,698,1538.960000,1538.95920000,-0.800000,2.056000,2.051174709,-0.234693,30.883776,169,1,144.998932,113.447571,2.999878,4.434814,2.866211,63351,49566,9830,3633,2348,,,,0,0,0,0,0
fullband_2001_145mA_v1,699,1538.980000,1538.97886000,-1.140000,2.056000,2.049220449,-0.329745,30.469343,173,1,144.998932,115.457153,8.999939,4.421387,2.835693,63351,50444,29491,3622,2323,,,,0,0,0,0,0
fullband_2001_145mA_v1,700,1539.000000,1538.99962000,-0.380000,2.056000,2.064412590,0.409173,30.055146,174,1,144.998932,111.009979,2.500000,4.437256,2.926025,63351,48501,8192,3635,2397,,,,0,0,0,0,0
fullband_2001_145mA_v1,701,1539.020000,1539.01975000,-0.250000,2.056000,2.040036064,-0.776456,30.217377,173,1,144.998932,113.321686,7.062683,4.957275,2.580566,63351,49511,23143,4061,2114,,,,0,0,0,0,0
fullband_2001_145mA_v1,702,1539.040000,1539.03954000,-0.460000,2.056000,2.062830367,0.332216,32.228735,179,1,144.998932,110.002899,7.000122,4.821777,2.498779,63351,48061,22938,3950,2047,,,,0,0,0,0,0
fullband_2001_145mA_v1,703,1539.060000,1539.06007000,0.070000,2.056000,2.066024513,0.487574,31.155065,169,1,144.998932,100.902557,0.151978,4.528809,2.974854,63351,44085,498,3710,2437,,,,0,0,0,0,0
fullband_2001_145mA_v1,704,1539.080000,1539.07970000,-0.300000,2.056000,2.059580764,0.174162,30.718265,169,1,144.998932,101.454163,0.083313,4.549561,3.000488,63351,44326,273,3727,2458,,,,0,0,0,0,0
fullband_2001_145mA_v1,705,1539.100000,1539.10052000,0.520000,2.056000,2.047951107,-0.391483,31.404152,170,1,144.998932,98.675537,0.034180,4.499512,3.000488,63351,43112,112,3686,2458,,,,0,0,0,0,0
fullband_2001_145mA_v1,706,1539.120000,1539.11914000,-0.860000,2.056000,2.050117057,-0.286135,30.938164,172,1,144.998932,103.653717,4.808350,4.550781,3.000488,63351,45287,15756,3728,2458,,,,0,0,0,0,0
fullband_2001_145mA_v1,707,1539.140000,1539.13805000,-1.950000,2.056000,2.046496249,-0.462245,31.186806,159,1,144.998932,102.399445,4.448547,4.522705,3.000488,63351,44739,14577,3705,2458,,,,0,0,0,0,0
fullband_2001_145mA_v1,708,1539.160000,1539.15892000,-1.080000,2.056000,2.055512849,-0.023694,31.680960,175,1,144.998932,99.149323,0.000000,4.154053,2.829590,63351,43319,0,3403,2318,,,,0,0,0,0,0
fullband_2001_145mA_v1,709,1539.180000,1539.17886000,-1.140000,2.056000,2.066369224,0.504340,31.294606,179,1,144.998932,102.642059,0.000000,4.089355,2.713623,63351,44845,0,3350,2223,,,,0,0,0,0,0
fullband_2001_145mA_v1,710,1539.200000,1539.19996000,-0.040000,2.056000,2.056398238,0.019370,31.197564,175,1,144.998932,105.409241,0.000000,4.006348,2.604980,63351,46054,0,3282,2134,,,,0,0,0,0,0
fullband_2001_145mA_v1,711,1539.220000,1539.21837000,-1.630000,2.056000,2.056962755,0.046827,26.586428,160,1,144.998932,105.354309,0.000000,3.894043,2.495117,63351,46030,0,3190,2044,,,,0,0,0,0,0
fullband_2001_145mA_v1,712,1539.240000,1539.23907000,-0.930000,2.056000,2.056226013,0.010993,29.320220,153,1,144.998932,105.537415,0.000000,3.784180,2.355957,63351,46110,0,3100,1930,,,,0,0,0,0,0
fullband_2001_145mA_v1,713,1539.260000,1539.25910000,-0.900000,2.056000,2.068964033,0.630546,26.502487,171,1,144.998932,112.978363,5.050049,3.608398,2.509766,63351,49361,16548,2956,2056,,,,0,0,0,0,0
fullband_2001_145mA_v1,714,1539.280000,1539.27817000,-1.830000,2.056000,2.050724146,-0.256608,29.661535,167,1,144.998932,113.777161,5.050049,3.526611,2.401123,63351,49710,16548,2889,1967,,,,0,0,0,0,0
fullband_2001_145mA_v1,715,1539.300000,1539.29897000,-1.030000,2.056000,2.058688294,0.130754,26.573108,180,1,144.998932,108.732605,1.011047,3.676758,2.495117,63351,47506,3313,3012,2044,,,,0,0,0,0,0
fullband_2001_145mA_v1,716,1539.320000,1539.31984000,-0.160000,2.056000,2.038587613,-0.846906,29.185883,168,1,144.998932,104.356384,1.010132,3.612061,2.365723,63351,45594,3310,2959,1938,,,,0,0,0,0,0
fullband_2001_145mA_v1,717,1539.340000,1539.33862000,-1.380000,2.056000,2.050978156,-0.244253,26.651626,169,1,144.998932,106.972504,0.988770,3.682861,2.110596,63351,46737,3240,3017,1729,,,,0,0,0,0,0
fullband_2001_145mA_v1,718,1539.360000,1539.35934000,-0.660000,2.056000,2.052835621,-0.153909,29.022023,161,1,144.998932,103.651428,0.979004,3.494873,2.042236,63351,45286,3208,2863,1673,,,,0,0,0,0,0
fullband_2001_145mA_v1,719,1539.380000,1539.37996000,-0.040000,2.056000,2.040327852,-0.762264,29.769269,172,1,144.998932,102.527618,0.892334,3.498535,1.988525,63351,44795,2924,2866,1629,,,,0,0,0,0,0
fullband_2001_145mA_v1,720,1539.400000,1539.39905000,-0.950000,2.056000,2.051004305,-0.242981,29.304940,180,1,144.998932,100.488281,0.756531,3.557129,2.073975,63351,43904,2479,2914,1699,,,,0,0,0,0,0
fullband_2001_145mA_v1,721,1539.420000,1539.41918000,-0.820000,2.056000,2.062262948,0.304618,29.006645,170,1,144.998932,101.016998,0.769653,3.400879,1.926270,63351,44135,2522,2786,1578,,,,0,0,0,0,0
fullband_2001_145mA_v1,722,1539.440000,1539.43938000,-0.620000,2.056000,2.054434786,-0.076129,31.019567,179,1,144.998932,102.635193,2.935486,3.507080,2.292480,63351,44842,9619,2873,1878,,,,0,0,0,0,0
fullband_2001_145mA_v1,723,1539.460000,1539.45907000,-0.930000,2.056000,2.069927937,0.677429,29.656792,161,1,144.998932,102.825165,2.712402,3.547363,2.246094,63351,44925,8888,2906,1840,,,,0,0,0,0,0
fullband_2001_145mA_v1,724,1539.480000,1539.47942000,-0.580000,2.056000,2.051122157,-0.237249,30.189658,167,1,144.998932,105.356598,2.483826,3.541260,2.239990,63351,46031,8139,2901,1835,,,,0,0,0,0,0
fullband_2001_145mA_v1,725,1539.500000,1539.49907000,-0.930000,2.056000,2.064548701,0.415793,29.970831,178,1,144.998932,105.855560,2.489624,3.471680,2.144775,63351,46249,8158,2844,1757,,,,0,0,0,0,0
fullband_2001_145mA_v1,726,1539.520000,1539.51891000,-1.090000,2.056000,2.056352304,0.017135,30.842308,160,1,144.998932,106.661224,2.250061,3.444824,2.170410,63351,46601,7373,2822,1778,,,,0,0,0,0,0
fullband_2001_145mA_v1,727,1539.540000,1539.53972000,-0.280000,2.056000,2.070946711,0.726980,31.476040,179,1,144.998932,111.765289,7.999878,3.308105,2.073975,63351,48831,26214,2710,1699,,,,0,0,0,0,0
fullband_2001_145mA_v1,728,1539.560000,1539.55837000,-1.630000,2.056000,2.041572161,-0.701743,28.520565,172,1,144.998932,110.838318,7.999878,3.227539,1.972656,63351,48426,26214,2644,1616,,,,0,0,0,0,0
fullband_2001_145mA_v1,729,1539.580000,1539.57902000,-0.980000,2.056000,2.051792840,-0.204628,28.233571,170,1,144.998932,111.932373,7.999878,3.132324,1.859131,63351,48904,26214,2566,1523,,,,0,0,0,0,0
fullband_2001_145mA_v1,730,1539.600000,1539.59982000,-0.180000,2.056000,2.065937506,0.483342,31.853949,176,1,144.998932,103.141022,2.311707,3.050537,1.500244,63351,45063,7575,2499,1229,,,,0,0,0,0,0
fullband_2001_145mA_v1,731,1539.620000,1539.61955000,-0.450000,2.056000,2.071982944,0.777381,32.264816,168,1,144.998932,103.656006,2.168579,3.050537,1.500244,63351,45288,7106,2499,1229,,,,0,0,0,0,0
fullband_2001_145mA_v1,732,1539.640000,1539.63950000,-0.500000,2.056000,2.040908554,-0.734020,26.891301,185,1,144.998932,103.388214,2.012634,3.049316,1.501465,63351,45171,6595,2498,1230,,,,0,0,0,0,0
fullband_2001_145mA_v1,733,1539.660000,1539.65951000,-0.490000,2.056000,2.060827282,0.234790,30.176263,180,1,144.998932,101.971436,1.865845,3.050537,1.500244,63351,44552,6114,2499,1229,,,,0,0,0,0,0
fullband_2001_145mA_v1,734,1539.680000,1539.67893000,-1.070000,2.056000,2.068574530,0.611602,30.721677,158,1,144.998932,102.504730,1.726074,3.045654,1.602783,63351,44785,5656,2495,1313,,,,0,0,0,0,0
fullband_2001_145mA_v1,735,1539.700000,1539.70000000,0.000000,2.056000,2.038474049,-0.852430,31.217921,185,1,144.998932,98.103333,1.752319,2.858887,1.494141,63351,42862,5742,2342,1224,,,,0,0,0,0,0
fullband_2001_145mA_v1,736,1539.720000,1539.71950000,-0.500000,2.056000,2.062120729,0.297701,31.751444,160,1,144.998932,100.009918,1.611938,2.872314,1.536865,63351,43695,5282,2353,1259,,,,0,0,0,0,0
fullband_2001_145mA_v1,737,1539.740000,1539.73886000,-1.140000,2.056000,2.058110423,0.102647,28.667225,177,1,144.998932,120.817566,2.927856,3.083496,29.998779,63351,52786,9594,2526,24575,,,,0,0,0,0,0
fullband_2001_145mA_v1,738,1539.760000,1539.75923000,-0.770000,2.056000,2.055147802,-0.041449,30.573120,178,1,144.998932,123.948669,2.825317,3.018799,29.998779,63351,54154,9258,2473,24575,,,,0,0,0,0,0
fullband_2001_145mA_v1,739,1539.780000,1539.77891000,-1.090000,2.056000,2.059346638,0.162774,28.148480,166,1,144.998932,122.218323,2.756348,2.943115,29.997559,63351,53398,9032,2411,24574,,,,0,0,0,0,0
fullband_2001_145mA_v1,740,1539.800000,1539.79926000,-0.740000,2.056000,2.057292567,0.062868,29.070799,162,1,144.998932,123.843384,2.484131,2.965088,28.503418,63351,54108,8140,2429,23350,,,,0,0,0,0,0
fullband_2001_145mA_v1,741,1539.820000,1539.81978000,-0.220000,2.056000,2.070677216,0.713872,30.342154,175,1,144.998932,127.649689,0.429688,2.971191,29.997559,63351,55771,1408,2434,24574,,,,0,0,0,0,0
fullband_2001_145mA_v1,742,1539.840000,1539.83854000,-1.460000,2.056000,2.063131115,0.346844,29.092934,172,1,144.998932,128.672791,2.070312,3.022461,28.549805,63351,56218,6784,2476,23388,,,,0,0,0,0,0
fullband_2001_145mA_v1,743,1539.860000,1539.85962000,-0.380000,2.056000,2.057583573,0.077022,31.204738,173,1,144.998932,128.766632,1.884766,3.013916,28.499756,63351,56259,6176,2469,23347,,,,0,0,0,0,0
fullband_2001_145mA_v1,744,1539.880000,1539.87901000,-0.990000,2.056000,2.053423288,-0.125326,29.866312,175,1,144.998932,127.844238,1.702271,3.010254,28.499756,63351,55856,5578,2466,23347,,,,0,0,0,0,0
fullband_2001_145mA_v1,745,1539.900000,1539.90075000,0.750000,2.056000,2.065822518,0.477749,30.398607,169,1,144.998932,124.108887,1.600037,2.962646,28.499756,63351,54224,5243,2427,23347,,,,0,0,0,0,0
fullband_2001_145mA_v1,746,1539.920000,1539.91832000,-1.680000,2.056000,2.053553288,-0.119003,29.570638,176,1,144.998932,114.166260,8.583679,3.000488,1.494141,63351,49880,28127,2458,1224,,,,0,0,0,0,0
fullband_2001_145mA_v1,747,1539.940000,1539.94033000,0.330000,2.056000,2.060691155,0.228169,31.242487,169,1,144.998932,106.636047,9.999695,2.631836,1.588135,63351,46590,32767,2156,1301,,,,0,0,0,0,0
fullband_2001_145mA_v1,748,1539.960000,1539.95993000,-0.070000,2.056000,2.056137969,0.006711,31.458046,165,1,144.998932,103.791046,9.999695,2.564697,1.512451,63351,45347,32767,2101,1239,,,,0,0,0,0,0
fullband_2001_145mA_v1,749,1539.980000,1539.97971000,-0.290000,2.056000,2.053312372,-0.130721,28.333571,180,1,144.998932,104.994965,9.999695,2.469482,1.452637,63351,45873,32767,2023,1190,,,,0,0,0,0,0
fullband_2001_145mA_v1,750,1540.000000,1539.99951000,-0.490000,2.056000,2.058615228,0.127200,28.158068,164,1,144.998932,99.192810,0.634766,2.235107,1.280518,63351,43338,2080,1831,1049,,,,0,0,0,0,0
fullband_2001_145mA_v1,751,1540.020000,1540.01889000,-1.110000,2.056000,2.059394772,0.165115,27.119278,172,1,144.998932,97.554016,0.634766,2.128906,1.179199,63351,42622,2080,1744,966,,,,0,0,0,0,0
fullband_2001_145mA_v1,752,1540.040000,1540.03851000,-1.490000,2.056000,2.049809950,-0.301072,30.882516,188,1,144.998932,98.023224,2.931519,2.290039,0.985107,63351,42827,9606,1876,807,,,,0,0,0,0,0
fullband_2001_145mA_v1,753,1540.060000,1540.05997000,-0.030000,2.056000,2.061105760,0.248335,28.607792,165,1,144.998932,100.369263,2.748108,2.293701,0.993652,63351,43852,9005,1879,814,,,,0,0,0,0,0
fullband_2001_145mA_v1,754,1540.080000,1540.08015000,0.150000,2.056000,2.051898264,-0.199501,32.101862,175,1,144.998932,104.479980,2.808228,2.138672,1.065674,63351,45648,9202,1752,873,,,,0,0,0,0,0
fullband_2001_145mA_v1,755,1540.100000,1540.09981000,-0.190000,2.056000,2.053436886,-0.124665,31.032132,161,1,144.998932,102.037811,0.335693,2.238770,1.044922,63351,44581,1100,1834,856,,,,0,0,0,0,0
fullband_2001_145mA_v1,756,1540.120000,1540.11974000,-0.260000,2.056000,2.059732226,0.181529,30.467093,172,1,144.998932,103.708649,0.277100,2.248535,0.999756,63351,45311,908,1842,819,,,,0,0,0,0,0
fullband_2001_145mA_v1,757,1540.140000,1540.13986000,-0.140000,2.056000,2.065196746,0.447313,31.311504,170,1,144.998932,104.516602,0.222473,2.222900,1.038818,63351,45664,729,1821,851,,,,0,0,0,0,0
fullband_2001_145mA_v1,758,1540.160000,1540.15886000,-1.140000,2.056000,2.054471098,-0.074363,30.536799,168,1,144.998932,105.908203,0.158081,2.233887,1.063232,63351,46272,518,1830,871,,,,0,0,0,0,0
fullband_2001_145mA_v1,759,1540.180000,1540.17861000,-1.390000,2.056000,2.061411849,0.263222,30.677803,180,1,144.998932,104.324341,0.166626,2.148438,0.965576,63351,45580,546,1760,791,,,,0,0,0,0,0
fullband_2001_145mA_v1,760,1540.200000,1540.19984000,-0.160000,2.056000,2.038151449,-0.868120,30.914084,169,1,144.998932,102.136230,0.044861,2.150879,1.186523,63351,44624,147,1762,972,,,,0,0,0,0,0
fullband_2001_145mA_v1,761,1540.220000,1540.21944000,-0.560000,2.056000,2.054340821,-0.080699,29.998420,168,1,144.998932,101.673889,1.499939,2.174072,1.027832,63351,44422,4915,1781,842,,,,0,0,0,0,0
fullband_2001_145mA_v1,762,1540.240000,1540.23959000,-0.410000,2.056000,2.061031137,0.244705,30.347581,174,1,144.998932,102.026367,1.499939,2.083740,0.997314,63351,44576,4915,1707,817,,,,0,0,0,0,0
fullband_2001_145mA_v1,763,1540.260000,1540.26034000,0.340000,2.056000,2.060023013,0.195672,28.311008,177,1,144.998932,124.207306,5.957947,29.948730,26.750488,63351,54267,19523,24534,21914,,,,0,0,0,0,0
fullband_2001_145mA_v1,764,1540.280000,1540.27952000,-0.480000,2.056000,2.048836719,-0.348409,26.356402,154,1,144.998932,128.878784,6.846008,29.871826,24.135742,63351,56308,22433,24471,19772,,,,0,0,0,0,0
fullband_2001_145mA_v1,765,1540.300000,1540.29919000,-0.810000,2.056000,2.060505898,0.219158,26.252792,162,1,144.998932,124.266815,6.545715,29.998779,24.144287,63351,54293,21449,24575,19779,,,,0,0,0,0,0
fullband_2001_145mA_v1,766,1540.320000,1540.31885000,-1.150000,2.056000,2.059681404,0.179057,23.674872,36,1,144.998932,125.493622,6.401672,29.781494,23.151855,63351,54829,20977,24397,18966,,,,0,0,0,0,0
fullband_2001_145mA_v1,767,1540.340000,1540.34029000,0.290000,2.056000,2.050828551,-0.251530,27.382199,151,1,144.998932,116.111755,2.676392,1.500244,26.999512,63351,50730,8770,1229,22118,,,,0,0,0,0,0
fullband_2001_145mA_v1,768,1540.360000,1540.35906000,-0.940000,2.056000,2.048920817,-0.344318,25.918483,173,1,144.998932,121.259308,2.849426,1.516113,25.489502,63351,52979,9337,1242,20881,,,,0,0,0,0,0
fullband_2001_145mA_v1,769,1540.380000,1540.37831000,-1.690000,2.056000,2.051104791,-0.238094,27.520517,154,1,144.998932,129.190063,5.499878,29.746094,23.699951,63351,56444,18022,24368,19415,,,,0,0,0,0,0
fullband_2001_145mA_v1,770,1540.400000,1540.39951000,-0.490000,2.056000,2.073071762,0.830339,26.520172,177,1,144.998932,121.451569,6.594238,1.621094,27.027588,63351,53063,21608,1328,22141,,,,0,0,0,0,0
fullband_2001_145mA_v1,771,1540.420000,1540.41915000,-0.850000,2.056000,2.054682850,-0.064064,25.176708,167,1,144.998932,125.548553,7.316284,1.500244,25.500488,63351,54853,23974,1229,20890,,,,0,0,0,0,0
fullband_2001_145mA_v1,772,1540.440000,1540.43997000,-0.030000,2.056000,2.056996639,0.048475,33.064418,168,1,144.998932,120.753479,1.893616,1.523438,26.934814,63351,52758,6205,1248,22065,,,,0,0,0,0,0
fullband_2001_145mA_v1,773,1540.460000,1540.45897000,-1.030000,2.056000,2.062306407,0.306732,24.989140,180,1,144.998932,122.673798,0.341492,1.500244,25.650635,63351,53597,1119,1229,21013,,,,0,0,0,0,0
fullband_2001_145mA_v1,774,1540.480000,1540.47865000,-1.350000,2.056000,2.051204422,-0.233248,25.198883,163,1,144.998932,118.428040,0.320435,1.402588,25.523682,63351,51742,1050,1149,20909,,,,0,0,0,0,0
fullband_2001_145mA_v1,775,1540.500000,1540.50005000,0.050000,2.056000,2.049986358,-0.292492,29.378209,166,1,144.998932,122.845459,6.478577,1.524658,22.498779,63351,53672,21229,1249,18431,,,,0,0,0,0,0
fullband_2001_145mA_v1,776,1540.520000,1540.51924000,-0.760000,2.056000,2.064494081,0.413136,30.506852,180,1,144.998932,123.143005,6.164246,1.540527,22.498779,63351,53802,20199,1262,18431,,,,0,0,0,0,0
fullband_2001_145mA_v1,777,1540.540000,1540.53909000,-0.910000,2.056000,2.053990526,-0.097737,30.272395,174,1,144.998932,119.954681,5.849304,1.544189,22.498779,63351,52409,19167,1265,18431,,,,0,0,0,0,0
fullband_2001_145mA_v1,778,1540.560000,1540.55920000,-0.800000,2.056000,2.054654161,-0.065459,29.248370,163,1,144.998932,117.411804,5.572205,1.534424,22.500000,63351,51298,18259,1257,18432,,,,0,0,0,0,0
fullband_2001_145mA_v1,779,1540.580000,1540.57842000,-1.580000,2.056000,2.045375229,-0.516769,26.926622,185,1,144.998932,118.384552,5.517883,1.457520,22.500000,63351,51723,18081,1194,18432,,,,0,0,0,0,0
fullband_2001_145mA_v1,780,1540.600000,1540.59958000,-0.420000,2.056000,2.060358919,0.212010,25.707984,166,1,144.998932,113.960266,4.367371,1.402588,25.483398,63351,49790,14311,1149,20876,,,,0,0,0,0,0
fullband_2001_145mA_v1,781,1540.620000,1540.61946000,-0.540000,2.056000,2.054666665,-0.064851,25.523996,164,1,144.998932,113.511658,1.084595,1.397705,25.487061,63351,49594,3554,1145,20879,,,,0,0,0,0,0
fullband_2001_145mA_v1,782,1540.640000,1540.63986000,-0.140000,2.056000,2.054572316,-0.069440,31.098736,173,1,144.998932,117.528534,3.732300,1.419678,25.485840,63351,51349,12230,1163,20878,,,,0,0,0,0,0
fullband_2001_145mA_v1,783,1540.660000,1540.65818000,-1.820000,2.056000,2.054495806,-0.073161,25.531337,99,1,144.998932,120.105743,0.609741,28.220215,22.266846,63351,52475,1998,23118,18241,,,,0,0,0,0,0
fullband_2001_145mA_v1,784,1540.680000,1540.67885000,-1.150000,2.056000,2.050399579,-0.272394,27.397453,178,1,144.998932,120.412445,3.698730,1.447754,23.995361,63351,52609,12120,1186,19657,,,,0,0,0,0,0
fullband_2001_145mA_v1,785,1540.700000,1540.69997000,-0.030000,2.056000,2.060678700,0.227563,29.525887,177,1,144.998932,125.434113,3.582458,1.490479,22.800293,63351,54803,11739,1221,18678,,,,0,0,0,0,0
fullband_2001_145mA_v1,786,1540.720000,1540.71969000,-0.310000,2.056000,2.062018750,0.292741,29.177257,179,1,144.998932,124.786377,3.270264,1.503906,22.501221,63351,54520,10716,1232,18433,,,,0,0,0,0,0
fullband_2001_145mA_v1,787,1540.740000,1540.73958000,-0.420000,2.056000,2.045819953,-0.495138,28.174418,167,1,144.998932,125.168610,3.096313,1.470947,22.498779,63351,54687,10146,1205,18431,,,,0,0,0,0,0
fullband_2001_145mA_v1,788,1540.760000,1540.75977000,-0.230000,2.056000,2.052482893,-0.171066,29.306253,173,1,144.998932,126.928711,8.516846,1.477051,22.548828,63351,55456,27908,1210,18472,,,,0,0,0,0,0
fullband_2001_145mA_v1,789,1540.780000,1540.77923000,-0.770000,2.056000,2.065900768,0.481555,26.353118,143,1,144.998932,133.360291,6.280518,28.599854,19.499512,63351,58266,20580,23429,15974,,,,0,0,0,0,0
fullband_2001_145mA_v1,790,1540.800000,1540.79935000,-0.650000,2.056000,2.063704110,0.374713,27.159281,179,1,144.998932,129.869843,5.797729,28.599854,19.499512,63351,56741,18998,23429,15974,,,,0,0,0,0,0
fullband_2001_145mA_v1,791,1540.820000,1540.81916000,-0.840000,2.056000,2.062003780,0.292013,25.785313,169,1,144.998932,128.045654,5.536499,28.355713,19.461670,63351,55944,18142,23229,15943,,,,0,0,0,0,0
fullband_2001_145mA_v1,792,1540.840000,1540.83825000,-1.750000,2.056000,2.067267557,0.548033,30.931016,169,1,144.998932,131.112671,5.536499,27.827148,19.287109,63351,57284,18142,22796,15800,,,,0,0,0,0,0
fullband_2001_145mA_v1,793,1540.860000,1540.85927000,-0.730000,2.056000,2.062188222,0.300984,23.861670,154,1,144.998932,123.632812,6.610718,23.927002,19.643555,63351,54016,21662,19601,16092,,,,0,0,0,0,0
fullband_2001_145mA_v1,794,1540.880000,1540.87895000,-1.050000,2.056000,2.061682967,0.276409,26.242833,177,1,144.998932,120.840454,6.357422,23.977051,19.643555,63351,52796,20832,19642,16092,,,,0,0,0,0,0
fullband_2001_145mA_v1,795,1540.900000,1540.89963000,-0.370000,2.056000,2.063867993,0.382684,28.731844,90,1,144.998932,117.340851,0.000000,26.976318,20.904541,63351,51267,0,22099,17125,,,,0,0,0,0,0
fullband_2001_145mA_v1,796,1540.920000,1540.91897000,-1.030000,2.056000,2.053416295,-0.125667,25.326821,57,1,144.998932,120.378113,5.934753,23.781738,18.894043,63351,52594,19447,19482,15478,,,,0,0,0,0,0
fullband_2001_145mA_v1,797,1540.940000,1540.93945000,-0.550000,2.056000,2.066036577,0.488160,23.622822,71,1,144.998932,121.959686,5.474243,24.184570,17.998047,63351,53285,17938,19812,14744,,,,0,0,0,0,0
fullband_2001_145mA_v1,798,1540.960000,1540.95985000,-0.150000,2.056000,2.065413765,0.457868,24.637181,53,1,144.998932,122.630310,5.439453,23.579102,18.763428,63351,53578,17824,19316,15371,,,,0,0,0,0,0
fullband_2001_145mA_v1,799,1540.980000,1540.97861000,-1.390000,2.056000,2.049313071,-0.325240,25.329094,178,1,144.998932,128.441620,5.000000,23.927002,19.393311,63351,56117,16384,19601,15887,,,,0,0,0,0,0
fullband_2001_145mA_v1,800,1541.000000,1540.99921000,-0.790000,2.056000,2.062282379,0.305563,24.062126,150,1,144.998932,126.042938,4.980774,23.583984,18.277588,63351,55069,16321,19320,14973,,,,0,0,0,0,0
fullband_2001_145mA_v1,801,1541.020000,1541.01897000,-1.030000,2.056000,2.057930259,0.093884,26.257763,162,1,144.998932,122.438049,0.000000,23.885498,19.327393,63351,53494,0,19567,15833,,,,0,0,0,0,0
fullband_2001_145mA_v1,802,1541.040000,1541.03991000,-0.090000,2.056000,2.051013538,-0.242532,26.802785,172,1,144.998932,120.362091,1.992188,0.000000,20.517578,63351,52587,6528,0,16808,,,,0,0,0,0,0
fullband_2001_145mA_v1,803,1541.060000,1541.05908000,-0.920000,2.056000,2.055182859,-0.039744,28.882521,176,1,144.998932,131.027985,3.999939,24.003906,19.404297,63351,57247,13107,19664,15896,,,,0,0,0,0,0
fullband_2001_145mA_v1,804,1541.080000,1541.07910000,-0.900000,2.056000,2.057093079,0.053165,26.190945,180,1,144.998932,125.097656,1.000061,23.885498,18.021240,63351,54656,3277,19567,14763,,,,0,0,0,0,0
fullband_2001_145mA_v1,805,1541.100000,1541.09978000,-0.220000,2.056000,2.066723121,0.521553,25.087341,172,1,144.998932,121.449280,1.592102,0.200195,20.452881,63351,53062,5217,164,16755,,,,0,0,0,0,0
fullband_2001_145mA_v1,806,1541.120000,1541.11958000,-0.420000,2.056000,2.058577246,0.125352,26.214032,167,1,144.998932,107.048035,1.938477,23.640137,0.196533,63351,46770,6352,19366,161,,,,0,0,0,0,0
fullband_2001_145mA_v1,807,1541.140000,1541.13972000,-0.280000,2.056000,2.050323408,-0.276099,22.493584,31,1,144.998932,118.196869,5.656738,0.100098,18.322754,63351,51641,18536,82,15010,,,,0,0,0,0,0
fullband_2001_145mA_v1,808,1541.160000,1541.15970000,-0.300000,2.056000,2.052654984,-0.162695,25.348786,41,1,144.998932,116.461945,5.384521,0.100098,18.190918,63351,50883,17644,82,14902,,,,0,0,0,0,0
fullband_2001_145mA_v1,809,1541.180000,1541.17883000,-1.170000,2.056000,2.053829195,-0.105584,29.697219,172,1,144.998932,105.521393,5.655823,23.607178,0.151367,63351,46103,18533,19339,124,,,,0,0,0,0,0
fullband_2001_145mA_v1,810,1541.200000,1541.19935000,-0.650000,2.056000,2.047902971,-0.393824,24.240098,169,1,144.998932,102.424622,5.315247,23.626709,0.150146,63351,44750,17417,19355,123,,,,0,0,0,0,0
fullband_2001_145mA_v1,811,1541.220000,1541.21893000,-1.070000,2.056000,2.058622134,0.127536,25.375144,94,1,144.998932,114.603424,4.620056,0.000000,17.823486,63351,50071,15139,0,14601,,,,0,0,0,0,0
fullband_2001_145mA_v1,812,1541.240000,1541.23860000,-1.400000,2.056000,2.060563383,0.221954,26.198823,168,1,144.998932,120.064545,3.001099,22.359619,16.710205,63351,52457,9834,18317,13689,,,,0,0,0,0,0
fullband_2001_145mA_v1,813,1541.260000,1541.25886000,-1.140000,2.056000,2.053249733,-0.133768,27.098975,168,1,144.998932,123.415375,2.099915,23.852539,17.785645,63351,53921,6881,19540,14570,,,,0,0,0,0,0
fullband_2001_145mA_v1,814,1541.280000,1541.28043000,0.430000,2.056000,2.061810695,0.282621,31.442339,165,1,144.998932,113.607788,3.989563,24.116211,0.042725,63351,49636,13073,19756,35,,,,0,0,0,0,0
fullband_2001_145mA_v1,815,1541.300000,1541.29907000,-0.930000,2.056000,2.051796294,-0.204460,26.844055,189,1,144.998932,112.191010,3.977356,23.637695,0.000000,63351,49017,13033,19364,0,,,,0,0,0,0,0
fullband_2001_145mA_v1,816,1541.320000,1541.31907000,-0.930000,2.056000,2.041556211,-0.702519,24.835124,165,1,144.998932,122.696686,9.879761,0.100098,17.677002,63351,53607,32374,82,14481,,,,0,0,0,0,0
fullband_2001_145mA_v1,817,1541.340000,1541.33949000,-0.510000,2.056000,2.064417196,0.409397,25.819683,175,1,144.998932,126.482391,0.455322,21.099854,16.500244,63351,55261,1492,17285,13517,,,,0,0,0,0,0
fullband_2001_145mA_v1,818,1541.360000,1541.35996000,-0.040000,2.056000,2.102717160,2.272235,29.395712,158,1,144.998932,120.877075,0.428162,20.726318,16.291504,63351,52812,1403,16979,13346,,,,0,0,0,0,0
fullband_2001_145mA_v1,819,1541.380000,1541.38014000,0.140000,2.056000,2.065916451,0.482318,23.642951,31,1,144.998932,107.375336,4.664612,0.000000,0.000000,63351,46913,15285,0,0,,,,0,0,0,0,0
fullband_2001_145mA_v1,820,1541.400000,1541.39872000,-1.280000,2.056000,2.052821025,-0.154619,25.597810,170,1,144.998932,128.398132,6.499939,20.937500,16.342773,63351,56098,21299,17152,13388,,,,0,0,0,0,0
fullband_2001_145mA_v1,821,1541.420000,1541.42000000,0.000000,2.056000,2.045832549,-0.494526,25.715466,180,1,144.998932,123.330688,1.883850,20.783691,16.191406,63351,53884,6173,17026,13264,,,,0,0,0,0,0
fullband_2001_145mA_v1,822,1541.440000,1541.43953000,-0.470000,2.056000,2.056824837,0.040119,31.001284,174,1,144.998932,106.629181,3.210449,20.999756,0.000000,63351,46587,10520,17203,0,,,,0,0,0,0,0
fullband_2001_145mA_v1,823,1541.460000,1541.45985000,-0.150000,2.056000,2.053412096,-0.125871,31.752949,176,1,144.998932,102.285004,2.937927,20.949707,0.000000,63351,44689,9627,17162,0,,,,0,0,0,0,0
fullband_2001_145mA_v1,824,1541.480000,1541.47962000,-0.380000,2.056000,2.051301096,-0.228546,32.854148,135,1,144.998932,102.426910,2.791748,20.607910,0.000000,63351,44751,9148,16882,0,,,,0,0,0,0,0
fullband_2001_145mA_v1,825,1541.500000,1541.49956000,-0.440000,2.056000,2.046246417,-0.474396,26.127528,168,1,144.998932,102.211761,2.447205,20.882568,0.000000,63351,44657,8019,17107,0,,,,0,0,0,0,0
fullband_2001_145mA_v1,826,1541.520000,1541.51939000,-0.610000,2.056000,2.057929084,0.093827,24.030501,160,1,144.998932,102.953339,2.167358,21.024170,0.000000,63351,44981,7102,17223,0,,,,0,0,0,0,0
fullband_2001_145mA_v1,827,1541.540000,1541.54038000,0.380000,2.056000,2.072876190,0.820826,33.279061,102,1,144.998932,108.471680,6.741028,21.049805,0.000000,63351,47392,22089,17244,0,,,,0,0,0,0,0
fullband_2001_145mA_v1,828,1541.560000,1541.55847000,-1.530000,2.056000,2.054851463,-0.055863,32.066077,172,1,144.998932,105.853271,6.232910,20.952148,0.000000,63351,46248,20424,17164,0,,,,0,0,0,0,0
fullband_2001_145mA_v1,829,1541.580000,1541.57819000,-1.810000,2.056000,2.053646735,-0.114458,29.002654,162,1,144.998932,108.856201,5.616455,21.096191,0.000000,63351,47560,18404,17282,0,,,,0,0,0,0,0
fullband_2001_145mA_v1,830,1541.600000,1541.59867000,-1.330000,2.056000,2.046956799,-0.439844,30.463822,169,1,144.998932,127.164459,3.999939,20.123291,15.213623,63351,55559,13107,16485,12463,,,,0,0,0,0,0
fullband_2001_145mA_v1,831,1541.620000,1541.61836000,-1.640000,2.056000,2.056316238,0.015381,26.976047,162,1,144.998932,127.223969,3.999939,19.755859,15.062256,63351,55585,13107,16184,12339,,,,0,0,0,0,0
fullband_2001_145mA_v1,832,1541.640000,1541.63923000,-0.770000,2.056000,2.057817542,0.088402,24.819495,180,1,144.998932,126.921844,3.999939,19.311523,14.899902,63351,55453,13107,15820,12206,,,,0,0,0,0,0
fullband_2001_145mA_v1,833,1541.660000,1541.66021000,0.210000,2.056000,2.074184321,0.884451,28.676163,164,1,144.998932,130.181122,8.999939,19.448242,16.307373,63351,56877,29491,15932,13359,,,,0,0,0,0,0
fullband_2001_145mA_v1,834,1541.680000,1541.67903000,-0.970000,2.056000,2.073833597,0.867393,26.055938,179,1,144.998932,126.306152,1.000061,17.935791,14.885254,63351,55184,3277,14693,12194,,,,0,0,0,0,0
fullband_2001_145mA_v1,835,1541.700000,1541.69925000,-0.750000,2.056000,2.046371808,-0.468297,23.262582,144,1,144.998932,124.447632,3.741150,18.116455,14.998779,63351,54372,12259,14841,12287,,,,0,0,0,0,0
fullband_2001_145mA_v1,836,1541.720000,1541.71978000,-0.220000,2.056000,2.049460205,-0.318083,28.573578,172,1,144.998932,124.795532,3.494263,18.183594,14.978027,63351,54524,11450,14896,12270,,,,0,0,0,0,0
fullband_2001_145mA_v1,837,1541.740000,1541.73930000,-0.700000,2.056000,2.053799619,-0.107022,25.572755,153,1,144.998932,120.254517,3.255005,18.100586,15.000000,63351,52540,10666,14828,12288,,,,0,0,0,0,0
fullband_2001_145mA_v1,838,1541.760000,1541.75981000,-0.190000,2.056000,2.043203289,-0.622408,29.616954,115,1,144.998932,118.238068,3.033142,18.035889,14.980469,63351,51659,9939,14775,12272,,,,0,0,0,0,0
fullband_2001_145mA_v1,839,1541.780000,1541.77902000,-0.980000,2.056000,2.042403914,-0.661288,25.988917,111,1,144.998932,118.119049,2.796631,18.050537,15.000000,63351,51607,9164,14787,12288,,,,0,0,0,0,0
fullband_2001_145mA_v1,840,1541.800000,1541.79863000,-1.370000,2.056000,2.066987970,0.534434,30.264435,126,1,144.998932,116.402435,2.751770,17.838135,14.729004,63351,50857,9017,14613,12066,,,,0,0,0,0,0
fullband_2001_145mA_v1,841,1541.820000,1541.81865000,-1.350000,2.056000,2.051556410,-0.216128,25.768776,162,1,144.998932,116.555786,2.908630,17.697754,13.474121,63351,50924,9531,14498,11038,,,,0,0,0,0,0
fullband_2001_145mA_v1,842,1541.840000,1541.84073000,0.730000,2.056000,2.039422085,-0.806319,32.884968,133,1,144.998932,118.290710,7.004700,17.857666,14.759521,63351,51682,22953,14629,12091,,,,0,0,0,0,0
fullband_2001_145mA_v1,843,1541.860000,1541.85900000,-1.000000,2.056000,2.064851436,0.430517,26.227740,167,1,144.998932,116.477966,2.320251,16.558838,14.940186,63351,50890,7603,13565,12239,,,,0,0,0,0,0
fullband_2001_145mA_v1,844,1541.880000,1541.87984000,-0.160000,2.056000,2.057046097,0.050880,25.798596,97,1,144.998932,119.664001,2.137146,16.538086,14.957275,63351,52282,7003,13548,12253,,,,0,0,0,0,0
fullband_2001_145mA_v1,845,1541.900000,1541.89981000,-0.190000,2.056000,2.061037326,0.245006,28.582961,128,1,144.998932,120.693970,2.077637,16.390381,14.726562,63351,52732,6808,13427,12064,,,,0,0,0,0,0
fullband_2001_145mA_v1,846,1541.920000,1541.91967000,-0.330000,2.056000,2.061338454,0.259652,31.710262,121,1,144.998932,124.120331,1.935425,17.784424,13.360596,63351,54229,6342,14569,10945,,,,0,0,0,0,0
fullband_2001_145mA_v1,847,1541.940000,1541.93898000,-1.020000,2.056000,2.051688164,-0.209720,27.558285,126,1,144.998932,127.150726,7.000122,16.461182,13.320312,63351,55553,22938,13485,10912,,,,0,0,0,0,0
fullband_2001_145mA_v1,848,1541.960000,1541.95937000,-0.630000,2.056000,2.062771978,0.329376,27.108226,175,1,144.998932,123.060608,6.594238,16.600342,12.070312,63351,53766,21608,13599,9888,,,,0,0,0,0,0
fullband_2001_145mA_v1,849,1541.980000,1541.97985000,-0.150000,2.056000,2.045072953,-0.531471,32.314817,163,1,144.998932,121.810913,6.233521,16.600342,11.999512,63351,53220,20426,13599,9830,,,,0,0,0,0,0
fullband_2001_145mA_v1,850,1542.000000,1541.99836000,-1.640000,2.056000,2.059935030,0.191393,25.889810,172,1,144.998932,123.708344,5.883484,16.650391,11.999512,63351,54049,19279,13640,9830,,,,0,0,0,0,0
fullband_2001_145mA_v1,851,1542.020000,1542.01855000,-1.450000,2.056000,2.072142947,0.785163,31.494221,130,1,144.998932,120.881653,5.561218,16.650391,12.049561,63351,52814,18223,13640,9871,,,,0,0,0,0,0
fullband_2001_145mA_v1,852,1542.040000,1542.03934000,-0.660000,2.056000,2.064295919,0.403498,30.441681,115,1,144.998932,115.475464,5.474854,16.331787,12.114258,63351,50452,17940,13379,9924,,,,0,0,0,0,0
fullband_2001_145mA_v1,853,1542.060000,1542.05916000,-0.840000,2.056000,2.060233383,0.205904,26.284258,139,1,144.998932,112.568665,1.441650,16.257324,12.075195,63351,49182,4724,13318,9892,,,,0,0,0,0,0
fullband_2001_145mA_v1,854,1542.080000,1542.07865000,-1.350000,2.056000,2.061283733,0.256991,30.463549,157,1,144.998932,115.019989,4.831543,15.000000,13.549805,63351,50253,15832,12288,11100,,,,0,0,0,0,0
fullband_2001_145mA_v1,855,1542.100000,1542.09961000,-0.390000,2.056000,2.061271322,0.256387,26.660030,165,1,144.998932,116.544342,4.787598,15.040283,13.249512,63351,50919,15688,12321,10854,,,,0,0,0,0,0
fullband_2001_145mA_v1,856,1542.120000,1542.11984000,-0.160000,2.056000,2.045195229,-0.525524,28.631177,79,1,144.998932,113.463593,0.000000,15.048828,13.078613,63351,49573,0,12328,10714,,,,0,0,0,0,0
fullband_2001_145mA_v1,857,1542.140000,1542.13938000,-0.620000,2.056000,2.040539753,-0.751958,27.880289,154,1,144.998932,115.086365,1.017456,16.309814,11.984863,63351,50282,3334,13361,9818,,,,0,0,0,0,0
fullband_2001_145mA_v1,858,1542.160000,1542.15857000,-1.430000,2.056000,2.060038434,0.196422,28.515720,147,1,144.998932,119.664001,3.715515,16.583252,12.019043,63351,52282,12175,13585,9846,,,,0,0,0,0,0
fullband_2001_145mA_v1,859,1542.180000,1542.18059000,0.590000,2.056000,2.068800059,0.622571,32.455123,129,1,144.998932,125.775146,3.516235,16.567383,12.003174,63351,54952,11522,13572,9833,,,,0,0,0,0,0
fullband_2001_145mA_v1,860,1542.200000,1542.19965000,-0.350000,2.056000,2.036446861,-0.951028,31.476057,124,1,144.998932,125.505066,3.270264,16.567383,11.962891,63351,54834,10716,13572,9800,,,,0,0,0,0,0
fullband_2001_145mA_v1,861,1542.220000,1542.21925000,-0.750000,2.056000,2.050271709,-0.278613,29.833156,144,1,144.998932,125.331116,3.078918,16.447754,11.975098,63351,54758,10089,13474,9810,,,,0,0,0,0,0
fullband_2001_145mA_v1,862,1542.240000,1542.23883000,-1.170000,2.056000,2.050488666,-0.268061,27.314947,117,1,144.998932,127.839661,2.999878,16.268311,11.879883,63351,55854,9830,13327,9732,,,,0,0,0,0,0
fullband_2001_145mA_v1,863,1542.260000,1542.25908000,-0.920000,2.056000,2.052193998,-0.185117,24.907756,164,1,144.998932,127.574158,9.999695,15.510254,10.834961,63351,55738,32767,12706,8876,,,,0,0,0,0,0
fullband_2001_145mA_v1,864,1542.280000,1542.27888000,-1.120000,2.056000,2.051671412,-0.210534,26.162559,120,1,144.998932,126.635742,9.510498,15.021973,12.020264,63351,55328,31164,12306,9847,,,,0,0,0,0,0
fullband_2001_145mA_v1,865,1542.300000,1542.29960000,-0.400000,2.056000,2.047809526,-0.398369,26.358139,130,1,144.998932,126.757050,8.999939,14.954834,11.954346,63351,55381,29491,12251,9793,,,,0,0,0,0,0
fullband_2001_145mA_v1,866,1542.320000,1542.31817000,-1.830000,2.056000,2.043330869,-0.616203,29.511125,141,1,144.998932,119.593048,2.994995,14.699707,11.704102,63351,52251,9814,12042,9588,,,,0,0,0,0,0
fullband_2001_145mA_v1,867,1542.340000,1542.33955000,-0.450000,2.056000,2.087240192,1.519465,30.094312,156,1,144.998932,119.295502,8.516235,15.107422,10.557861,63351,52121,27906,12376,8649,,,,0,0,0,0,0
fullband_2001_145mA_v1,868,1542.360000,1542.35901000,-0.990000,2.056000,2.060401180,0.214065,26.937100,126,1,144.998932,121.630096,8.377686,14.849854,10.521240,63351,53141,27452,12165,8619,,,,0,0,0,0,0
fullband_2001_145mA_v1,869,1542.380000,1542.37934000,-0.660000,2.056000,2.058827535,0.137526,26.119313,94,1,144.998932,118.105316,9.542847,12.954102,10.628662,63351,51601,31270,10612,8707,,,,0,0,0,0,0
fullband_2001_145mA_v1,870,1542.400000,1542.39950000,-0.500000,2.056000,2.048435039,-0.367946,28.035036,131,1,144.998932,119.853973,6.707458,15.249023,10.488281,63351,52365,21979,12492,8592,,,,0,0,0,0,0
fullband_2001_145mA_v1,871,1542.420000,1542.42022000,0.220000,2.056000,2.054101203,-0.092354,33.562927,108,1,144.998932,118.872070,6.515198,15.048828,10.488281,63351,51936,21349,12328,8592,,,,0,0,0,0,0
fullband_2001_145mA_v1,872,1542.440000,1542.43940000,-0.600000,2.056000,2.064843643,0.430138,26.617449,94,1,144.998932,120.911407,6.142273,15.000000,10.343018,63351,52827,20127,12288,8473,,,,0,0,0,0,0
fullband_2001_145mA_v1,873,1542.460000,1542.45989000,-0.110000,2.056000,2.049493541,-0.316462,25.495198,102,1,144.998932,115.724945,2.362976,13.476562,10.512695,63351,50561,7743,11040,8612,,,,0,0,0,0,0
fullband_2001_145mA_v1,874,1542.480000,1542.48084000,0.840000,2.056000,2.062284886,0.305685,32.924001,165,1,144.998932,119.078064,2.362976,13.063965,10.319824,63351,52026,7743,10702,8454,,,,0,0,0,0,0
fullband_2001_145mA_v1,875,1542.500000,1542.49894000,-1.060000,2.056000,2.064060054,0.392026,27.195055,130,1,144.998932,122.831726,7.000122,13.258057,10.303955,63351,53666,22938,10861,8441,,,,0,0,0,0,0
fullband_2001_145mA_v1,876,1542.520000,1542.51930000,-0.700000,2.056000,2.056880349,0.042819,29.018365,132,1,144.998932,121.156311,2.000122,13.183594,10.344238,63351,52934,6554,10800,8474,,,,0,0,0,0,0
fullband_2001_145mA_v1,877,1542.540000,1542.53966000,-0.340000,2.056000,2.056774148,0.037653,24.573304,179,1,144.998932,123.980713,6.824646,12.037354,10.272217,63351,54168,22363,9861,8415,,,,0,0,0,0,0
fullband_2001_145mA_v1,878,1542.560000,1542.55984000,-0.160000,2.056000,2.052157291,-0.186902,32.439711,183,1,144.998932,118.769073,1.897583,11.999512,10.500488,63351,51891,6218,9830,8602,,,,0,0,0,0,0
fullband_2001_145mA_v1,879,1542.580000,1542.57970000,-0.300000,2.056000,2.055846198,-0.007481,25.171282,160,1,144.998932,119.174194,1.770630,11.978760,10.490723,63351,52068,5802,9813,8594,,,,0,0,0,0,0
fullband_2001_145mA_v1,880,1542.600000,1542.60016000,0.160000,2.056000,2.055594623,-0.019717,28.451833,157,1,144.998932,113.715363,1.652832,12.103271,10.388184,63351,49683,5416,9915,8510,,,,0,0,0,0,0
fullband_2001_145mA_v1,881,1542.620000,1542.61939000,-0.610000,2.056000,2.054043416,-0.095165,30.523499,178,1,144.998932,118.302155,1.624146,11.848145,10.124512,63351,51687,5322,9706,8294,,,,0,0,0,0,0
fullband_2001_145mA_v1,882,1542.640000,1542.63938000,-0.620000,2.056000,2.050173506,-0.283390,25.967395,158,1,144.998932,115.003967,5.013428,12.099609,10.500488,63351,50246,16428,9912,8602,,,,0,0,0,0,0
fullband_2001_145mA_v1,883,1542.660000,1542.65966000,-0.340000,2.056000,2.066812184,0.525884,28.167569,174,1,144.998932,115.976715,4.963379,11.973877,10.274658,63351,50671,16264,9809,8417,,,,0,0,0,0,0
fullband_2001_145mA_v1,884,1542.680000,1542.67964000,-0.360000,2.056000,2.052757842,-0.157692,25.871149,146,1,144.998932,109.362030,1.076965,12.200928,10.622559,63351,47781,3529,9995,8702,,,,0,0,0,0,0
fullband_2001_145mA_v1,885,1542.700000,1542.70015000,0.150000,2.056000,2.064271744,0.402322,29.683101,154,1,144.998932,110.039520,1.005554,12.143555,10.551758,63351,48077,3295,9948,8644,,,,0,0,0,0,0
fullband_2001_145mA_v1,886,1542.720000,1542.72005000,0.050000,2.056000,2.063204517,0.350414,28.676237,159,1,144.998932,110.714722,1.000061,11.944580,10.369873,63351,48372,3277,9785,8495,,,,0,0,0,0,0
fullband_2001_145mA_v1,887,1542.740000,1542.74090000,0.900000,2.056000,2.054857127,-0.055587,32.386764,148,1,144.998932,116.445923,3.645935,12.108154,10.444336,63351,50876,11947,9919,8556,,,,0,0,0,0,0
fullband_2001_145mA_v1,888,1542.760000,1542.75915000,-0.850000,2.056000,2.047034056,-0.436087,31.408377,144,1,144.998932,115.308380,3.381348,12.030029,10.476074,63351,50379,11080,9855,8582,,,,0,0,0,0,0
fullband_2001_145mA_v1,889,1542.780000,1542.77853000,-1.470000,2.056000,2.055072217,-0.045126,31.903100,140,1,144.998932,119.192505,3.106079,12.033691,10.479736,63351,52076,10178,9858,8585,,,,0,0,0,0,0
fullband_2001_145mA_v1,890,1542.800000,1542.80001000,0.010000,2.056000,2.063350402,0.357510,32.609792,158,1,144.998932,120.842743,3.046875,11.928711,10.346680,63351,52797,9984,9772,8476,,,,0,0,0,0,0
fullband_2001_145mA_v1,891,1542.820000,1542.81913000,-0.870000,2.056000,2.049128379,-0.334223,31.457051,126,1,144.998932,123.554993,8.663330,11.933594,10.213623,63351,53982,28388,9776,8367,,,,0,0,0,0,0
fullband_2001_145mA_v1,892,1542.840000,1542.84011000,0.110000,2.056000,2.053981828,-0.098160,30.218205,166,1,144.998932,121.396637,3.855591,10.559082,9.232178,63351,53039,12634,8650,7563,,,,0,0,0,0,0
fullband_2001_145mA_v1,893,1542.860000,1542.85898000,-1.020000,2.056000,2.045721083,-0.499947,30.101347,173,1,144.998932,125.939941,9.466858,11.910400,8.966064,63351,55024,31021,9757,7345,,,,0,0,0,0,0
fullband_2001_145mA_v1,894,1542.880000,1542.87896000,-1.040000,2.056000,2.062945715,0.337827,27.029280,159,1,144.998932,122.422028,8.999939,11.851807,8.900146,63351,53487,29491,9709,7291,,,,0,0,0,0,0
fullband_2001_145mA_v1,895,1542.900000,1542.90000000,0.000000,2.056000,2.046770590,-0.448901,26.816902,166,1,144.998932,120.597839,9.840393,10.592041,9.022217,63351,52690,32245,8677,7391,,,,0,0,0,0,0
fullband_2001_145mA_v1,896,1542.920000,1542.91981000,-0.190000,2.056000,2.060629965,0.225193,30.571663,157,1,144.998932,114.894104,9.329529,10.585938,8.972168,63351,50198,30571,8672,7350,,,,0,0,0,0,0
fullband_2001_145mA_v1,897,1542.940000,1542.94020000,0.200000,2.056000,2.062442374,0.313345,24.883037,173,1,144.998932,114.262390,9.200134,10.396729,8.709717,63351,49922,30147,8517,7135,,,,0,0,0,0,0
fullband_2001_145mA_v1,898,1542.960000,1542.95986000,-0.140000,2.056000,2.071844339,0.770639,30.275604,145,1,144.998932,112.827301,2.669983,10.500488,9.000244,63351,49295,8749,8602,7373,,,,0,0,0,0,0
fullband_2001_145mA_v1,899,1542.980000,1542.98000000,0.000000,2.056000,2.055230915,-0.037407,26.114092,144,1,144.998932,108.691406,2.451172,10.500488,9.000244,63351,47488,8032,8602,7373,,,,0,0,0,0,0
fullband_2001_145mA_v1,900,1543.000000,1542.99904000,-0.960000,2.056000,2.055039572,-0.046713,26.539156,134,1,144.998932,110.103607,2.248535,10.527344,8.972168,63351,48105,7368,8624,7350,,,,0,0,0,0,0
fullband_2001_145mA_v1,901,1543.020000,1543.01911000,-0.890000,2.056000,2.057049014,0.051022,31.732064,115,1,144.998932,110.723877,2.047424,10.500488,9.000244,63351,48376,6709,8602,7373,,,,0,0,0,0,0
fullband_2001_145mA_v1,902,1543.040000,1543.03994000,-0.060000,2.056000,2.061003366,0.243354,32.146261,139,1,144.998932,111.353302,1.872253,10.520020,8.967285,63351,48651,6135,8618,7346,,,,0,0,0,0,0
fullband_2001_145mA_v1,903,1543.060000,1543.06071000,0.710000,2.056000,2.054639746,-0.066160,30.865926,126,1,144.998932,114.360809,1.859741,10.346680,8.774414,63351,49965,6094,8476,7188,,,,0,0,0,0,0
fullband_2001_145mA_v1,904,1543.080000,1543.07871000,-1.290000,2.056000,2.064714634,0.423864,29.832142,184,1,144.998932,116.152954,6.200256,10.600586,7.550049,63351,50748,20317,8684,6185,,,,0,0,0,0,0
fullband_2001_145mA_v1,905,1543.100000,1543.09844000,-1.560000,2.056000,2.062637860,0.322853,26.434651,173,1,144.998932,121.055603,5.866089,10.600586,7.600098,63351,52890,19222,8684,6226,,,,0,0,0,0,0
fullband_2001_145mA_v1,906,1543.120000,1543.11906000,-0.940000,2.056000,2.058212010,0.107588,28.145489,168,1,144.998932,118.515015,5.532532,10.550537,7.500000,63351,51780,18129,8643,6144,,,,0,0,0,0,0
fullband_2001_145mA_v1,907,1543.140000,1543.13890000,-1.100000,2.056000,2.051157810,-0.235515,30.372375,168,1,144.998932,120.883942,5.427856,10.382080,7.529297,63351,52815,17786,8505,6168,,,,0,0,0,0,0
fullband_2001_145mA_v1,908,1543.160000,1543.15985000,-0.150000,2.056000,2.050407954,-0.271987,32.727163,162,1,144.998932,116.498566,1.291504,10.550537,7.550049,63351,50899,4232,8643,6185,,,,0,0,0,0,0
fullband_2001_145mA_v1,909,1543.180000,1543.17997000,-0.030000,2.056000,2.047654391,-0.405915,31.490757,160,1,144.998932,114.729309,1.164246,10.550537,7.500000,63351,50126,3815,8643,6144,,,,0,0,0,0,0
fullband_2001_145mA_v1,910,1543.200000,1543.19967000,-0.330000,2.056000,2.069187461,0.641413,27.045481,180,1,144.998932,118.217468,1.036377,10.589600,7.498779,63351,51650,3396,8675,6143,,,,0,0,0,0,0
fullband_2001_145mA_v1,911,1543.220000,1543.21950000,-0.500000,2.056000,2.047408015,-0.417898,27.499231,166,1,144.998932,113.369751,1.022339,10.369873,7.492676,63351,49532,3350,8495,6138,,,,0,0,0,0,0
fullband_2001_145mA_v1,912,1543.240000,1543.23931000,-0.690000,2.056000,2.054661920,-0.065082,26.502970,161,1,144.998932,112.165833,1.371765,9.050293,7.500000,63351,49006,4495,7414,6144,,,,0,0,0,0,0
fullband_2001_145mA_v1,913,1543.260000,1543.25927000,-0.730000,2.056000,2.065444254,0.459351,26.740415,166,1,144.998932,113.282776,5.065308,8.802490,7.390137,63351,49494,16598,7211,6054,,,,0,0,0,0,0
fullband_2001_145mA_v1,914,1543.280000,1543.27882000,-1.180000,2.056000,2.049755361,-0.303728,28.227028,172,1,144.998932,107.029724,1.275940,8.571777,7.315674,63351,46762,4181,7022,5993,,,,0,0,0,0,0
fullband_2001_145mA_v1,915,1543.300000,1543.29936000,-0.640000,2.056000,2.055327107,-0.032728,25.291380,168,1,144.998932,111.341858,4.500122,8.983154,7.424316,63351,48646,14746,7359,6082,,,,0,0,0,0,0
fullband_2001_145mA_v1,916,1543.320000,1543.31865000,-1.350000,2.056000,2.074183022,0.884388,29.488457,168,1,144.998932,109.593201,1.000671,9.035645,7.512207,63351,47882,3279,7402,6154,,,,0,0,0,0,0
fullband_2001_145mA_v1,917,1543.340000,1543.33929000,-0.710000,2.056000,2.052663279,-0.162292,29.477965,184,1,144.998932,110.426331,1.000061,8.780518,7.294922,63351,48246,3277,7193,5976,,,,0,0,0,0,0
fullband_2001_145mA_v1,918,1543.360000,1543.35906000,-0.940000,2.056000,2.060562605,0.221917,30.625574,183,1,144.998932,114.839172,3.999939,8.752441,7.298584,63351,50174,13107,7170,5979,,,,0,0,0,0,0
fullband_2001_145mA_v1,919,1543.380000,1543.37892000,-1.080000,2.056000,2.065646973,0.469211,30.047306,152,1,144.998932,112.689972,0.776367,8.937988,7.407227,63351,49235,2544,7322,6068,,,,0,0,0,0,0
fullband_2001_145mA_v1,920,1543.400000,1543.39847000,-1.530000,2.056000,2.060365257,0.212318,28.643850,143,1,144.998932,121.483612,9.662476,9.068604,7.451172,63351,53077,31662,7429,6104,,,,0,0,0,0,0
fullband_2001_145mA_v1,921,1543.420000,1543.41934000,-0.660000,2.056000,2.057119391,0.054445,27.911333,159,1,144.998932,121.012115,9.500122,8.897705,7.344971,63351,52871,31130,7289,6017,,,,0,0,0,0,0
fullband_2001_145mA_v1,922,1543.440000,1543.43962000,-0.380000,2.056000,2.062912868,0.336229,27.780612,150,1,144.998932,114.381409,0.531006,8.909912,7.429199,63351,49974,1740,7299,6086,,,,0,0,0,0,0
fullband_2001_145mA_v1,923,1543.460000,1543.45948000,-0.520000,2.056000,2.064687355,0.422537,28.678759,162,1,144.998932,122.106171,7.650757,9.031982,7.468262,63351,53349,25070,7399,6118,,,,0,0,0,0,0
fullband_2001_145mA_v1,924,1543.480000,1543.47936000,-0.640000,2.056000,2.054059454,-0.094385,27.826398,145,1,144.998932,118.634033,7.500000,8.869629,7.374268,63351,51832,24576,7266,6041,,,,0,0,0,0,0
fullband_2001_145mA_v1,925,1543.500000,1543.50004000,0.040000,2.056000,2.045868078,-0.492798,32.513547,157,1,144.998932,109.737396,0.311890,8.883057,7.374268,63351,47945,1022,7277,6041,,,,0,0,0,0,0
fullband_2001_145mA_v1,926,1543.520000,1543.51964000,-0.360000,2.056000,2.053296869,-0.131475,28.909321,158,1,144.998932,112.552643,1.736755,8.969727,7.426758,63351,49175,5691,7348,6084,,,,0,0,0,0,0
fullband_2001_145mA_v1,927,1543.540000,1543.53835000,-1.650000,2.056000,2.055426304,-0.027904,29.623006,142,1,144.998932,108.634186,1.711731,8.853760,7.292480,63351,47463,5609,7253,5974,,,,0,0,0,0,0
fullband_2001_145mA_v1,928,1543.560000,1543.55999000,-0.010000,2.056000,2.069758396,0.669183,32.650160,152,1,144.998932,107.627106,1.684570,8.682861,7.186279,63351,47023,5520,7113,5887,,,,0,0,0,0,0
fullband_2001_145mA_v1,929,1543.580000,1543.58012000,0.120000,2.056000,2.069991762,0.680533,31.750290,150,1,144.998932,107.299805,1.684570,8.509521,7.048340,63351,46880,5520,6971,5774,,,,0,0,0,0,0
fullband_2001_145mA_v1,930,1543.600000,1543.59960000,-0.400000,2.056000,2.057452588,0.070651,32.283121,171,1,144.998932,108.061981,7.526550,7.712402,5.966797,63351,47213,24663,6318,4888,,,,0,0,0,0,0
fullband_2001_145mA_v1,931,1543.620000,1543.61992000,-0.080000,2.056000,2.068936836,0.629224,32.628385,154,1,144.998932,110.135651,7.116699,7.749023,6.008301,63351,48119,23320,6348,4922,,,,0,0,0,0,0
fullband_2001_145mA_v1,932,1543.640000,1543.64041000,0.410000,2.056000,2.054416063,-0.077040,33.074359,160,1,144.998932,111.499786,6.936951,7.568359,5.998535,63351,48715,22731,6200,4914,,,,0,0,0,0,0
fullband_2001_145mA_v1,933,1543.660000,1543.65899000,-1.010000,2.056000,2.037804345,-0.885003,31.163075,155,1,144.998932,112.117767,6.541748,7.598877,6.009521,63351,48985,21436,6225,4923,,,,0,0,0,0,0
fullband_2001_145mA_v1,934,1543.680000,1543.67910000,-0.900000,2.056000,2.049637291,-0.309470,29.504519,173,1,144.998932,113.104248,6.293640,7.514648,5.982666,63351,49416,20623,6156,4901,,,,0,0,0,0,0
fullband_2001_145mA_v1,935,1543.700000,1543.69957000,-0.430000,2.056000,2.061533526,0.269140,25.893009,168,1,144.998932,115.489197,6.039734,7.448730,5.969238,63351,50458,19791,6102,4890,,,,0,0,0,0,0
fullband_2001_145mA_v1,936,1543.720000,1543.72047000,0.470000,2.056000,2.066822373,0.526380,31.026863,153,1,144.998932,116.976929,5.588684,7.558594,5.988770,63351,51108,18313,6192,4906,,,,0,0,0,0,0
fullband_2001_145mA_v1,937,1543.740000,1543.73966000,-0.340000,2.056000,2.065301017,0.452384,29.227543,163,1,144.998932,116.260529,5.302124,7.541504,5.980225,63351,50795,17374,6178,4899,,,,0,0,0,0,0
fullband_2001_145mA_v1,938,1543.760000,1543.75901000,-0.990000,2.056000,2.051165296,-0.235151,27.059032,161,1,144.998932,114.308167,5.249939,7.366943,5.933838,63351,49942,17203,6035,4861,,,,0,0,0,0,0
fullband_2001_145mA_v1,939,1543.780000,1543.77948000,-0.520000,2.056000,2.058972409,0.144572,27.564143,135,1,144.998932,110.820007,0.000000,7.285156,5.917969,63351,48418,0,5968,4848,,,,0,0,0,0,0
fullband_2001_145mA_v1,940,1543.800000,1543.79921000,-0.790000,2.056000,2.049356979,-0.323104,28.043740,145,1,144.998932,114.452362,4.747925,7.303467,5.909424,63351,50005,15558,5983,4841,,,,0,0,0,0,0
fullband_2001_145mA_v1,941,1543.820000,1543.81896000,-1.040000,2.056000,2.052420940,-0.174079,31.251989,155,1,144.998932,113.914490,0.936890,7.570801,6.009521,63351,49770,3070,6202,4923,,,,0,0,0,0,0
fullband_2001_145mA_v1,942,1543.840000,1543.83936000,-0.640000,2.056000,2.061514733,0.268226,28.083788,131,1,144.998932,108.050537,0.836792,7.480469,6.087646,63351,47208,2742,6128,4987,,,,0,0,0,0,0
fullband_2001_145mA_v1,943,1543.860000,1543.85955000,-0.450000,2.056000,2.058219365,0.107946,31.798839,156,1,144.998932,108.883667,0.739746,7.529297,5.987549,63351,47572,2424,6168,4905,,,,0,0,0,0,0
fullband_2001_145mA_v1,944,1543.880000,1543.87982000,-0.180000,2.056000,2.068191477,0.592971,33.037068,144,1,144.998932,106.565094,0.637817,7.512207,6.027832,63351,46559,2090,6154,4938,,,,0,0,0,0,0
fullband_2001_145mA_v1,945,1543.900000,1543.90062000,0.620000,2.056000,2.047344292,-0.420997,32.170608,152,1,144.998932,108.032227,0.545044,7.507324,6.022949,63351,47200,1786,6150,4934,,,,0,0,0,0,0
fullband_2001_145mA_v1,946,1543.920000,1543.91893000,-1.070000,2.056000,2.051027526,-0.241852,28.953716,166,1,144.998932,108.370972,0.544739,7.365723,5.916748,63351,47348,1785,6034,4847,,,,0,0,0,0,0
fullband_2001_145mA_v1,947,1543.940000,1543.93991000,-0.090000,2.056000,2.066194199,0.495827,28.774857,157,1,144.998932,111.932373,3.595276,5.997314,5.970459,63351,48904,11781,4913,4891,,,,0,0,0,0,0
fullband_2001_145mA_v1,948,1543.960000,1543.95951000,-0.490000,2.056000,2.038017543,-0.874633,32.251121,161,1,144.998932,111.035156,3.580017,6.029053,5.794678,63351,48512,11731,4939,4747,,,,0,0,0,0,0
fullband_2001_145mA_v1,949,1543.980000,1543.97999000,-0.010000,2.056000,2.050761894,-0.254772,28.926861,141,1,144.998932,110.076141,0.679321,5.969238,5.895996,63351,48093,2226,4890,4830,,,,0,0,0,0,0
fullband_2001_145mA_v1,950,1544.000000,1544.00052000,0.520000,2.056000,2.010701283,-2.203245,31.624392,156,1,144.998932,113.543701,0.612488,6.043701,5.837402,63351,49608,2007,4951,4782,,,,0,0,0,0,0
fullband_2001_145mA_v1,951,1544.020000,1544.01903000,-0.970000,2.056000,2.045386396,-0.516226,31.029994,157,1,144.998932,113.374329,0.612488,5.972900,5.640869,63351,49534,2007,4893,4621,,,,0,0,0,0,0
fullband_2001_145mA_v1,952,1544.040000,1544.03864000,-1.360000,2.056000,2.057445633,0.070313,29.316996,149,1,144.998932,113.026428,0.529785,5.869141,5.726318,63351,49382,1736,4808,4691,,,,0,0,0,0,0
fullband_2001_145mA_v1,953,1544.060000,1544.06078000,0.780000,2.056000,2.057714065,0.083369,30.793330,133,1,144.998932,112.895966,0.532837,5.806885,5.450439,63351,49325,1746,4757,4465,,,,0,0,0,0,0
fullband_2001_145mA_v1,954,1544.080000,1544.08047000,0.470000,2.056000,2.048728156,-0.353689,29.191721,176,1,144.998932,111.376190,8.605042,6.085205,4.516602,63351,48661,28197,4985,3700,,,,0,0,0,0,0
fullband_2001_145mA_v1,955,1544.100000,1544.09975000,-0.250000,2.056000,2.051622295,-0.212923,27.460662,170,1,144.998932,110.787964,8.242798,6.049805,4.499512,63351,48404,27010,4956,3686,,,,0,0,0,0,0
fullband_2001_145mA_v1,956,1544.120000,1544.11898000,-1.020000,2.056000,2.052201572,-0.184748,27.380113,139,1,144.998932,113.397217,8.224792,5.908203,4.688721,63351,49544,26951,4840,3841,,,,0,0,0,0,0
fullband_2001_145mA_v1,957,1544.140000,1544.13904000,-0.960000,2.056000,2.048299396,-0.374543,27.490845,143,1,144.998932,108.036804,2.229614,6.090088,4.541016,63351,47202,7306,4989,3720,,,,0,0,0,0,0
fullband_2001_145mA_v1,958,1544.160000,1544.15873000,-1.270000,2.056000,2.053427368,-0.125128,32.545880,146,1,144.998932,104.862213,2.083130,6.049805,4.499512,63351,45815,6826,4956,3686,,,,0,0,0,0,0
fullband_2001_145mA_v1,959,1544.180000,1544.17988000,-0.120000,2.056000,2.056245704,0.011951,32.753760,168,1,144.998932,102.580261,1.921692,6.049805,4.499512,63351,44818,6297,4956,3686,,,,0,0,0,0,0
fullband_2001_145mA_v1,960,1544.200000,1544.19995000,-0.050000,2.056000,2.063958910,0.387107,32.834765,152,1,144.998932,103.601074,1.763000,6.026611,4.498291,63351,45264,5777,4937,3685,,,,0,0,0,0,0
fullband_2001_145mA_v1,961,1544.220000,1544.21929000,-0.710000,2.056000,2.065850721,0.479121,29.622285,167,1,144.998932,105.800629,1.617126,6.029053,4.501953,63351,46225,5299,4939,3688,,,,0,0,0,0,0
fullband_2001_145mA_v1,962,1544.240000,1544.24005000,0.050000,2.056000,2.060982585,0.242344,31.342904,159,1,144.998932,106.690979,1.464233,6.031494,4.497070,63351,46614,4798,4941,3684,,,,0,0,0,0,0
fullband_2001_145mA_v1,963,1544.260000,1544.25994000,-0.060000,2.056000,2.058501406,0.121664,31.697791,168,1,144.998932,111.069489,1.340637,5.970459,4.688721,63351,48527,4393,4891,3841,,,,0,0,0,0,0
fullband_2001_145mA_v1,964,1544.280000,1544.28010000,0.100000,2.056000,2.057353103,0.065812,31.565055,153,1,144.998932,111.325836,1.214905,6.032715,4.495850,63351,48639,3981,4942,3683,,,,0,0,0,0,0
fullband_2001_145mA_v1,965,1544.300000,1544.29895000,-1.050000,2.056000,2.059508729,0.170658,29.331702,168,1,144.998932,112.364960,1.080933,6.048584,4.499512,63351,49093,3542,4955,3686,,,,0,0,0,0,0
fullband_2001_145mA_v1,966,1544.320000,1544.31888000,-1.120000,2.056000,2.053521542,-0.120548,29.351822,164,1,144.998932,113.060760,1.069336,5.915527,4.478760,63351,49397,3504,4846,3669,,,,0,0,0,0,0
fullband_2001_145mA_v1,967,1544.340000,1544.33977000,-0.230000,2.056000,2.055286828,-0.034687,31.888495,172,1,144.998932,115.951538,3.881531,6.036377,4.544678,63351,50660,12719,4945,3723,,,,0,0,0,0,0
fullband_2001_145mA_v1,968,1544.360000,1544.35996000,-0.040000,2.056000,2.047634621,-0.406876,31.705815,164,1,144.998932,116.093445,3.584290,5.989990,4.594727,63351,50722,11745,4907,3764,,,,0,0,0,0,0
fullband_2001_145mA_v1,969,1544.380000,1544.37997000,-0.030000,2.056000,2.054543378,-0.070847,31.697840,158,1,144.998932,113.877869,3.517761,5.904541,4.511719,63351,49754,11527,4837,3696,,,,0,0,0,0,0
fullband_2001_145mA_v1,970,1544.400000,1544.39996000,-0.040000,2.056000,2.051048651,-0.240824,30.598446,172,1,144.998932,115.477753,9.999695,5.903320,4.503174,63351,50453,32767,4836,3689,,,,0,0,0,0,0
fullband_2001_145mA_v1,971,1544.420000,1544.41947000,-0.530000,2.056000,2.060896981,0.238180,28.608267,157,1,144.998932,107.965851,1.000061,5.198975,4.228516,63351,47171,3277,4259,3464,,,,0,0,0,0,0
fullband_2001_145mA_v1,972,1544.440000,1544.43996000,-0.040000,2.056000,2.056487395,0.023706,32.609416,167,1,144.998932,110.634613,9.500122,5.672607,4.478760,63351,48337,31130,4647,3669,,,,0,0,0,0,0
fullband_2001_145mA_v1,973,1544.460000,1544.46024000,0.240000,2.056000,2.056404483,0.019673,32.034297,170,1,144.998932,105.358887,0.940247,4.499512,4.499512,63351,46032,3081,3686,3686,,,,0,0,0,0,0
fullband_2001_145mA_v1,974,1544.480000,1544.48020000,0.200000,2.056000,2.065715789,0.472558,32.494310,163,1,144.998932,103.752136,0.852051,4.490967,4.478760,63351,45330,2792,3679,3669,,,,0,0,0,0,0
fullband_2001_145mA_v1,975,1544.500000,1544.49958000,-0.420000,2.056000,2.054380954,-0.078747,27.555526,151,1,144.998932,103.296661,0.762939,4.490967,4.482422,63351,45131,2500,3679,3672,,,,0,0,0,0,0
fullband_2001_145mA_v1,976,1544.520000,1544.51970000,-0.300000,2.056000,2.063663719,0.372749,27.026677,141,1,144.998932,103.667450,0.772705,4.439697,4.255371,63351,45293,2532,3637,3486,,,,0,0,0,0,0
fullband_2001_145mA_v1,977,1544.540000,1544.53979000,-0.210000,2.056000,2.058636559,0.128237,31.847821,152,1,144.998932,105.798340,3.056641,4.494629,4.489746,63351,46224,10016,3682,3678,,,,0,0,0,0,0
fullband_2001_145mA_v1,978,1544.560000,1544.55978000,-0.220000,2.056000,2.053643472,-0.114617,28.704643,158,1,144.998932,106.391144,2.789307,4.495850,4.499512,63351,46483,9140,3683,3686,,,,0,0,0,0,0
fullband_2001_145mA_v1,979,1544.580000,1544.58044000,0.440000,2.056000,2.001269751,-2.661977,24.482726,181,1,144.998932,111.325836,2.518921,4.541016,4.499512,63351,48639,8254,3720,3686,,,,0,0,0,0,0
fullband_2001_145mA_v1,980,1544.600000,1544.59868000,-1.320000,2.056000,2.052149367,-0.187288,29.915686,152,1,144.998932,110.501862,2.573853,4.512939,4.309082,63351,48279,8434,3697,3530,,,,0,0,0,0,0
fullband_2001_145mA_v1,981,1544.620000,1544.61949000,-0.510000,2.056000,2.057975418,0.096081,31.761944,147,1,144.998932,111.211395,0.270996,4.980469,4.040527,63351,48589,888,4080,3310,,,,0,0,0,0,0
fullband_2001_145mA_v1,982,1544.640000,1544.63861000,-1.390000,2.056000,2.061620927,0.273391,32.208017,157,1,144.998932,112.170410,0.263977,4.887695,3.948975,63351,49008,865,4004,3235,,,,0,0,0,0,0
fullband_2001_145mA_v1,983,1544.660000,1544.66086000,0.860000,2.056000,2.056794840,0.038660,31.854594,168,1,144.998932,111.005402,1.804199,5.028076,3.598633,63351,48499,5912,4119,2948,,,,0,0,0,0,0
fullband_2001_145mA_v1,984,1544.680000,1544.67898000,-1.020000,2.056000,2.048731486,-0.353527,28.082545,167,1,144.998932,112.142944,1.432190,5.000000,3.991699,63351,48996,4693,4096,3270,,,,0,0,0,0,0
fullband_2001_145mA_v1,985,1544.700000,1544.69946000,-0.540000,2.056000,2.066474911,0.509480,30.912564,172,1,144.998932,107.661438,1.387024,4.887695,3.992920,63351,47038,4545,4004,3271,,,,0,0,0,0,0
fullband_2001_145mA_v1,986,1544.720000,1544.71897000,-1.030000,2.056000,2.053263146,-0.133115,31.263611,171,1,144.998932,109.272766,1.362305,4.785156,3.941650,63351,47742,4464,3920,3229,,,,0,0,0,0,0
fullband_2001_145mA_v1,987,1544.740000,1544.73999000,-0.010000,2.056000,2.062099486,0.296668,30.956424,176,1,144.998932,104.086304,1.351318,4.669189,3.878174,63351,45476,4428,3825,3177,,,,0,0,0,0,0
fullband_2001_145mA_v1,988,1544.760000,1544.75936000,-0.640000,2.056000,2.056836824,0.040702,32.048933,161,1,144.998932,101.291656,1.337585,4.545898,3.851318,63351,44255,4383,3724,3155,,,,0,0,0,0,0
fullband_2001_145mA_v1,989,1544.780000,1544.77925000,-0.750000,2.056000,2.057122887,0.054615,30.727326,158,1,144.998932,103.072357,1.339111,4.449463,3.750000,63351,45033,4388,3645,3072,,,,0,0,0,0,0
fullband_2001_145mA_v1,990,1544.800000,1544.79909000,-0.910000,2.056000,2.053796966,-0.107151,26.986527,161,1,144.998932,103.017426,1.749878,3.541260,3.728027,63351,45009,5734,2901,3054,,,,0,0,0,0,0
fullband_2001_145mA_v1,991,1544.820000,1544.82013000,0.130000,2.056000,2.059453194,0.167957,32.449522,175,1,144.998932,104.042816,1.737061,3.586426,3.546143,63351,45457,5692,2938,2905,,,,0,0,0,0,0
fullband_2001_145mA_v1,992,1544.840000,1544.83942000,-0.580000,2.056000,2.058704264,0.131530,30.150164,176,1,144.998932,104.141235,1.653137,3.532715,3.514404,63351,45500,5417,2894,2879,,,,0,0,0,0,0
fullband_2001_145mA_v1,993,1544.860000,1544.85912000,-0.880000,2.056000,2.062610181,0.321507,28.548863,162,1,144.998932,105.196381,1.409607,3.536377,3.704834,63351,45961,4619,2897,3035,,,,0,0,0,0,0
fullband_2001_145mA_v1,994,1544.880000,1544.87897000,-1.030000,2.056000,2.064323716,0.404850,31.352999,159,1,144.998932,105.867004,1.306763,3.568115,3.669434,63351,46254,4282,2923,3006,,,,0,0,0,0,0
fullband_2001_145mA_v1,995,1544.900000,1544.90064000,0.640000,2.056000,2.054765646,-0.060037,31.753105,159,1,144.998932,109.632111,1.351624,3.551025,3.437500,63351,47899,4429,2909,2816,,,,0,0,0,0,0
fullband_2001_145mA_v1,996,1544.920000,1544.91872000,-1.280000,2.056000,2.064304674,0.403924,31.873381,162,1,144.998932,110.380554,1.258240,3.509521,3.435059,63351,48226,4123,2875,2814,,,,0,0,0,0,0
fullband_2001_145mA_v1,997,1544.940000,1544.94008000,0.080000,2.056000,2.046504552,-0.461841,32.507536,172,1,144.998932,109.350586,1.250305,3.491211,3.220215,63351,47776,4097,2860,2638,,,,0,0,0,0,0
fullband_2001_145mA_v1,998,1544.960000,1544.95974000,-0.260000,2.056000,2.050464114,-0.269255,33.329516,172,1,144.998932,107.549286,1.250000,3.310547,3.082275,63351,46989,4096,2712,2525,,,,0,0,0,0,0
fullband_2001_145mA_v1,999,1544.980000,1544.97892000,-1.080000,2.056000,2.054748391,-0.060876,29.548428,174,1,144.998932,112.049103,4.049683,3.476562,3.492432,63351,48955,13270,2848,2861,,,,0,0,0,0,0
fullband_2001_145mA_v1,1000,1545.000000,1544.99894000,-1.060000,2.056000,2.058892620,0.140692,31.264094,172,1,144.998932,109.712219,3.999939,3.409424,3.387451,63351,47934,13107,2793,2775,,,,0,0,0,0,0
fullband_2001_145mA_v1,1001,1545.020000,1545.01904000,-0.960000,2.056000,2.059677909,0.178887,30.284047,172,1,144.998932,106.452942,0.750122,3.468018,3.397217,63351,46510,2458,2841,2783,,,,0,0,0,0,0
fullband_2001_145mA_v1,1002,1545.040000,1545.03927000,-0.730000,2.056000,2.064809074,0.428457,30.364059,162,1,144.998932,104.850769,3.035889,3.531494,3.481445,63351,45810,9948,2893,2852,,,,0,0,0,0,0
fullband_2001_145mA_v1,1003,1545.060000,1545.06000000,0.000000,2.056000,2.057493150,0.072624,31.124400,172,1,144.998932,100.506592,2.662354,3.554688,3.499756,63351,43912,8724,2912,2867,,,,0,0,0,0,0
fullband_2001_145mA_v1,1004,1545.080000,1545.08065000,0.650000,2.056000,2.056699517,0.034023,33.722036,170,1,144.998932,104.479980,3.732605,3.050537,3.000488,63351,45648,12231,2499,2458,,,,0,0,0,0,0
fullband_2001_145mA_v1,1005,1545.100000,1545.09993000,-0.070000,2.056000,2.048737925,-0.353214,30.864408,160,1,144.998932,104.663086,8.999939,3.447266,3.184814,63351,45728,29491,2824,2609,,,,0,0,0,0,0
fullband_2001_145mA_v1,1006,1545.120000,1545.11882000,-1.180000,2.056000,2.065430890,0.458701,29.149149,167,1,144.998932,104.438782,3.500061,2.947998,2.823486,63351,45630,11469,2415,2313,,,,0,0,0,0,0
fullband_2001_145mA_v1,1007,1545.140000,1545.13926000,-0.740000,2.056000,2.060103666,0.199595,31.405876,174,1,144.998932,101.058197,0.499878,3.421631,2.501221,63351,44153,1638,2803,2049,,,,0,0,0,0,0
fullband_2001_145mA_v1,1008,1545.160000,1545.15877000,-1.230000,2.056000,2.058998580,0.145845,30.697894,155,1,144.998932,105.319977,2.999878,2.924805,2.901611,63351,46015,9830,2396,2377,,,,0,0,0,0,0
fullband_2001_145mA_v1,1009,1545.180000,1545.17953000,-0.470000,2.056000,2.065941777,0.483549,32.298480,162,1,144.998932,109.991455,8.481750,3.050537,3.000488,63351,48056,27793,2499,2458,,,,0,0,0,0,0
fullband_2001_145mA_v1,1010,1545.200000,1545.19951000,-0.490000,2.056000,2.060396602,0.213843,29.745795,165,1,144.998932,113.101959,8.055725,2.991943,2.985840,63351,49415,26397,2451,2446,,,,0,0,0,0,0
fullband_2001_145mA_v1,1011,1545.220000,1545.21845000,-1.550000,2.056000,2.051209178,-0.233017,30.385743,163,1,144.998932,110.616302,7.559509,2.988281,2.982178,63351,48329,24771,2448,2443,,,,0,0,0,0,0
fullband_2001_145mA_v1,1012,1545.240000,1545.23966000,-0.340000,2.056000,2.056088846,0.004321,31.146689,173,1,144.998932,112.893677,7.500000,2.929688,2.883301,63351,49324,24576,2400,2362,,,,0,0,0,0,0
fullband_2001_145mA_v1,1013,1545.260000,1545.25989000,-0.110000,2.056000,2.051466706,-0.220491,30.947843,178,1,144.998932,107.448578,2.000122,2.927246,2.899170,63351,46945,6554,2398,2375,,,,0,0,0,0,0
fullband_2001_145mA_v1,1014,1545.280000,1545.28021000,0.210000,2.056000,2.040761216,-0.741186,31.742600,175,1,144.998932,107.176208,6.499939,2.928467,2.891846,63351,46826,21299,2399,2369,,,,0,0,0,0,0
fullband_2001_145mA_v1,1015,1545.300000,1545.29975000,-0.250000,2.056000,2.057029472,0.050072,31.426391,178,1,144.998932,105.368042,5.432739,3.026123,3.000488,63351,46036,17802,2479,2458,,,,0,0,0,0,0
fullband_2001_145mA_v1,1016,1545.320000,1545.32017000,0.170000,2.056000,2.056050436,0.002453,31.067725,173,1,144.998932,103.104401,5.499878,2.937012,2.912598,63351,45047,18022,2406,2386,,,,0,0,0,0,0
fullband_2001_145mA_v1,1017,1545.340000,1545.34000000,0.000000,2.056000,2.047887080,-0.394597,29.167630,169,1,144.998932,102.770233,1.893311,2.722168,2.297363,63351,44901,6204,2230,1882,,,,0,0,0,0,0
fullband_2001_145mA_v1,1018,1545.360000,1545.35881000,-1.190000,2.056000,2.050386704,-0.273020,29.831704,173,1,144.998932,99.973297,1.766357,2.719727,2.243652,63351,43679,5788,2228,1838,,,,0,0,0,0,0
fullband_2001_145mA_v1,1019,1545.380000,1545.37936000,-0.640000,2.056000,2.047488848,-0.413967,25.447904,184,1,144.998932,97.169495,1.789246,2.498779,2.221680,63351,42454,5863,2047,1820,,,,0,0,0,0,0
fullband_2001_145mA_v1,1020,1545.400000,1545.39941000,-0.590000,2.056000,2.057542393,0.075019,25.824192,171,1,144.998932,99.586487,1.668701,2.504883,2.210693,63351,43510,5468,2052,1811,,,,0,0,0,0,0
fullband_2001_145mA_v1,1021,1545.420000,1545.41948000,-0.520000,2.056000,2.051439526,-0.221813,28.261779,171,1,144.998932,97.315979,0.000000,2.637939,2.423096,63351,42518,0,2161,1985,,,,0,0,0,0,0
fullband_2001_145mA_v1,1022,1545.440000,1545.43948000,-0.520000,2.056000,2.050752818,-0.255213,27.696428,178,1,144.998932,100.016785,0.000000,2.550049,2.322998,63351,43698,0,2089,1903,,,,0,0,0,0,0
fullband_2001_145mA_v1,1023,1545.460000,1545.45955000,-0.450000,2.056000,2.058705657,0.131598,26.815458,167,1,144.998932,100.440216,0.000000,2.436523,2.227783,63351,43883,0,1996,1825,,,,0,0,0,0,0
fullband_2001_145mA_v1,1024,1545.480000,1545.47979000,-0.210000,2.056000,2.039841326,-0.785928,32.863487,176,1,144.998932,108.187866,4.958801,2.515869,2.321777,63351,47268,16249,2061,1902,,,,0,0,0,0,0
fullband_2001_145mA_v1,1025,1545.500000,1545.49918000,-0.820000,2.056000,2.060106484,0.199732,29.624030,164,1,144.998932,111.758423,4.081421,2.729492,2.344971,63351,48828,13374,2236,1921,,,,0,0,0,0,0
fullband_2001_145mA_v1,1026,1545.520000,1545.51983000,-0.170000,2.056000,2.046897954,-0.442706,31.136863,161,1,144.998932,111.833954,3.999939,2.683105,2.269287,63351,48861,13107,2198,1859,,,,0,0,0,0,0
fullband_2001_145mA_v1,1027,1545.540000,1545.53983000,-0.170000,2.056000,2.039915345,-0.782328,31.991773,174,1,144.998932,107.192230,0.994263,2.426758,2.180176,63351,46833,3258,1988,1786,,,,0,0,0,0,0
fullband_2001_145mA_v1,1028,1545.560000,1545.55903000,-0.970000,2.056000,2.051631375,-0.212482,30.314891,162,1,144.998932,110.884094,2.999878,2.678223,2.452393,63351,48446,9830,2194,2009,,,,0,0,0,0,0
fullband_2001_145mA_v1,1029,1545.580000,1545.57972000,-0.280000,2.056000,2.050743823,-0.255651,28.372241,171,1,144.998932,108.828735,4.249878,2.250977,2.049561,63351,47548,13926,1844,1679,,,,0,0,0,0,0
fullband_2001_145mA_v1,1030,1545.600000,1545.60047000,0.470000,2.056000,2.066102118,0.491348,31.819306,180,1,144.998932,105.329132,4.249878,2.078857,1.984863,63351,46019,13926,1703,1626,,,,0,0,0,0,0
fullband_2001_145mA_v1,1031,1545.620000,1545.61966000,-0.340000,2.056000,2.063410029,0.360410,27.664173,173,1,144.998932,105.944824,3.999939,1.949463,2.069092,63351,46288,13107,1597,1695,,,,0,0,0,0,0
fullband_2001_145mA_v1,1032,1545.640000,1545.63962000,-0.380000,2.056000,2.055105966,-0.043484,31.546413,164,1,144.998932,104.443359,9.999695,2.358398,2.139893,63351,45632,32767,1932,1753,,,,0,0,0,0,0
fullband_2001_145mA_v1,1033,1545.660000,1545.66094000,0.940000,2.056000,2.059020749,0.146924,32.097278,177,1,144.998932,97.650146,0.591431,2.304688,1.809082,63351,42664,1938,1888,1482,,,,0,0,0,0,0
fullband_2001_145mA_v1,1034,1545.680000,1545.68010000,0.100000,2.056000,2.065192608,0.447111,30.723019,165,1,144.998932,97.961426,0.486755,2.250977,2.000732,63351,42800,1595,1844,1639,,,,0,0,0,0,0
fullband_2001_145mA_v1,1035,1545.700000,1545.69924000,-0.760000,2.056000,2.050365629,-0.274045,30.884072,167,1,144.998932,99.366760,0.426025,2.230225,1.989746,63351,43414,1396,1827,1630,,,,0,0,0,0,0
fullband_2001_145mA_v1,1036,1545.720000,1545.71941000,-0.590000,2.056000,2.055029351,-0.047211,30.622640,170,1,144.998932,98.597717,0.420532,2.207031,1.791992,63351,43078,1378,1808,1468,,,,0,0,0,0,0
fullband_2001_145mA_v1,1037,1545.740000,1545.73936000,-0.640000,2.056000,2.054303892,-0.082496,29.105085,163,1,144.998932,99.456024,0.459900,1.827393,1.970215,63351,43453,1507,1497,1614,,,,0,0,0,0,0
fullband_2001_145mA_v1,1038,1545.760000,1545.75982000,-0.180000,2.056000,2.047781028,-0.399755,29.506037,166,1,144.998932,102.085876,0.459900,1.729736,1.867676,63351,44602,1507,1417,1530,,,,0,0,0,0,0
fullband_2001_145mA_v1,1039,1545.780000,1545.78056000,0.560000,2.056000,2.048700517,-0.355033,32.595054,174,1,144.998932,106.345367,2.487488,1.998291,1.745605,63351,46463,8151,1637,1430,,,,0,0,0,0,0
fullband_2001_145mA_v1,1040,1545.800000,1545.79994000,-0.060000,2.056000,2.055854756,-0.007064,26.356801,177,1,144.998932,104.152679,2.335205,1.988525,1.551514,63351,45505,7652,1629,1271,,,,0,0,0,0,0
fullband_2001_145mA_v1,1041,1545.820000,1545.82015000,0.150000,2.056000,2.062987032,0.339836,32.421074,185,1,144.998932,105.285645,2.185059,1.976318,1.551514,63351,46000,7160,1619,1271,,,,0,0,0,0,0
fullband_2001_145mA_v1,1042,1545.840000,1545.83988000,-0.120000,2.056000,2.039806400,-0.787626,30.825976,173,1,144.998932,105.260468,1.892700,2.048340,1.500244,63351,45989,6202,1678,1229,,,,0,0,0,0,0
fullband_2001_145mA_v1,1043,1545.860000,1545.86067000,0.670000,2.056000,2.048734109,-0.353399,29.768522,166,1,144.998932,103.445435,1.892700,1.949463,1.552734,63351,45196,6202,1597,1272,,,,0,0,0,0,0
fullband_2001_145mA_v1,1044,1545.880000,1545.88003000,0.030000,2.056000,2.036256164,-0.960303,31.080432,184,1,144.998932,101.932526,1.892700,1.840820,1.497803,63351,44535,6202,1508,1227,,,,0,0,0,0,0
fullband_2001_145mA_v1,1045,1545.900000,1545.90033000,0.330000,2.056000,2.046271493,-0.473176,30.493029,164,1,144.998932,99.366760,0.000000,1.976318,1.741943,63351,43414,0,1619,1427,,,,0,0,0,0,0
fullband_2001_145mA_v1,1046,1545.920000,1545.91954000,-0.460000,2.056000,2.050721261,-0.256748,25.887346,173,1,144.998932,132.458496,6.499939,29.942627,29.957275,63351,57872,21299,24529,24541,,,,0,0,0,0,0
fullband_2001_145mA_v1,1047,1545.940000,1545.93986000,-0.140000,2.056000,2.062347103,0.308711,25.285774,177,1,144.998932,129.263306,1.904297,29.685059,29.998779,63351,56476,6240,24318,24575,,,,0,0,0,0,0
fullband_2001_145mA_v1,1048,1545.960000,1545.96023000,0.230000,2.056000,2.074263685,0.888312,28.392430,168,1,144.998932,127.867126,1.817017,29.643555,29.998779,63351,55866,5954,24284,24575,,,,0,0,0,0,0
fullband_2001_145mA_v1,1049,1545.980000,1545.97965000,-0.350000,2.056000,2.049996346,-0.292007,27.673745,170,1,144.998932,127.404785,1.730957,29.998779,29.912109,63351,55664,5672,24575,24504,,,,0,0,0,0,0
fullband_2001_145mA_v1,1050,1546.000000,1546.00030000,0.300000,2.056000,2.058014134,0.097964,25.185392,169,1,144.998932,124.415588,1.616211,29.948730,29.948730,63351,54358,5296,24534,24534,,,,0,0,0,0,0
fullband_2001_145mA_v1,1051,1546.020000,1546.01914000,-0.860000,2.056000,2.071715680,0.764381,24.607461,156,1,144.998932,128.274536,1.522522,29.936523,29.987793,63351,56044,4989,24524,24566,,,,0,0,0,0,0
fullband_2001_145mA_v1,1052,1546.040000,1546.03866000,-1.340000,2.056000,2.065374715,0.455969,25.756350,164,1,144.998932,125.399780,1.452026,29.693604,29.620361,63351,54788,4758,24325,24265,,,,0,0,0,0,0
fullband_2001_145mA_v1,1053,1546.060000,1546.05980000,-0.200000,2.056000,2.062740174,0.327829,26.293676,175,1,144.998932,120.508575,9.581604,29.947510,1.495361,63351,52651,31397,24533,1225,,,,0,0,0,0,0
fullband_2001_145mA_v1,1054,1546.080000,1546.08077000,0.770000,2.056000,2.061589972,0.271886,31.108002,176,1,144.998932,118.357086,9.235229,29.991455,1.430664,63351,51711,30262,24569,1172,,,,0,0,0,0,0
fullband_2001_145mA_v1,1055,1546.100000,1546.10035000,0.350000,2.056000,2.061669561,0.275757,31.352302,174,1,144.998932,109.519958,4.500122,1.439209,1.446533,63351,47850,14746,1179,1185,,,,0,0,0,0,0
fullband_2001_145mA_v1,1056,1546.120000,1546.11936000,-0.640000,2.056000,2.053530762,-0.120099,28.397974,178,1,144.998932,116.114044,0.395203,29.948730,1.501465,63351,50731,1295,24534,1230,,,,0,0,0,0,0
fullband_2001_145mA_v1,1057,1546.140000,1546.13934000,-0.660000,2.056000,2.045635637,-0.504103,31.696294,171,1,144.998932,113.697052,0.335388,29.948730,1.500244,63351,49675,1099,24534,1229,,,,0,0,0,0,0
fullband_2001_145mA_v1,1058,1546.160000,1546.16019000,0.190000,2.056000,2.075211269,0.934400,31.443227,174,1,144.998932,113.154602,0.276184,29.998779,1.500244,63351,49438,905,24575,1229,,,,0,0,0,0,0
fullband_2001_145mA_v1,1059,1546.180000,1546.17948000,-0.520000,2.056000,2.048818429,-0.349298,29.137597,169,1,144.998932,114.074707,0.212402,29.997559,1.512451,63351,49840,696,24574,1239,,,,0,0,0,0,0
fullband_2001_145mA_v1,1060,1546.200000,1546.19955000,-0.450000,2.056000,2.038256524,-0.863010,27.732314,175,1,144.998932,110.048676,0.207214,29.987793,1.381836,63351,48081,679,24566,1132,,,,0,0,0,0,0
fullband_2001_145mA_v1,1061,1546.220000,1546.21958000,-0.420000,2.056000,2.060697077,0.228457,29.493738,183,1,144.998932,107.162476,1.748962,28.499756,1.500244,63351,46820,5731,23347,1229,,,,0,0,0,0,0
fullband_2001_145mA_v1,1062,1546.240000,1546.23952000,-0.480000,2.056000,2.059705217,0.180215,29.920279,172,1,144.998932,109.556580,1.580811,28.649902,1.500244,63351,47866,5180,23470,1229,,,,0,0,0,0,0
fullband_2001_145mA_v1,1063,1546.260000,1546.25929000,-0.710000,2.056000,2.042591790,-0.652150,30.028424,172,1,144.998932,104.562378,1.431885,28.499756,1.500244,63351,45684,4692,23347,1229,,,,0,0,0,0,0
fullband_2001_145mA_v1,1064,1546.280000,1546.27988000,-0.120000,2.056000,2.046767574,-0.449048,30.343736,179,1,144.998932,105.489349,1.286926,28.499756,1.500244,63351,46089,4217,23347,1229,,,,0,0,0,0,0
fullband_2001_145mA_v1,1065,1546.300000,1546.29877000,-1.230000,2.056000,2.057571980,0.076458,29.841882,165,1,144.998932,102.502441,1.143494,28.549805,1.500244,63351,44784,3747,23388,1229,,,,0,0,0,0,0
fullband_2001_145mA_v1,1066,1546.320000,1546.31947000,-0.530000,2.056000,2.060554971,0.221545,28.853769,168,1,144.998932,104.406738,1.018677,28.499756,1.500244,63351,45616,3338,23347,1229,,,,0,0,0,0,0
fullband_2001_145mA_v1,1067,1546.340000,1546.33943000,-0.570000,2.056000,2.059726957,0.181272,30.132896,161,1,144.998932,108.663940,3.957825,28.654785,1.500244,63351,47476,12969,23474,1229,,,,0,0,0,0,0
fullband_2001_145mA_v1,1068,1546.360000,1546.36020000,0.200000,2.056000,2.046704965,-0.452093,22.772146,172,1,144.998932,112.770081,3.642578,28.632812,1.500244,63351,49270,11936,23456,1229,,,,0,0,0,0,0
fullband_2001_145mA_v1,1069,1546.380000,1546.37883000,-1.170000,2.056000,2.050061657,-0.288830,29.421311,43,1,144.998932,133.367157,6.000061,27.462158,28.680420,63351,58269,19661,22497,23495,,,,0,0,0,0,0
fullband_2001_145mA_v1,1070,1546.400000,1546.39867000,-1.330000,2.056000,2.047382661,-0.419131,26.755770,96,1,144.998932,133.094788,6.000061,27.017822,28.325195,63351,58150,19661,22133,23204,,,,0,0,0,0,0
fullband_2001_145mA_v1,1071,1546.420000,1546.41923000,-0.770000,2.056000,2.073642336,0.858090,26.377437,169,1,144.998932,104.956055,1.430054,1.174316,1.210938,63351,45856,4686,962,992,,,,0,0,0,0,0
fullband_2001_145mA_v1,1072,1546.440000,1546.43884000,-1.160000,2.056000,2.052918035,-0.149901,32.158133,106,1,144.998932,140.293121,5.796204,28.466797,24.003906,63351,61295,18993,23320,19664,,,,0,0,0,0,0
fullband_2001_145mA_v1,1073,1546.460000,1546.45913000,-0.870000,2.056000,2.050742817,-0.255700,28.040588,173,1,144.998932,108.158112,4.756775,1.195068,1.223145,63351,47255,15587,979,1002,,,,0,0,0,0,0
fullband_2001_145mA_v1,1074,1546.480000,1546.48038000,0.380000,2.056000,2.055646154,-0.017210,28.716477,173,1,144.998932,133.280182,6.782837,25.324707,24.056396,63351,58231,22226,20746,19707,,,,0,0,0,0,0
fullband_2001_145mA_v1,1075,1546.500000,1546.49959000,-0.410000,2.056000,2.063480324,0.363829,27.843384,174,1,144.998932,130.199432,1.934509,25.664062,24.033203,63351,56885,6339,21024,19688,,,,0,0,0,0,0
fullband_2001_145mA_v1,1076,1546.520000,1546.51987000,-0.130000,2.056000,2.044089498,-0.579305,24.609486,157,1,144.998932,125.523376,1.919556,24.456787,24.067383,63351,54842,6290,20035,19716,,,,0,0,0,0,0
fullband_2001_145mA_v1,1077,1546.540000,1546.53865000,-1.350000,2.056000,2.036203619,-0.962859,24.123661,155,1,144.998932,128.903961,5.665283,24.071045,25.319824,63351,56319,18564,19719,20742,,,,0,0,0,0,0
fullband_2001_145mA_v1,1078,1546.560000,1546.55947000,-0.530000,2.056000,2.052706682,-0.160181,26.254235,168,1,144.998932,117.823792,9.235840,0.000000,24.699707,63351,51478,30264,0,20234,,,,0,0,0,0,0
fullband_2001_145mA_v1,1079,1546.580000,1546.57993000,-0.070000,2.056000,2.066227703,0.497456,25.818177,171,1,144.998932,115.695190,2.925415,0.151367,24.710693,63351,50548,9586,124,20243,,,,0,0,0,0,0
fullband_2001_145mA_v1,1080,1546.600000,1546.59981000,-0.190000,2.056000,2.049650142,-0.308845,25.882364,160,1,144.998932,123.664856,4.756165,24.116211,25.477295,63351,54030,15585,19756,20871,,,,0,0,0,0,0
fullband_2001_145mA_v1,1081,1546.620000,1546.62001000,0.010000,2.056000,2.050843417,-0.250807,26.141682,123,1,144.998932,123.468018,4.657288,23.826904,25.181885,63351,53944,15261,19519,20629,,,,0,0,0,0,0
fullband_2001_145mA_v1,1082,1546.640000,1546.63985000,-0.150000,2.056000,2.072271361,0.791409,25.002390,51,1,144.998932,121.044159,0.011292,23.760986,25.030518,63351,52885,37,19465,20505,,,,0,0,0,0,0
fullband_2001_145mA_v1,1083,1546.660000,1546.66076000,0.760000,2.056000,2.006260257,-2.419248,30.448410,113,1,144.998932,131.343842,3.884583,25.528564,23.948975,63351,57385,12729,20913,19619,,,,0,0,0,0,0
fullband_2001_145mA_v1,1084,1546.680000,1546.67896000,-1.040000,2.056000,2.061568359,0.270835,31.474392,140,1,144.998932,130.904388,3.746948,25.399170,23.863525,63351,57193,12278,20807,19549,,,,0,0,0,0,0
fullband_2001_145mA_v1,1085,1546.700000,1546.69921000,-0.790000,2.056000,2.048845711,-0.347971,29.238427,111,1,144.998932,131.698608,3.555908,24.130859,25.418701,63351,57540,11652,19768,20823,,,,0,0,0,0,0
fullband_2001_145mA_v1,1086,1546.720000,1546.71996000,-0.040000,2.056000,2.040044862,-0.776028,33.020241,135,1,144.998932,132.877350,3.315430,24.117432,25.465088,63351,58055,10864,19757,20861,,,,0,0,0,0,0
fullband_2001_145mA_v1,1087,1546.740000,1546.74026000,0.260000,2.056000,2.060670406,0.227160,28.219135,83,1,144.998932,133.916473,3.154907,23.973389,25.306396,63351,58509,10338,19639,20731,,,,0,0,0,0,0
fullband_2001_145mA_v1,1088,1546.760000,1546.76101000,1.010000,2.056000,2.052175777,-0.186003,31.249648,139,1,144.998932,136.841583,8.269958,23.950195,25.385742,63351,59787,27099,19620,20796,,,,0,0,0,0,0
fullband_2001_145mA_v1,1089,1546.780000,1546.77940000,-0.600000,2.056000,2.072706470,0.812571,24.343605,104,1,144.998932,125.360870,5.000000,0.100098,25.111084,63351,54771,16384,82,20571,,,,0,0,0,0,0
fullband_2001_145mA_v1,1090,1546.800000,1546.80049000,0.490000,2.056000,2.043791474,-0.593800,30.353987,143,1,144.998932,117.981720,1.412354,0.111084,23.996582,63351,51547,4628,91,19658,,,,0,0,0,0,0
fullband_2001_145mA_v1,1091,1546.820000,1546.81926000,-0.740000,2.056000,2.065099012,0.442559,26.653025,165,1,144.998932,117.144012,1.327820,0.050049,23.554688,63351,51181,4351,41,19296,,,,0,0,0,0,0
fullband_2001_145mA_v1,1092,1546.840000,1546.84021000,0.210000,2.056000,2.063398954,0.359871,30.823638,87,1,144.998932,125.543976,2.829285,22.570801,23.962402,63351,54851,9271,18490,19630,,,,0,0,0,0,0
fullband_2001_145mA_v1,1093,1546.860000,1546.85894000,-1.060000,2.056000,2.050835281,-0.251202,32.396882,75,1,144.998932,123.342133,2.731323,22.369385,23.704834,63351,53889,8950,18325,19419,,,,0,0,0,0,0
fullband_2001_145mA_v1,1094,1546.880000,1546.87933000,-0.670000,2.056000,2.065497987,0.461964,31.061843,102,1,144.998932,122.197723,2.946167,22.243652,22.210693,63351,53389,9654,18222,18195,,,,0,0,0,0,0
fullband_2001_145mA_v1,1095,1546.900000,1546.89930000,-0.700000,2.056000,2.057690616,0.082228,25.975116,41,1,144.998932,116.047668,3.452759,0.030518,24.028320,63351,50702,11314,25,19684,,,,0,0,0,0,0
fullband_2001_145mA_v1,1096,1546.920000,1546.91893000,-1.070000,2.056000,2.049122028,-0.334532,27.041029,37,1,144.998932,117.089081,3.129272,0.097656,23.968506,63351,51157,10254,80,19635,,,,0,0,0,0,0
fullband_2001_145mA_v1,1097,1546.940000,1546.93810000,-1.900000,2.056000,2.071480627,0.752949,24.959287,23,1,144.998932,118.057251,3.038330,0.083008,23.321533,63351,51580,9956,68,19105,,,,0,0,0,0,0
fullband_2001_145mA_v1,1098,1546.960000,1546.95803000,-1.970000,2.056000,2.054202115,-0.087446,27.502567,124,1,144.998932,125.047302,2.061462,22.371826,22.287598,63351,54634,6755,18327,18258,,,,0,0,0,0,0
fullband_2001_145mA_v1,1099,1546.980000,1546.97976000,-0.240000,2.056000,2.051265393,-0.230282,27.411970,57,1,144.998932,124.786377,2.906799,0.000000,20.997314,63351,54520,9525,0,17201,,,,0,0,0,0,0
fullband_2001_145mA_v1,1100,1547.000000,1546.99947000,-0.530000,2.056000,2.058996574,0.145748,24.614465,116,1,144.998932,124.994659,2.596130,0.050049,20.927734,63351,54611,8507,41,17144,,,,0,0,0,0,0
fullband_2001_145mA_v1,1101,1547.020000,1547.01931000,-0.690000,2.056000,2.052448781,-0.172725,25.132068,181,1,144.998932,133.909607,6.796265,19.649658,21.218262,63351,58506,22270,16097,17382,,,,0,0,0,0,0
fullband_2001_145mA_v1,1102,1547.040000,1547.03955000,-0.450000,2.056000,2.055961113,-0.001891,32.711542,154,1,144.998932,132.092285,6.618958,19.669189,21.009521,63351,57712,21689,16113,17211,,,,0,0,0,0,0
fullband_2001_145mA_v1,1103,1547.060000,1547.05986000,-0.140000,2.056000,2.053387519,-0.127066,29.625401,152,1,144.998932,131.231689,1.995850,19.610596,20.804443,63351,57336,6540,16065,17043,,,,0,0,0,0,0
fullband_2001_145mA_v1,1104,1547.080000,1547.07931000,-0.690000,2.056000,2.052622698,-0.164266,24.959730,101,1,144.998932,129.851532,6.403198,19.499512,19.918213,63351,56733,20982,15974,16317,,,,0,0,0,0,0
fullband_2001_145mA_v1,1105,1547.100000,1547.10093000,0.930000,2.056000,2.053577640,-0.117819,28.443288,166,1,144.998932,125.820923,6.125183,19.660645,19.650879,63351,54972,20071,16106,16098,,,,0,0,0,0,0
fullband_2001_145mA_v1,1106,1547.120000,1547.12043000,0.430000,2.056000,2.044173547,-0.575217,28.525307,71,1,144.998932,124.642181,5.815125,19.622803,19.547119,63351,54457,19055,16075,16013,,,,0,0,0,0,0
fullband_2001_145mA_v1,1107,1547.140000,1547.14039000,0.390000,2.056000,2.059068169,0.149230,34.159218,115,1,144.998932,121.142578,5.515747,19.614258,19.528809,63351,52928,18074,16068,15998,,,,0,0,0,0,0
fullband_2001_145mA_v1,1108,1547.160000,1547.16025000,0.250000,2.056000,2.040931892,-0.732885,33.040079,121,1,144.998932,120.112610,5.241394,19.599609,19.499512,63351,52478,17175,16056,15974,,,,0,0,0,0,0
fullband_2001_145mA_v1,1109,1547.180000,1547.18045000,0.450000,2.056000,2.061563242,0.270586,32.593379,133,1,144.998932,120.323181,4.948425,19.644775,19.550781,63351,52570,16215,16093,16016,,,,0,0,0,0,0
fullband_2001_145mA_v1,1110,1547.200000,1547.19922000,-0.780000,2.056000,2.046817521,-0.446619,29.317913,114,1,144.998932,119.565582,4.714966,19.602051,19.475098,63351,52239,15450,16058,15954,,,,0,0,0,0,0
fullband_2001_145mA_v1,1111,1547.220000,1547.21976000,-0.240000,2.056000,2.045954061,-0.488616,26.197580,147,1,144.998932,120.577240,4.638672,19.234619,19.351807,63351,52681,15200,15757,15853,,,,0,0,0,0,0
fullband_2001_145mA_v1,1112,1547.240000,1547.23931000,-0.690000,2.056000,2.058138056,0.103991,28.460256,116,1,144.998932,121.270752,3.643188,19.564209,20.961914,63351,52984,11938,16027,17172,,,,0,0,0,0,0
fullband_2001_145mA_v1,1113,1547.260000,1547.25900000,-1.000000,2.056000,2.053164691,-0.137904,32.341774,124,1,144.998932,121.131134,3.413391,19.526367,20.921631,63351,52923,11185,15996,17139,,,,0,0,0,0,0
fullband_2001_145mA_v1,1114,1547.280000,1547.27983000,-0.170000,2.056000,2.061889163,0.286438,32.200748,113,1,144.998932,126.148224,3.152466,19.536133,20.986328,63351,55115,10330,16004,17192,,,,0,0,0,0,0
fullband_2001_145mA_v1,1115,1547.300000,1547.29991000,-0.090000,2.056000,2.062996537,0.340299,27.060780,88,1,144.998932,130.613708,3.030701,19.384766,20.832520,63351,57066,9931,15880,17066,,,,0,0,0,0,0
fullband_2001_145mA_v1,1116,1547.320000,1547.31987000,-0.130000,2.056000,2.044493245,-0.559667,34.726357,78,1,144.998932,111.916351,6.976013,19.129639,0.091553,63351,48897,22859,15671,75,,,,0,0,0,0,0
fullband_2001_145mA_v1,1117,1547.340000,1547.34075000,0.750000,2.056000,2.058328280,0.113243,35.074844,151,1,144.998932,110.767365,1.922607,18.974609,0.000000,63351,48395,6300,15544,0,,,,0,0,0,0,0
fullband_2001_145mA_v1,1118,1547.360000,1547.35904000,-0.960000,2.056000,2.055922630,-0.003763,26.096637,77,1,144.998932,134.211731,8.431702,19.436035,19.405518,63351,58638,27629,15922,15897,,,,0,0,0,0,0
fullband_2001_145mA_v1,1119,1547.380000,1547.37971000,-0.290000,2.056000,2.074108097,0.880744,32.382159,114,1,144.998932,129.737091,8.431702,19.145508,19.124756,63351,56683,27629,15684,15667,,,,0,0,0,0,0
fullband_2001_145mA_v1,1120,1547.400000,1547.39980000,-0.200000,2.056000,2.058627420,0.127793,24.999736,136,1,144.998932,109.531403,6.042786,18.223877,0.058594,63351,47855,19801,14929,48,,,,0,0,0,0,0
fullband_2001_145mA_v1,1121,1547.420000,1547.42022000,0.220000,2.056000,2.038839341,-0.834662,34.355825,64,1,144.998932,108.096313,5.738220,18.199463,0.045166,63351,47228,18803,14909,37,,,,0,0,0,0,0
fullband_2001_145mA_v1,1122,1547.440000,1547.43936000,-0.640000,2.056000,2.075045600,0.926342,30.585576,54,1,144.998932,102.536774,5.738220,17.558594,0.000000,63351,44799,18803,14384,0,,,,0,0,0,0,0
fullband_2001_145mA_v1,1123,1547.460000,1547.45879000,-1.210000,2.056000,2.047340455,-0.421184,28.185143,167,1,144.998932,103.791046,5.453186,17.518311,0.000000,63351,45347,17869,14351,0,,,,0,0,0,0,0
fullband_2001_145mA_v1,1124,1547.480000,1547.47956000,-0.440000,2.056000,2.053798106,-0.107096,27.155590,101,1,144.998932,117.038727,2.234497,16.550293,19.597168,63351,51135,7322,13558,16054,,,,0,0,0,0,0
fullband_2001_145mA_v1,1125,1547.500000,1547.49980000,-0.200000,2.056000,2.039551768,-0.800011,27.688836,90,1,144.998932,115.866852,2.076721,16.550293,19.549561,63351,50623,6805,13558,16015,,,,0,0,0,0,0
fullband_2001_145mA_v1,1126,1547.520000,1547.52002000,0.020000,2.056000,2.059797274,0.184692,27.595863,84,1,144.998932,106.272125,4.030762,18.381348,0.166016,63351,46431,13208,15058,136,,,,0,0,0,0,0
fullband_2001_145mA_v1,1127,1547.540000,1547.53861000,-1.390000,2.056000,2.050058225,-0.288997,26.274211,58,1,144.998932,105.427551,4.030762,18.073730,0.000000,63351,46062,13208,14806,0,,,,0,0,0,0,0
fullband_2001_145mA_v1,1128,1547.560000,1547.55919000,-0.810000,2.056000,2.057722380,0.083773,28.736312,43,1,144.998932,111.643982,3.767395,18.056641,0.000000,63351,48778,12345,14792,0,,,,0,0,0,0,0
fullband_2001_145mA_v1,1129,1547.580000,1547.57931000,-0.690000,2.056000,2.067506488,0.559654,29.049206,46,1,144.998932,110.739899,3.504639,18.031006,0.000000,63351,48383,11484,14771,0,,,,0,0,0,0,0
fullband_2001_145mA_v1,1130,1547.600000,1547.60016000,0.160000,2.056000,2.050939139,-0.246151,28.417201,86,1,144.998932,112.094879,3.222046,17.991943,0.000000,63351,48975,10558,14739,0,,,,0,0,0,0,0
fullband_2001_145mA_v1,1131,1547.620000,1547.61885000,-1.150000,2.056000,2.066057813,0.489193,29.287033,69,1,144.998932,111.614227,3.129272,17.670898,0.000000,63351,48765,10254,14476,0,,,,0,0,0,0,0
fullband_2001_145mA_v1,1132,1547.640000,1547.64079000,0.790000,2.056000,2.044694336,-0.549886,30.588949,47,1,144.998932,111.756134,3.063965,17.211914,0.000000,63351,48827,10040,14100,0,,,,0,0,0,0,0
fullband_2001_145mA_v1,1133,1547.660000,1547.66024000,0.240000,2.056000,2.057579977,0.076847,26.445723,145,1,144.998932,126.741028,5.190735,15.102539,17.899170,63351,55374,17009,12372,14663,,,,0,0,0,0,0
fullband_2001_145mA_v1,1134,1547.680000,1547.68000000,0.000000,2.056000,2.045200989,-0.525244,33.568219,113,1,144.998932,119.602203,1.389465,15.102539,18.021240,63351,52255,4553,12372,14763,,,,0,0,0,0,0
fullband_2001_145mA_v1,1135,1547.700000,1547.70003000,0.030000,2.056000,2.043460000,-0.609922,33.459600,90,1,144.998932,120.204163,1.353149,15.042725,17.717285,63351,52518,4434,12323,14514,,,,0,0,0,0,0
fullband_2001_145mA_v1,1136,1547.720000,1547.72013000,0.130000,2.056000,2.054313939,-0.082007,33.487113,134,1,144.998932,116.972351,0.999756,16.370850,17.839355,63351,51106,3276,13411,14614,,,,0,0,0,0,0
fullband_2001_145mA_v1,1137,1547.740000,1547.73931000,-0.690000,2.056000,2.053492249,-0.121972,30.471194,95,1,144.998932,115.695190,1.080017,15.023193,18.010254,63351,50548,3539,12307,14754,,,,0,0,0,0,0
fullband_2001_145mA_v1,1138,1547.760000,1547.75935000,-0.650000,2.056000,2.067824873,0.575140,31.114220,126,1,144.998932,116.004181,1.063232,14.954834,17.701416,63351,50683,3484,12251,14501,,,,0,0,0,0,0
fullband_2001_145mA_v1,1139,1547.780000,1547.78094000,0.940000,2.056000,2.059609878,0.175578,27.563945,178,1,144.998932,117.494202,5.000916,14.771729,15.122070,63351,51334,16387,12101,12388,,,,0,0,0,0,0
fullband_2001_145mA_v1,1140,1547.800000,1547.80014000,0.140000,2.056000,2.046365013,-0.468628,32.130189,151,1,144.998932,118.672943,3.335876,16.514893,16.478271,63351,51849,10931,13529,13499,,,,0,0,0,0,0
fullband_2001_145mA_v1,1141,1547.820000,1547.81989000,-0.110000,2.056000,2.063995191,0.388871,29.237334,146,1,144.998932,119.579315,3.264160,16.337891,16.354980,63351,52245,10696,13384,13398,,,,0,0,0,0,0
fullband_2001_145mA_v1,1142,1547.840000,1547.83913000,-0.870000,2.056000,2.061710824,0.277764,27.929987,137,1,144.998932,120.922852,3.500061,16.333008,14.976807,63351,52832,11469,13380,12269,,,,0,0,0,0,0
fullband_2001_145mA_v1,1143,1547.860000,1547.85960000,-0.400000,2.056000,2.072155877,0.785792,31.114810,126,1,144.998932,129.734802,9.737854,16.392822,14.941406,63351,56682,31909,13429,12240,,,,0,0,0,0,0
fullband_2001_145mA_v1,1144,1547.880000,1547.88002000,0.020000,2.056000,2.051840392,-0.202316,30.056148,123,1,144.998932,125.157166,3.999939,14.807129,14.910889,63351,54682,13107,12130,12215,,,,0,0,0,0,0
fullband_2001_145mA_v1,1145,1547.900000,1547.89870000,-1.300000,2.056000,2.054725842,-0.061973,27.463670,139,1,144.998932,127.091217,8.999939,14.940186,16.433105,63351,55527,29491,12239,13462,,,,0,0,0,0,0
fullband_2001_145mA_v1,1146,1547.920000,1547.91993000,-0.070000,2.056000,2.065585037,0.466198,32.003310,135,1,144.998932,125.301361,2.999878,14.790039,16.224365,63351,54745,9830,12116,13291,,,,0,0,0,0,0
fullband_2001_145mA_v1,1147,1547.940000,1547.93967000,-0.330000,2.056000,2.060051260,0.197046,26.193663,59,1,144.998932,132.069397,9.644470,14.979248,14.941406,63351,57702,31603,12271,12240,,,,0,0,0,0,0
fullband_2001_145mA_v1,1148,1547.960000,1547.95866000,-1.340000,2.056000,2.054422094,-0.076746,28.208368,88,1,144.998932,130.570221,8.999939,14.924316,14.979248,63351,57047,29491,12226,12271,,,,0,0,0,0,0
fullband_2001_145mA_v1,1149,1547.980000,1547.97933000,-0.670000,2.056000,2.051237866,-0.231621,28.016037,111,1,144.998932,129.167175,9.667664,13.493652,15.001221,63351,56434,31679,11054,12289,,,,0,0,0,0,0
fullband_2001_145mA_v1,1150,1548.000000,1547.99903000,-0.970000,2.056000,2.052012708,-0.193934,25.296953,81,1,144.998932,126.207733,9.103699,13.518066,14.991455,63351,55141,29831,11074,12281,,,,0,0,0,0,0
fullband_2001_145mA_v1,1151,1548.020000,1548.02000000,0.000000,2.056000,2.040199905,-0.768487,32.717689,48,1,144.998932,123.419952,8.851624,13.535156,14.700928,63351,53923,29005,11088,12043,,,,0,0,0,0,0
fullband_2001_145mA_v1,1152,1548.040000,1548.03928000,-0.720000,2.056000,2.062543586,0.318268,27.576083,68,1,144.998932,119.073486,2.630005,13.571777,14.957275,63351,52024,8618,11118,12253,,,,0,0,0,0,0
fullband_2001_145mA_v1,1153,1548.060000,1548.05871000,-1.290000,2.056000,2.048783534,-0.350995,28.469483,85,1,144.998932,115.873718,2.415161,13.525391,14.967041,63351,50626,7914,11080,12261,,,,0,0,0,0,0
fullband_2001_145mA_v1,1154,1548.080000,1548.07874000,-1.260000,2.056000,2.045128519,-0.528769,27.449880,107,1,144.998932,114.729309,2.196960,13.563232,14.954834,63351,50126,7199,11111,12251,,,,0,0,0,0,0
fullband_2001_145mA_v1,1155,1548.100000,1548.09997000,-0.030000,2.056000,2.046714037,-0.451652,32.711781,128,1,144.998932,113.392639,2.002869,13.513184,14.959717,63351,49542,6563,11070,12255,,,,0,0,0,0,0
fullband_2001_145mA_v1,1156,1548.120000,1548.11827000,-1.730000,2.056000,2.064157410,0.396761,33.259804,139,1,144.998932,115.230560,1.823120,13.529053,14.978027,63351,50345,5974,11083,12270,,,,0,0,0,0,0
fullband_2001_145mA_v1,1157,1548.140000,1548.14018000,0.180000,2.056000,2.060437014,0.215808,32.837849,116,1,144.998932,115.219116,1.664124,13.507080,14.910889,63351,50340,5453,11065,12215,,,,0,0,0,0,0
fullband_2001_145mA_v1,1158,1548.160000,1548.15996000,-0.040000,2.056000,2.063010907,0.340997,32.713251,123,1,144.998932,116.226196,1.505737,13.441162,14.946289,63351,50780,4934,11011,12244,,,,0,0,0,0,0
fullband_2001_145mA_v1,1159,1548.180000,1548.17986000,-0.140000,2.056000,2.061402270,0.262756,29.864782,149,1,144.998932,118.441772,1.340942,13.466797,14.926758,63351,51748,4394,11032,12228,,,,0,0,0,0,0
fullband_2001_145mA_v1,1160,1548.200000,1548.19968000,-0.320000,2.056000,2.059074333,0.149530,31.255495,156,1,144.998932,118.968201,1.291504,13.291016,14.818115,63351,51978,4232,10888,12139,,,,0,0,0,0,0
fullband_2001_145mA_v1,1161,1548.220000,1548.21972000,-0.280000,2.056000,2.054882123,-0.054371,25.897570,68,1,144.998932,121.460724,1.849365,12.132568,13.435059,63351,53067,6060,9939,11006,,,,0,0,0,0,0
fullband_2001_145mA_v1,1162,1548.240000,1548.24021000,0.210000,2.056000,2.057714633,0.083397,24.144507,158,1,144.998932,122.238922,1.805725,11.911621,13.109131,63351,53407,5917,9758,10739,,,,0,0,0,0,0
fullband_2001_145mA_v1,1163,1548.260000,1548.25872000,-1.280000,2.056000,2.053334163,-0.129661,30.011945,139,1,144.998932,120.032501,0.000000,13.333740,13.422852,63351,52443,0,10923,10996,,,,0,0,0,0,0
fullband_2001_145mA_v1,1164,1548.280000,1548.28002000,0.020000,2.056000,2.113810179,2.811779,27.541522,162,1,144.998932,118.949890,5.584412,12.178955,12.049561,63351,51970,18299,9977,9871,,,,0,0,0,0,0
fullband_2001_145mA_v1,1165,1548.300000,1548.29949000,-0.510000,2.056000,2.056995658,0.048427,30.756053,172,1,144.998932,120.922852,5.338135,12.095947,11.959229,63351,52832,17492,9909,9797,,,,0,0,0,0,0
fullband_2001_145mA_v1,1166,1548.320000,1548.32046000,0.460000,2.056000,2.059083668,0.149984,34.654384,163,1,144.998932,118.199158,5.071716,12.128906,11.961670,63351,51642,16619,9936,9799,,,,0,0,0,0,0
fullband_2001_145mA_v1,1167,1548.340000,1548.34057000,0.570000,2.056000,2.060574652,0.222503,31.798640,157,1,144.998932,114.452362,5.017700,11.843262,12.045898,63351,50005,16442,9702,9868,,,,0,0,0,0,0
fullband_2001_145mA_v1,1168,1548.360000,1548.35877000,-1.230000,2.056000,2.050991087,-0.243624,25.048148,128,1,144.998932,109.996033,0.000000,11.690674,12.089844,63351,48058,0,9577,9904,,,,0,0,0,0,0
fullband_2001_145mA_v1,1169,1548.380000,1548.37914000,-0.860000,2.056000,2.054523121,-0.071833,32.284966,133,1,144.998932,113.925934,3.723450,12.049561,13.499756,63351,49775,12201,9871,11059,,,,0,0,0,0,0
fullband_2001_145mA_v1,1170,1548.400000,1548.40000000,0.000000,2.056000,2.060600335,0.223752,33.538792,115,1,144.998932,114.280701,3.689575,11.871338,13.302002,63351,49930,12090,9725,10897,,,,0,0,0,0,0
fullband_2001_145mA_v1,1171,1548.420000,1548.41917000,-0.830000,2.056000,2.069256514,0.644772,32.997448,162,1,144.998932,114.241791,1.002808,11.842041,11.981201,63351,49913,3286,9701,9815,,,,0,0,0,0,0
fullband_2001_145mA_v1,1172,1548.440000,1548.43986000,-0.140000,2.056000,2.056311735,0.015162,27.587349,140,1,144.998932,115.312958,3.129272,11.866455,13.315430,63351,50381,10254,9721,10908,,,,0,0,0,0,0
fullband_2001_145mA_v1,1173,1548.460000,1548.45996000,-0.040000,2.056000,2.059108617,0.151197,32.992474,140,1,144.998932,119.080353,8.450012,11.917725,13.310547,63351,52027,27689,9763,10904,,,,0,0,0,0,0
fullband_2001_145mA_v1,1174,1548.480000,1548.47892000,-1.080000,2.056000,2.050113082,-0.286329,28.929228,130,1,144.998932,124.568939,9.999695,11.950684,11.940918,63351,54425,32767,9790,9782,,,,0,0,0,0,0
fullband_2001_145mA_v1,1175,1548.500000,1548.49920000,-0.800000,2.056000,2.046506437,-0.461749,30.799340,131,1,144.998932,123.060608,3.119812,11.931152,11.943359,63351,53766,10223,9774,9784,,,,0,0,0,0,0
fullband_2001_145mA_v1,1176,1548.520000,1548.51905000,-0.950000,2.056000,2.051009075,-0.242749,33.164686,75,1,144.998932,123.493195,2.999878,11.802979,11.900635,63351,53955,9830,9669,9749,,,,0,0,0,0,0
fullband_2001_145mA_v1,1177,1548.540000,1548.53913000,-0.870000,2.056000,2.052694043,-0.160796,31.566034,137,1,144.998932,129.077911,7.999878,11.955566,11.917725,63351,56395,26214,9794,9763,,,,0,0,0,0,0
fullband_2001_145mA_v1,1178,1548.560000,1548.55985000,-0.150000,2.056000,2.058107887,0.102524,28.585084,140,1,144.998932,124.960327,2.324219,11.945801,11.968994,63351,54596,7616,9786,9805,,,,0,0,0,0,0
fullband_2001_145mA_v1,1179,1548.580000,1548.57923000,-0.770000,2.056000,2.060341143,0.211145,28.583326,149,1,144.998932,123.653412,2.324219,11.722412,11.817627,63351,54025,7616,9603,9681,,,,0,0,0,0,0
fullband_2001_145mA_v1,1180,1548.600000,1548.59870000,-1.300000,2.056000,2.036623896,-0.942418,24.539453,142,1,144.998932,122.644043,9.583435,10.325928,10.640869,63351,53584,31403,8459,8717,,,,0,0,0,0,0
fullband_2001_145mA_v1,1181,1548.620000,1548.61985000,-0.150000,2.056000,2.054679477,-0.064228,32.316326,156,1,144.998932,117.713928,2.965088,10.311279,10.590820,63351,51430,9716,8447,8676,,,,0,0,0,0,0
fullband_2001_145mA_v1,1182,1548.640000,1548.63895000,-1.050000,2.056000,2.042207153,-0.670858,27.980369,116,1,144.998932,117.008972,7.038269,10.573730,11.965332,63351,51122,23063,8662,9802,,,,0,0,0,0,0
fullband_2001_145mA_v1,1183,1548.660000,1548.65865000,-1.350000,2.056000,2.062498313,0.316066,29.398810,99,1,144.998932,116.448212,6.933899,10.400391,11.795654,63351,50877,22721,8520,9663,,,,0,0,0,0,0
fullband_2001_145mA_v1,1184,1548.680000,1548.67966000,-0.340000,2.056000,2.064067416,0.392384,29.249028,136,1,144.998932,110.884094,1.993103,10.302734,11.783447,63351,48446,6531,8440,9653,,,,0,0,0,0,0
fullband_2001_145mA_v1,1185,1548.700000,1548.69910000,-0.900000,2.056000,2.061817213,0.282938,29.295822,121,1,144.998932,113.095093,5.498352,10.510254,12.009277,63351,49412,18017,8610,9838,,,,0,0,0,0,0
fullband_2001_145mA_v1,1186,1548.720000,1548.72006000,0.060000,2.056000,2.065553052,0.464643,28.324689,154,1,144.998932,112.614441,5.447693,10.367432,11.802979,63351,49202,17851,8493,9669,,,,0,0,0,0,0
fullband_2001_145mA_v1,1187,1548.740000,1548.73996000,-0.040000,2.056000,2.054849088,-0.055978,31.830097,139,1,144.998932,111.891174,1.932068,10.223389,10.416260,63351,48886,6331,8375,8533,,,,0,0,0,0,0
fullband_2001_145mA_v1,1188,1548.760000,1548.75914000,-0.860000,2.056000,2.061896555,0.286797,32.315482,125,1,144.998932,117.144012,6.000061,10.338135,10.396729,63351,51181,19661,8469,8517,,,,0,0,0,0,0
fullband_2001_145mA_v1,1189,1548.780000,1548.78065000,0.650000,2.056000,2.015272293,-1.980920,30.139807,137,1,144.998932,120.959473,6.499939,9.146729,10.388184,63351,52848,21299,7493,8510,,,,0,0,0,0,0
fullband_2001_145mA_v1,1190,1548.800000,1548.79921000,-0.790000,2.056000,2.053616225,-0.115942,27.848741,155,1,144.998932,118.194580,1.482239,10.264893,10.417480,63351,51640,4857,8409,8534,,,,0,0,0,0,0
fullband_2001_145mA_v1,1191,1548.820000,1548.81968000,-0.320000,2.056000,2.023224675,-1.594131,33.416053,144,1,144.998932,121.417236,5.865173,8.994141,10.587158,63351,53048,19219,7368,8673,,,,0,0,0,0,0
fullband_2001_145mA_v1,1192,1548.840000,1548.83949000,-0.510000,2.056000,2.062354355,0.309064,26.827817,130,1,144.998932,121.039581,5.783386,8.996582,10.286865,63351,52883,18951,7370,8427,,,,0,0,0,0,0
fullband_2001_145mA_v1,1193,1548.860000,1548.85886000,-1.140000,2.056000,2.049313028,-0.325242,31.895307,151,1,144.998932,121.549988,1.032410,10.405273,10.440674,63351,53106,3383,8524,8553,,,,0,0,0,0,0
fullband_2001_145mA_v1,1194,1548.880000,1548.87912000,-0.880000,2.056000,2.047775954,-0.400002,30.856889,144,1,144.998932,117.247009,1.373901,9.100342,10.500488,63351,51226,4502,7455,8602,,,,0,0,0,0,0
fullband_2001_145mA_v1,1195,1548.900000,1548.90086000,0.860000,2.056000,2.049624690,-0.310083,31.188621,132,1,144.998932,115.676880,1.351318,8.891602,10.278320,63351,50540,4428,7284,8420,,,,0,0,0,0,0
fullband_2001_145mA_v1,1196,1548.920000,1548.92017000,0.170000,2.056000,2.052177388,-0.185925,34.134473,153,1,144.998932,114.566803,1.097717,9.177246,10.646973,63351,50055,3597,7518,8722,,,,0,0,0,0,0
fullband_2001_145mA_v1,1197,1548.940000,1548.93950000,-0.500000,2.056000,2.050714858,-0.257059,30.413506,151,1,144.998932,111.785889,1.056824,9.050293,10.500488,63351,48840,3463,7414,8602,,,,0,0,0,0,0
fullband_2001_145mA_v1,1198,1548.960000,1548.95990000,-0.100000,2.056000,2.054698023,-0.063326,33.202773,169,1,144.998932,108.673096,0.957031,9.050293,10.500488,63351,47480,3136,7414,8602,,,,0,0,0,0,0
fullband_2001_145mA_v1,1199,1548.980000,1548.97945000,-0.550000,2.056000,2.055783273,-0.010541,30.343273,162,1,144.998932,109.638977,0.862427,9.000244,10.500488,63351,47902,2826,7373,8602,,,,0,0,0,0,0
fullband_2001_145mA_v1,1200,1549.000000,1549.00007000,0.070000,2.056000,2.046408377,-0.466519,30.093187,161,1,144.998932,108.352661,0.771790,8.973389,10.474854,63351,47340,2529,7351,8581,,,,0,0,0,0,0
fullband_2001_145mA_v1,1201,1549.020000,1549.01999000,-0.010000,2.056000,2.050760992,-0.254816,29.949911,154,1,144.998932,109.970856,0.679932,8.997803,10.454102,63351,48047,2228,7371,8564,,,,0,0,0,0,0
fullband_2001_145mA_v1,1202,1549.040000,1549.03893000,-1.070000,2.056000,2.064487473,0.412815,29.357138,151,1,144.998932,109.519958,0.591125,8.980713,10.484619,63351,47850,1937,7357,8589,,,,0,0,0,0,0
fullband_2001_145mA_v1,1203,1549.060000,1549.05943000,-0.570000,2.056000,2.054373025,-0.079133,28.825575,156,1,144.998932,111.911774,0.582581,8.862305,10.297852,63351,48895,1909,7260,8436,,,,0,0,0,0,0
fullband_2001_145mA_v1,1204,1549.080000,1549.07992000,-0.080000,2.056000,2.061952051,0.289497,32.216848,148,1,144.998932,115.960693,2.334595,9.002686,10.458984,63351,50664,7650,7375,8568,,,,0,0,0,0,0
fullband_2001_145mA_v1,1205,1549.100000,1549.09862000,-1.380000,2.056000,2.059228489,0.157028,29.079174,165,1,144.998932,115.745544,2.086487,8.983154,10.485840,63351,50570,6837,7359,8590,,,,0,0,0,0,0
fullband_2001_145mA_v1,1206,1549.120000,1549.11904000,-0.960000,2.056000,2.052805265,-0.155386,31.289155,173,1,144.998932,118.034363,2.013550,8.870850,10.393066,63351,51570,6598,7267,8514,,,,0,0,0,0,0
fullband_2001_145mA_v1,1207,1549.140000,1549.13922000,-0.780000,2.056000,2.073948047,0.872959,25.987936,138,1,144.998932,125.335693,9.819336,7.600098,9.073486,63351,54760,32176,6226,7433,,,,0,0,0,0,0
fullband_2001_145mA_v1,1208,1549.160000,1549.15910000,-0.900000,2.056000,2.057603116,0.077973,26.114106,125,1,144.998932,123.685455,9.412537,7.500000,9.000244,63351,54039,30843,6144,7373,,,,0,0,0,0,0
fullband_2001_145mA_v1,1209,1549.180000,1549.17925000,-0.750000,2.056000,2.058529983,0.123054,27.479959,129,1,144.998932,122.479248,9.233704,7.539062,8.778076,63351,53512,30257,6176,7191,,,,0,0,0,0,0
fullband_2001_145mA_v1,1210,1549.200000,1549.19919000,-0.810000,2.056000,2.061128241,0.249428,26.952396,84,1,144.998932,116.306305,2.734680,7.550049,9.000244,63351,50815,8961,6185,7373,,,,0,0,0,0,0
fullband_2001_145mA_v1,1211,1549.220000,1549.22089000,0.890000,2.056000,2.061064633,0.246334,31.382095,100,1,144.998932,111.245728,2.544861,7.523193,8.997803,63351,48604,8339,6163,7371,,,,0,0,0,0,0
fullband_2001_145mA_v1,1212,1549.240000,1549.24035000,0.350000,2.056000,2.061295086,0.257543,25.935088,122,1,144.998932,109.380341,2.351685,7.500000,9.000244,63351,47789,7706,6144,7373,,,,0,0,0,0,0
fullband_2001_145mA_v1,1213,1549.260000,1549.26009000,0.090000,2.056000,2.059858462,0.187668,28.160833,125,1,144.998932,109.622955,2.166138,7.532959,8.975830,63351,47895,7098,6171,7353,,,,0,0,0,0,0
fullband_2001_145mA_v1,1214,1549.280000,1549.28007000,0.070000,2.056000,2.091346790,1.719202,31.841198,121,1,144.998932,109.471893,1.979065,7.581787,8.977051,63351,47829,6485,6211,7354,,,,0,0,0,0,0
fullband_2001_145mA_v1,1215,1549.300000,1549.29986000,-0.140000,2.056000,2.062267587,0.304844,27.048920,136,1,144.998932,107.514954,1.817932,7.531738,8.979492,63351,46974,5957,6170,7356,,,,0,0,0,0,0
fullband_2001_145mA_v1,1216,1549.320000,1549.31999000,-0.010000,2.056000,2.057645075,0.080013,28.008757,147,1,144.998932,107.984161,1.659546,7.526855,8.975830,63351,47179,5438,6166,7353,,,,0,0,0,0,0
fullband_2001_145mA_v1,1217,1549.340000,1549.33956000,-0.440000,2.056000,2.051474028,-0.220135,27.457211,145,1,144.998932,108.723450,1.507263,7.526855,8.977051,63351,47502,4939,6166,7354,,,,0,0,0,0,0
fullband_2001_145mA_v1,1218,1549.360000,1549.35997000,-0.030000,2.056000,2.051847436,-0.201973,31.731705,151,1,144.998932,111.735535,1.499939,7.370605,8.817139,63351,48818,4915,6038,7223,,,,0,0,0,0,0
fullband_2001_145mA_v1,1219,1549.380000,1549.37898000,-1.020000,2.056000,2.061912213,0.287559,26.008122,132,1,144.998932,114.974213,5.834045,7.384033,7.535400,63351,50233,19117,6049,6173,,,,0,0,0,0,0
fullband_2001_145mA_v1,1220,1549.400000,1549.39944000,-0.560000,2.056000,2.046529819,-0.460612,32.389931,157,1,144.998932,112.980652,1.094666,7.528076,8.981934,63351,49362,3587,6167,7358,,,,0,0,0,0,0
fullband_2001_145mA_v1,1221,1549.420000,1549.41901000,-0.990000,2.056000,2.057730070,0.084147,31.242820,149,1,144.998932,114.720154,1.074219,7.409668,8.874512,63351,50122,3520,6070,7270,,,,0,0,0,0,0
fullband_2001_145mA_v1,1222,1549.440000,1549.43914000,-0.860000,2.056000,2.053499621,-0.121614,31.020700,178,1,144.998932,118.984222,1.001892,7.900391,7.519531,63351,51985,3283,6472,6160,,,,0,0,0,0,0
fullband_2001_145mA_v1,1223,1549.460000,1549.45931000,-0.690000,2.056000,2.045123989,-0.528989,32.567404,148,1,144.998932,115.869141,1.060181,7.624512,7.500000,63351,50624,3474,6246,6144,,,,0,0,0,0,0
fullband_2001_145mA_v1,1224,1549.480000,1549.48015000,0.150000,2.056000,2.057399131,0.068051,27.087386,157,1,144.998932,113.047028,1.041260,7.460938,7.497559,63351,49391,3412,6112,6142,,,,0,0,0,0,0
fullband_2001_145mA_v1,1225,1549.500000,1549.49944000,-0.560000,2.056000,2.045804351,-0.495897,27.091421,148,1,144.998932,120.213318,3.916321,7.540283,7.598877,63351,52522,12833,6177,6225,,,,0,0,0,0,0
fullband_2001_145mA_v1,1226,1549.520000,1549.51986000,-0.140000,2.056000,2.049823780,-0.300400,27.942754,142,1,144.998932,116.168976,3.634338,7.523193,7.583008,63351,50755,11909,6163,6212,,,,0,0,0,0,0
fullband_2001_145mA_v1,1227,1549.540000,1549.54029000,0.290000,2.056000,2.057874141,0.091155,33.064569,162,1,144.998932,116.283417,3.351746,7.531738,7.550049,63351,50805,10983,6170,6185,,,,0,0,0,0,0
fullband_2001_145mA_v1,1228,1549.560000,1549.55801000,-1.990000,2.056000,2.055539028,-0.022421,29.846675,129,1,144.998932,114.759064,3.077393,7.500000,7.600098,63351,50139,10084,6144,6226,,,,0,0,0,0,0
fullband_2001_145mA_v1,1229,1549.580000,1549.57927000,-0.730000,2.056000,2.049694789,-0.306674,30.571913,153,1,144.998932,112.149811,3.044434,7.366943,7.452393,63351,48999,9976,6035,6105,,,,0,0,0,0,0
fullband_2001_145mA_v1,1230,1549.600000,1549.59988000,-0.120000,2.056000,2.055387117,-0.029810,30.190425,153,1,144.998932,116.242218,8.588562,7.375488,7.448730,63351,50787,28143,6042,6102,,,,0,0,0,0,0
fullband_2001_145mA_v1,1231,1549.620000,1549.61995000,-0.050000,2.056000,2.057973784,0.096001,30.343893,139,1,144.998932,107.386780,0.887756,5.985107,7.468262,63351,46918,2909,4903,6118,,,,0,0,0,0,0
fullband_2001_145mA_v1,1232,1549.640000,1549.63909000,-0.910000,2.056000,2.059863362,0.187907,28.231177,139,1,144.998932,108.222198,0.814209,5.979004,7.462158,63351,47283,2668,4898,6113,,,,0,0,0,0,0
fullband_2001_145mA_v1,1233,1549.660000,1549.65974000,-0.260000,2.056000,2.052495119,-0.170471,32.416965,134,1,144.998932,110.982513,0.811157,5.869141,7.180176,63351,48489,2658,4808,5882,,,,0,0,0,0,0
fullband_2001_145mA_v1,1234,1549.680000,1549.67983000,-0.170000,2.056000,2.061901716,0.287048,28.611970,115,1,144.998932,116.077423,9.999695,5.941162,7.260742,63351,50715,32767,4867,5948,,,,0,0,0,0,0
fullband_2001_145mA_v1,1235,1549.700000,1549.69941000,-0.590000,2.056000,2.057664240,0.080946,33.728335,115,1,144.998932,113.994598,0.662537,5.809326,7.238770,63351,49805,2171,4759,5930,,,,0,0,0,0,0
fullband_2001_145mA_v1,1236,1549.720000,1549.71898000,-1.020000,2.056000,2.054503853,-0.072770,29.434279,125,1,144.998932,115.399933,2.933960,5.874023,7.243652,63351,50419,9614,4812,5934,,,,0,0,0,0,0
fullband_2001_145mA_v1,1237,1549.740000,1549.74025000,0.250000,2.056000,2.047715101,-0.402962,31.691328,136,1,144.998932,118.501282,7.912903,5.953369,7.435303,63351,51774,25929,4877,6091,,,,0,0,0,0,0
fullband_2001_145mA_v1,1238,1549.760000,1549.75999000,-0.010000,2.056000,2.058178859,0.105976,29.502430,143,1,144.998932,115.594482,7.190247,6.025391,7.469482,63351,50504,23561,4936,6119,,,,0,0,0,0,0
fullband_2001_145mA_v1,1239,1549.780000,1549.77952000,-0.480000,2.056000,2.059751069,0.182445,29.643349,143,1,144.998932,116.102600,7.000122,5.909424,7.385254,63351,50726,22938,4841,6050,,,,0,0,0,0,0
fullband_2001_145mA_v1,1240,1549.800000,1549.80028000,0.280000,2.056000,2.047264341,-0.424886,30.848332,159,1,144.998932,116.061401,7.923584,5.891113,6.055908,63351,50708,25964,4826,4961,,,,0,0,0,0,0
fullband_2001_145mA_v1,1241,1549.820000,1549.81971000,-0.290000,2.056000,2.061736611,0.279018,31.305762,151,1,144.998932,109.069061,0.217590,5.885010,7.364502,63351,47653,713,4821,6033,,,,0,0,0,0,0
fullband_2001_145mA_v1,1242,1549.840000,1549.83920000,-0.800000,2.056000,2.049529784,-0.314699,31.790010,163,1,144.998932,111.238861,7.110901,5.866699,6.027832,63351,48601,23301,4806,4938,,,,0,0,0,0,0
fullband_2001_145mA_v1,1243,1549.860000,1549.86103000,1.030000,2.056000,2.055853360,-0.007132,32.801474,161,1,144.998932,106.056976,1.809387,6.026611,5.998535,63351,46337,5929,4937,4914,,,,0,0,0,0,0
fullband_2001_145mA_v1,1244,1549.880000,1549.87979000,-0.210000,2.056000,2.054965168,-0.050332,31.330821,163,1,144.998932,106.052399,1.642151,6.032715,6.000977,63351,46335,5381,4942,4916,,,,0,0,0,0,0
fullband_2001_145mA_v1,1245,1549.900000,1549.89986000,-0.140000,2.056000,2.062917082,0.336434,31.700608,169,1,144.998932,106.656647,1.485596,6.049805,5.999756,63351,46599,4868,4956,4915,,,,0,0,0,0,0
fullband_2001_145mA_v1,1246,1549.920000,1549.91991000,-0.090000,2.056000,2.052027714,-0.193205,32.318584,156,1,144.998932,107.366180,1.349487,6.031494,6.002197,63351,46909,4422,4941,4917,,,,0,0,0,0,0
fullband_2001_145mA_v1,1247,1549.940000,1549.94006000,0.060000,2.056000,2.053013201,-0.145272,31.441064,168,1,144.998932,109.803772,1.220093,6.022949,6.047363,63351,47974,3998,4934,4954,,,,0,0,0,0,0
fullband_2001_145mA_v1,1248,1549.960000,1549.95996000,-0.040000,2.056000,2.051240879,-0.231475,31.332889,154,1,144.998932,110.646057,1.091309,6.040039,5.998535,63351,48342,3576,4948,4914,,,,0,0,0,0,0
fullband_2001_145mA_v1,1249,1549.980000,1549.98049000,0.490000,2.056000,2.045521568,-0.509651,31.744762,172,1,144.998932,113.607788,1.065063,5.938721,5.986328,63351,49636,3490,4865,4904,,,,0,0,0,0,0
fullband_2001_145mA_v1,1250,1550.000000,1550.00088000,0.880000,2.056000,2.041823402,-0.689523,31.838644,157,1,144.998932,114.296722,1.062927,5.797119,5.972900,63351,49937,3483,4749,4893,,,,0,0,0,0,0
fullband_2001_145mA_v1,1251,1550.020000,1550.01991000,-0.090000,2.056000,2.059174223,0.154388,30.304058,173,1,144.998932,120.208740,3.992615,5.831299,5.968018,63351,52520,13083,4777,4889,,,,0,0,0,0,0
fullband_2001_145mA_v1,1252,1550.040000,1550.04000000,0.000000,2.056000,2.060722885,0.229712,32.525607,155,1,144.998932,115.276337,1.383362,4.508057,6.112061,63351,50365,4533,3693,5007,,,,0,0,0,0,0
fullband_2001_145mA_v1,1253,1550.060000,1550.05976000,-0.240000,2.056000,2.049057521,-0.337669,26.310347,151,1,144.998932,114.349365,1.367188,4.593506,5.767822,63351,49960,4480,3763,4725,,,,0,0,0,0,0
fullband_2001_145mA_v1,1254,1550.080000,1550.07904000,-0.960000,2.056000,2.065375904,0.456026,29.507804,150,1,144.998932,120.119476,5.000000,4.588623,5.825195,63351,52481,16384,3759,4772,,,,0,0,0,0,0
fullband_2001_145mA_v1,1255,1550.100000,1550.09974000,-0.260000,2.056000,2.059170259,0.154195,31.282150,136,1,144.998932,111.316681,1.200867,4.455566,5.803223,63351,48635,3935,3650,4754,,,,0,0,0,0,0
fullband_2001_145mA_v1,1256,1550.120000,1550.12054000,0.540000,2.056000,2.064828928,0.429423,32.790922,120,1,144.998932,114.456940,4.550171,4.431152,5.822754,63351,50007,14910,3630,4770,,,,0,0,0,0,0
fullband_2001_145mA_v1,1257,1550.140000,1550.13885000,-1.150000,2.056000,2.041306658,-0.714657,32.888058,138,1,144.998932,108.119202,1.034851,4.428711,5.771484,63351,47238,3391,3628,4728,,,,0,0,0,0,0
fullband_2001_145mA_v1,1258,1550.160000,1550.16009000,0.090000,2.056000,2.064060434,0.392044,29.192715,158,1,144.998932,109.037018,3.795166,4.499512,5.999756,63351,47639,12436,3686,4915,,,,0,0,0,0,0
fullband_2001_145mA_v1,1259,1550.180000,1550.18007000,0.070000,2.056000,2.054818428,-0.057469,32.752350,177,1,144.998932,105.883026,3.532104,4.499512,5.999756,63351,46261,11574,3686,4915,,,,0,0,0,0,0
fullband_2001_145mA_v1,1260,1550.200000,1550.20015000,0.150000,2.056000,2.059912320,0.190288,29.735940,153,1,144.998932,105.162048,3.269348,4.486084,5.980225,63351,45946,10713,3675,4899,,,,0,0,0,0,0
fullband_2001_145mA_v1,1261,1550.220000,1550.21990000,-0.100000,2.056000,2.054157403,-0.089620,30.093718,150,1,144.998932,106.290436,3.014832,4.519043,5.959473,63351,46439,9879,3702,4882,,,,0,0,0,0,0
fullband_2001_145mA_v1,1262,1550.240000,1550.23992000,-0.080000,2.056000,2.066092428,0.490877,31.807631,154,1,144.998932,106.363678,2.759705,4.486084,5.983887,63351,46471,9043,3675,4902,,,,0,0,0,0,0
fullband_2001_145mA_v1,1263,1550.260000,1550.25937000,-0.630000,2.056000,2.064794112,0.427729,32.306322,166,1,144.998932,109.348297,2.520447,4.487305,5.986328,63351,47775,8259,3676,4904,,,,0,0,0,0,0
fullband_2001_145mA_v1,1264,1550.280000,1550.27991000,-0.090000,2.056000,2.056972592,0.047305,30.694116,160,1,144.998932,109.247589,2.285461,4.486084,5.985107,63351,47731,7489,3675,4903,,,,0,0,0,0,0
fullband_2001_145mA_v1,1265,1550.300000,1550.30002000,0.020000,2.056000,2.058981464,0.145013,30.929603,178,1,144.998932,108.984375,2.048340,4.487305,5.987549,63351,47616,6712,3676,4905,,,,0,0,0,0,0
fullband_2001_145mA_v1,1266,1550.320000,1550.31966000,-0.340000,2.056000,2.055496232,-0.024502,32.811483,149,1,144.998932,111.589050,2.026672,4.399414,5.898438,63351,48754,6641,3604,4832,,,,0,0,0,0,0
fullband_2001_145mA_v1,1267,1550.340000,1550.33986000,-0.140000,2.056000,2.054563171,-0.069885,31.567958,152,1,144.998932,114.447784,6.000061,4.462891,5.911865,63351,50003,19661,3656,4843,,,,0,0,0,0,0
fullband_2001_145mA_v1,1268,1550.360000,1550.35967000,-0.330000,2.056000,2.059017126,0.146747,30.859698,158,1,144.998932,110.295868,1.550598,4.428711,5.936279,63351,48189,5081,3628,4863,,,,0,0,0,0,0
fullband_2001_145mA_v1,1269,1550.380000,1550.37924000,-0.760000,2.056000,2.053602446,-0.116613,30.167640,167,1,144.998932,111.410522,1.550598,4.324951,5.844727,63351,48676,5081,3543,4788,,,,0,0,0,0,0
fullband_2001_145mA_v1,1270,1550.400000,1550.39975000,-0.250000,2.056000,2.037311882,-0.908955,30.430367,158,1,144.998932,114.511871,6.326294,4.520264,4.497070,63351,50031,20730,3703,3684,,,,0,0,0,0,0
fullband_2001_145mA_v1,1271,1550.420000,1550.41993000,-0.070000,2.056000,2.058819732,0.137147,29.277592,159,1,144.998932,112.689972,5.866089,4.526367,4.498291,63351,49235,19222,3708,3685,,,,0,0,0,0,0
fullband_2001_145mA_v1,1272,1550.440000,1550.44050000,0.500000,2.056000,2.055850164,-0.007288,31.609147,171,1,144.998932,109.455872,5.406799,4.533691,4.499512,63351,47822,17717,3714,3686,,,,0,0,0,0,0
fullband_2001_145mA_v1,1273,1550.460000,1550.45942000,-0.580000,2.056000,2.061706134,0.277536,27.720013,168,1,144.998932,108.693695,5.392761,4.423828,4.499512,63351,47489,17671,3624,3686,,,,0,0,0,0,0
fullband_2001_145mA_v1,1274,1550.480000,1550.47890000,-1.100000,2.056000,2.061024408,0.244378,31.331366,168,1,144.998932,107.489777,5.392761,4.307861,4.501953,63351,46963,17671,3529,3688,,,,0,0,0,0,0
fullband_2001_145mA_v1,1275,1550.500000,1550.49928000,-0.720000,2.056000,2.062603503,0.321182,28.234601,148,1,144.998932,106.681824,6.215820,3.581543,4.858398,63351,46610,20368,2934,3980,,,,0,0,0,0,0
fullband_2001_145mA_v1,1276,1550.520000,1550.52080000,0.800000,2.056000,2.036229420,-0.961604,31.393810,152,1,144.998932,106.949615,5.995789,3.538818,4.809570,63351,46727,19647,2899,3940,,,,0,0,0,0,0
fullband_2001_145mA_v1,1277,1550.540000,1550.54036000,0.360000,2.056000,2.058575217,0.125254,28.142374,161,1,144.998932,108.146667,5.755615,3.521729,4.763184,63351,47250,18860,2885,3902,,,,0,0,0,0,0
fullband_2001_145mA_v1,1278,1550.560000,1550.55974000,-0.260000,2.056000,2.064910302,0.433380,28.462455,161,1,144.998932,108.563232,5.750122,3.400879,4.613037,63351,47432,18842,2786,3779,,,,0,0,0,0,0
fullband_2001_145mA_v1,1279,1550.580000,1550.57990000,-0.100000,2.056000,2.059689230,0.179437,28.300661,141,1,144.998932,107.324982,0.018311,3.382568,4.803467,63351,46891,60,2771,3935,,,,0,0,0,0,0
fullband_2001_145mA_v1,1280,1550.600000,1550.59879000,-1.210000,2.056000,2.054326006,-0.081420,28.623268,157,1,144.998932,109.936523,1.248779,3.376465,4.827881,63351,48032,4092,2766,3955,,,,0,0,0,0,0
fullband_2001_145mA_v1,1281,1550.620000,1550.61886000,-1.140000,2.056000,2.062889513,0.335093,30.984809,156,1,144.998932,109.563446,0.000000,3.076172,4.541016,63351,47869,0,2520,3720,,,,0,0,0,0,0
fullband_2001_145mA_v1,1282,1550.640000,1550.64068000,0.680000,2.056000,2.086789246,1.497531,29.018984,158,1,144.998932,113.880157,1.324768,3.128662,4.211426,63351,49755,4341,2563,3450,,,,0,0,0,0,0
fullband_2001_145mA_v1,1283,1550.660000,1550.65998000,-0.020000,2.056000,2.058072758,0.100815,31.734014,158,1,144.998932,112.602997,3.999939,3.414307,4.809570,63351,49197,13107,2797,3940,,,,0,0,0,0,0
fullband_2001_145mA_v1,1284,1550.680000,1550.67944000,-0.560000,2.056000,2.054423234,-0.076691,28.335339,145,1,144.998932,114.326477,4.507141,3.160400,4.428711,63351,49950,14769,2589,3628,,,,0,0,0,0,0
fullband_2001_145mA_v1,1285,1550.700000,1550.69907000,-0.930000,2.056000,2.052847377,-0.153338,27.503145,140,1,144.998932,113.980865,4.500122,3.076172,4.216309,63351,49799,14746,2520,3454,,,,0,0,0,0,0
fullband_2001_145mA_v1,1286,1550.720000,1550.72035000,0.350000,2.056000,2.054607254,-0.067741,34.128882,174,1,144.998932,106.045532,0.983887,2.945557,4.309082,63351,46332,3224,2413,3530,,,,0,0,0,0,0
fullband_2001_145mA_v1,1287,1550.740000,1550.73852000,-1.480000,2.056000,2.042920644,-0.636155,33.305824,154,1,144.998932,108.075714,3.656006,3.044434,4.483643,63351,47219,11980,2494,3673,,,,0,0,0,0,0
fullband_2001_145mA_v1,1288,1550.760000,1550.76064000,0.640000,2.056000,2.048526654,-0.363490,32.806341,154,1,144.998932,103.413391,3.395386,3.037109,4.470215,63351,45182,11126,2488,3662,,,,0,0,0,0,0
fullband_2001_145mA_v1,1289,1550.780000,1550.77912000,-0.880000,2.056000,2.043636553,-0.601335,32.842602,144,1,144.998932,103.363037,3.412170,2.924805,4.321289,63351,45160,11181,2396,3540,,,,0,0,0,0,0
fullband_2001_145mA_v1,1290,1550.800000,1550.80000000,0.000000,2.056000,2.053526199,-0.120321,33.119790,152,1,144.998932,103.424835,3.157654,2.915039,4.327393,63351,45187,10347,2388,3545,,,,0,0,0,0,0
fullband_2001_145mA_v1,1291,1550.820000,1550.82008000,0.080000,2.056000,2.061805273,0.282358,31.640993,162,1,144.998932,101.932526,2.631531,2.996826,4.493408,63351,44535,8623,2455,3681,,,,0,0,0,0,0
fullband_2001_145mA_v1,1292,1550.840000,1550.83999000,-0.010000,2.056000,2.052582175,-0.166237,30.163775,169,1,144.998932,104.466248,2.416382,2.990723,4.484863,63351,45642,7918,2450,3674,,,,0,0,0,0,0
fullband_2001_145mA_v1,1293,1550.860000,1550.85893000,-1.070000,2.056000,2.062458915,0.314150,27.914873,172,1,144.998932,105.109406,2.431335,2.917480,4.375000,63351,45923,7967,2390,3584,,,,0,0,0,0,0
fullband_2001_145mA_v1,1294,1550.880000,1550.87869000,-1.310000,2.056000,2.048324535,-0.373320,31.300351,174,1,144.998932,103.491211,1.978149,3.002930,4.499512,63351,45216,6482,2460,3686,,,,0,0,0,0,0
fullband_2001_145mA_v1,1295,1550.900000,1550.89993000,-0.070000,2.056000,2.047048088,-0.435404,32.433015,162,1,144.998932,109.149170,2.194214,2.780762,4.309082,63351,47688,7190,2278,3530,,,,0,0,0,0,0
fullband_2001_145mA_v1,1296,1550.920000,1550.91902000,-0.980000,2.056000,2.050869290,-0.249548,31.876258,168,1,144.998932,109.618378,2.194214,2.720947,4.199219,63351,47893,7190,2229,3440,,,,0,0,0,0,0
fullband_2001_145mA_v1,1297,1550.940000,1550.93989000,-0.110000,2.056000,2.058679567,0.130329,31.538021,163,1,144.998932,109.982300,2.038269,3.000488,3.868408,63351,48052,6679,2458,3169,,,,0,0,0,0,0
fullband_2001_145mA_v1,1298,1550.960000,1550.95990000,-0.100000,2.056000,2.060333756,0.210786,31.778468,169,1,144.998932,112.385559,1.878357,3.040771,3.745117,63351,49102,6155,2491,3068,,,,0,0,0,0,0
fullband_2001_145mA_v1,1299,1550.980000,1550.98034000,0.340000,2.056000,2.053632326,-0.115159,32.565973,180,1,144.998932,109.286499,1.858521,2.938232,3.702393,63351,47748,6090,2407,3033,,,,0,0,0,0,0
fullband_2001_145mA_v1,1300,1551.000000,1550.99913000,-0.870000,2.056000,2.053206843,-0.135854,29.570882,171,1,144.998932,112.170410,6.000061,2.980957,3.718262,63351,49008,19661,2442,3046,,,,0,0,0,0,0
fullband_2001_145mA_v1,1301,1551.020000,1551.01979000,-0.210000,2.056000,2.053636582,-0.114952,30.000761,171,1,144.998932,102.804565,0.000000,2.922363,3.959961,63351,44916,0,2394,3244,,,,0,0,0,0,0
fullband_2001_145mA_v1,1302,1551.040000,1551.03916000,-0.840000,2.056000,2.056070978,0.003452,31.041956,166,1,144.998932,103.189087,0.000000,2.916260,3.718262,63351,45084,0,2389,3046,,,,0,0,0,0,0
fullband_2001_145mA_v1,1303,1551.060000,1551.05895000,-1.050000,2.056000,2.055271746,-0.035421,30.504991,166,1,144.998932,102.296448,1.157837,2.763672,4.010010,63351,44694,3794,2264,3285,,,,0,0,0,0,0
fullband_2001_145mA_v1,1304,1551.080000,1551.08027000,0.270000,2.056000,2.055267894,-0.035608,31.475728,169,1,144.998932,102.133942,1.169739,2.668457,3.929443,63351,44623,3833,2186,3219,,,,0,0,0,0,0
fullband_2001_145mA_v1,1305,1551.100000,1551.09998000,-0.020000,2.056000,2.063366304,0.358283,30.634553,163,1,144.998932,98.870087,1.023254,2.667236,3.934326,63351,43197,3353,2185,3223,,,,0,0,0,0,0
fullband_2001_145mA_v1,1306,1551.120000,1551.11996000,-0.040000,2.056000,2.047319868,-0.422185,32.046560,160,1,144.998932,103.523254,4.999084,2.480469,3.664551,63351,45230,16381,2032,3002,,,,0,0,0,0,0
fullband_2001_145mA_v1,1307,1551.140000,1551.14059000,0.590000,2.056000,2.050366696,-0.273993,30.489604,170,1,144.998932,106.947327,4.140625,2.747803,3.580322,63351,46726,13568,2251,2933,,,,0,0,0,0,0
fullband_2001_145mA_v1,1308,1551.160000,1551.16006000,0.060000,2.056000,2.046079768,-0.482502,32.316578,178,1,144.998932,106.196594,3.987427,2.556152,3.745117,63351,46398,13066,2094,3068,,,,0,0,0,0,0
fullband_2001_145mA_v1,1309,1551.180000,1551.17957000,-0.430000,2.056000,2.058016015,0.098055,29.886111,174,1,144.998932,106.262970,3.674316,2.540283,3.741455,63351,46427,12040,2081,3065,,,,0,0,0,0,0
fullband_2001_145mA_v1,1310,1551.200000,1551.20002000,0.020000,2.056000,2.066208644,0.496529,32.290026,171,1,144.998932,106.654358,3.374023,2.508545,3.756104,63351,46598,11056,2055,3077,,,,0,0,0,0,0
fullband_2001_145mA_v1,1311,1551.220000,1551.21905000,-0.950000,2.056000,2.072665087,0.810559,30.768288,177,1,144.998932,109.133148,3.078918,2.510986,3.759766,63351,47681,10089,2057,3080,,,,0,0,0,0,0
fullband_2001_145mA_v1,1312,1551.240000,1551.23974000,-0.260000,2.056000,2.056433855,0.021102,29.285239,176,1,144.998932,110.721588,3.049622,2.510986,3.614502,63351,48375,9993,2057,2961,,,,0,0,0,0,0
fullband_2001_145mA_v1,1313,1551.260000,1551.25961000,-0.390000,2.056000,2.065590745,0.466476,29.305131,181,1,144.998932,107.649994,0.978699,2.266846,2.744141,63351,47033,3207,1857,2248,,,,0,0,0,0,0
fullband_2001_145mA_v1,1314,1551.280000,1551.27990000,-0.100000,2.056000,2.055270582,-0.035478,33.012223,169,1,144.998932,109.332275,0.978699,2.145996,2.758789,63351,47768,3207,1758,2260,,,,0,0,0,0,0
fullband_2001_145mA_v1,1315,1551.300000,1551.29914000,-0.860000,2.056000,2.055193307,-0.039236,27.980000,161,1,144.998932,110.142517,3.999939,2.169189,2.751465,63351,48122,13107,1777,2254,,,,0,0,0,0,0
fullband_2001_145mA_v1,1316,1551.320000,1551.31993000,-0.070000,2.056000,2.058372429,0.115391,30.734339,173,1,144.998932,107.849121,9.999695,2.097168,3.317871,63351,47120,32767,1718,2718,,,,0,0,0,0,0
fullband_2001_145mA_v1,1317,1551.340000,1551.34063000,0.630000,2.056000,2.075906042,0.968193,32.298747,176,1,144.998932,106.793976,9.999695,2.070312,3.189697,63351,46659,32767,1696,2613,,,,0,0,0,0,0
fullband_2001_145mA_v1,1318,1551.360000,1551.35856000,-1.440000,2.056000,2.047806230,-0.398530,28.433153,169,1,144.998932,105.908203,9.999695,1.959229,3.111572,63351,46272,32767,1605,2549,,,,0,0,0,0,0
fullband_2001_145mA_v1,1319,1551.380000,1551.37851000,-1.490000,2.056000,2.058321261,0.112902,30.536417,170,1,144.998932,101.891327,0.444031,2.268066,2.753906,63351,44517,1455,1858,2256,,,,0,0,0,0,0
fullband_2001_145mA_v1,1320,1551.400000,1551.39988000,-0.120000,2.056000,2.055481716,-0.025208,30.452124,152,1,144.998932,99.190521,0.446777,2.159424,2.728271,63351,43337,1464,1769,2235,,,,0,0,0,0,0
fullband_2001_145mA_v1,1321,1551.420000,1551.41988000,-0.120000,2.056000,2.062757819,0.328688,32.288683,167,1,144.998932,99.938965,2.846375,1.929932,2.805176,63351,43664,9327,1581,2298,,,,0,0,0,0,0
fullband_2001_145mA_v1,1322,1551.440000,1551.43977000,-0.230000,2.056000,2.056393398,0.019134,28.535599,159,1,144.998932,101.934814,2.994995,1.713867,2.647705,63351,44536,9814,1404,2169,,,,0,0,0,0,0
fullband_2001_145mA_v1,1323,1551.460000,1551.46078000,0.780000,2.056000,2.046412265,-0.466330,30.872130,173,1,144.998932,101.387787,2.494507,1.517334,2.969971,63351,44297,8174,1243,2433,,,,0,0,0,0,0
fullband_2001_145mA_v1,1324,1551.480000,1551.47908000,-0.920000,2.056000,2.071410050,0.749516,31.620304,171,1,144.998932,103.429413,2.500000,1.632080,2.821045,63351,45189,8192,1337,2311,,,,0,0,0,0,0
fullband_2001_145mA_v1,1325,1551.500000,1551.49974000,-0.260000,2.056000,2.071908762,0.773772,31.555110,169,1,144.998932,106.626892,2.401733,1.700439,2.702637,63351,46586,7870,1393,2214,,,,0,0,0,0,0
fullband_2001_145mA_v1,1326,1551.520000,1551.51895000,-1.050000,2.056000,2.056745212,0.036246,29.132796,171,1,144.998932,106.514740,2.401733,1.612549,2.568359,63351,46537,7870,1321,2104,,,,0,0,0,0,0
fullband_2001_145mA_v1,1327,1551.540000,1551.53977000,-0.230000,2.056000,2.065921513,0.482564,31.186135,169,1,144.998932,108.579254,1.884460,1.779785,2.783203,63351,47439,6175,1458,2280,,,,0,0,0,0,0
fullband_2001_145mA_v1,1328,1551.560000,1551.55962000,-0.380000,2.056000,2.052285274,-0.180677,29.883078,176,1,144.998932,107.450867,1.736755,1.794434,2.742920,63351,46946,5691,1470,2247,,,,0,0,0,0,0
fullband_2001_145mA_v1,1329,1551.580000,1551.57998000,-0.020000,2.056000,2.056643214,0.031285,31.473370,181,1,144.998932,106.505585,1.734619,1.669922,2.738037,63351,46533,5684,1368,2243,,,,0,0,0,0,0
fullband_2001_145mA_v1,1330,1551.600000,1551.60021000,0.210000,2.056000,2.059525104,0.171454,31.417720,166,1,144.998932,104.576111,1.734619,1.610107,2.636719,63351,45690,5684,1319,2160,,,,0,0,0,0,0
fullband_2001_145mA_v1,1331,1551.620000,1551.61968000,-0.320000,2.056000,2.054716876,-0.062409,31.100292,178,1,144.998932,105.514526,5.050049,1.782227,2.777100,63351,46100,16548,1460,2275,,,,0,0,0,0,0
fullband_2001_145mA_v1,1332,1551.640000,1551.64012000,0.120000,2.056000,2.053797345,-0.107133,29.420099,169,1,144.998932,105.709076,5.109253,1.708984,2.698975,63351,46185,16742,1400,2211,,,,0,0,0,0,0
fullband_2001_145mA_v1,1333,1551.660000,1551.66047000,0.470000,2.056000,2.059795951,0.184628,31.054352,162,1,144.998932,101.154327,5.939331,1.569824,2.265625,63351,44195,19462,1286,1856,,,,0,0,0,0,0
fullband_2001_145mA_v1,1334,1551.680000,1551.67992000,-0.080000,2.056000,2.042041999,-0.678891,31.206759,165,1,144.998932,101.303101,5.682678,1.542969,2.297363,63351,44260,18621,1264,1882,,,,0,0,0,0,0
fullband_2001_145mA_v1,1335,1551.700000,1551.70044000,0.440000,2.056000,2.048156712,-0.381483,30.488188,169,1,144.998932,102.882385,5.402222,1.527100,2.305908,63351,44950,17702,1251,1889,,,,0,0,0,0,0
fullband_2001_145mA_v1,1336,1551.720000,1551.72003000,0.030000,2.056000,2.072285628,0.792103,31.809688,161,1,144.998932,102.774811,5.402222,1.425781,2.257080,63351,44903,17702,1168,1849,,,,0,0,0,0,0
fullband_2001_145mA_v1,1337,1551.740000,1551.73988000,-0.120000,2.056000,2.075749725,0.960590,30.983319,162,1,144.998932,103.411102,5.000000,1.481934,2.222900,63351,45181,16384,1214,1821,,,,0,0,0,0,0
fullband_2001_145mA_v1,1338,1551.760000,1551.75954000,-0.460000,2.056000,2.048857326,-0.347406,31.379631,170,1,144.998932,104.518890,5.000000,1.359863,2.218018,63351,45665,16384,1114,1817,,,,0,0,0,0,0
fullband_2001_145mA_v1,1339,1551.780000,1551.78014000,0.140000,2.056000,2.052827784,-0.154291,31.460396,169,1,144.998932,103.800201,1.000061,1.424561,2.261963,63351,45351,3277,1167,1853,,,,0,0,0,0,0
fullband_2001_145mA_v1,1340,1551.800000,1551.79904000,-0.960000,2.056000,2.052453152,-0.172512,30.871286,182,1,144.998932,107.183075,3.999939,1.477051,2.263184,63351,46829,13107,1210,1854,,,,0,0,0,0,0
fullband_2001_145mA_v1,1341,1551.820000,1551.82013000,0.130000,2.056000,2.053815537,-0.106248,29.805197,161,1,144.998932,105.672455,0.995483,1.207275,2.174072,63351,46169,3262,989,1781,,,,0,0,0,0,0
fullband_2001_145mA_v1,1342,1551.840000,1551.83908000,-0.920000,2.056000,2.066057661,0.489186,30.223189,181,1,144.998932,106.137085,0.909729,1.199951,2.166748,63351,46372,2981,983,1775,,,,0,0,0,0,0
fullband_2001_145mA_v1,1343,1551.860000,1551.85868000,-1.320000,2.056000,2.055081137,-0.044692,30.004290,184,1,144.998932,113.674164,9.999695,1.461182,2.277832,63351,49665,32767,1197,1866,,,,0,0,0,0,0
fullband_2001_145mA_v1,1344,1551.880000,1551.87955000,-0.450000,2.056000,2.053969215,-0.098774,30.378225,172,1,144.998932,108.661652,2.999268,1.403809,2.208252,63351,47475,9828,1150,1809,,,,0,0,0,0,0
fullband_2001_145mA_v1,1345,1551.900000,1551.90049000,0.490000,2.056000,2.061163532,0.251145,30.540950,176,1,144.998932,110.469818,9.999695,1.281738,2.189941,63351,48265,32767,1050,1794,,,,0,0,0,0,0
fullband_2001_145mA_v1,1346,1551.920000,1551.91994000,-0.060000,2.056000,2.054013790,-0.096606,30.329001,162,1,144.998932,109.577179,7.999878,1.431885,2.221680,63351,47875,26214,1173,1820,,,,0,0,0,0,0
fullband_2001_145mA_v1,1347,1551.940000,1551.94002000,0.020000,2.056000,2.051620075,-0.213031,30.048114,172,1,144.998932,105.029297,7.999878,1.356201,2.182617,63351,45888,26214,1111,1788,,,,0,0,0,0,0
fullband_2001_145mA_v1,1348,1551.960000,1551.96017000,0.170000,2.056000,2.046777617,-0.448559,29.143010,167,1,144.998932,106.695557,0.000000,27.945557,2.237549,63351,46616,0,22893,1833,,,,0,0,0,0,0
fullband_2001_145mA_v1,1349,1551.980000,1551.98089000,0.890000,2.056000,2.055544897,-0.022135,30.645765,172,1,144.998932,97.023010,0.326233,1.118164,2.158203,63351,42390,1069,916,1768,,,,0,0,0,0,0
fullband_2001_145mA_v1,1350,1552.000000,1551.99909000,-0.910000,2.056000,2.054636775,-0.066305,29.893550,185,1,144.998932,95.899200,2.000122,1.169434,2.187500,63351,41899,6554,958,1792,,,,0,0,0,0,0
fullband_2001_145mA_v1,1351,1552.020000,1552.02008000,0.080000,2.056000,2.061004054,0.243388,30.084187,165,1,144.998932,108.224487,3.962402,28.037109,2.269287,63351,47284,12984,22968,1859,,,,0,0,0,0,0
fullband_2001_145mA_v1,1352,1552.040000,1552.03933000,-0.670000,2.056000,2.056551469,0.026822,30.166225,168,1,144.998932,106.574249,3.756714,28.096924,2.239990,63351,46563,12310,23017,1835,,,,0,0,0,0,0
fullband_2001_145mA_v1,1353,1552.060000,1552.05996000,-0.040000,2.056000,2.054649042,-0.065708,30.000238,170,1,144.998932,107.778168,3.508606,27.757568,2.249756,63351,47089,11497,22739,1843,,,,0,0,0,0,0
fullband_2001_145mA_v1,1354,1552.080000,1552.08064000,0.640000,2.056000,2.069410703,0.652272,34.184728,8,1,142.499542,139.366150,7.078857,26.234131,29.877930,62259,60890,23196,21491,24476,,,,0,0,0,0,0
fullband_2001_145mA_v1,1355,1552.100000,1552.09914000,-0.860000,2.056000,2.070361681,0.698525,30.276821,173,1,142.499542,142.243195,6.859436,26.030273,29.921875,62259,62147,22477,21324,24512,,,,0,0,0,0,0
fullband_2001_145mA_v1,1356,1552.120000,1552.12091000,0.910000,2.056000,2.074860104,0.917320,33.494130,171,1,144.998932,139.283752,2.118835,25.756836,29.998779,63351,60854,6943,21100,24575,,,,0,0,0,0,0
fullband_2001_145mA_v1,1357,1552.140000,1552.13941000,-0.590000,2.056000,2.036617804,-0.942714,31.448754,168,1,144.998932,138.656616,2.013245,25.817871,29.998779,63351,60580,6597,21150,24575,,,,0,0,0,0,0
fullband_2001_145mA_v1,1358,1552.160000,1552.16075000,0.750000,2.056000,2.054993587,-0.048950,29.941349,182,1,144.998932,139.542389,1.918335,25.494385,29.895020,63351,60967,6286,20885,24490,,,,0,0,0,0,0
fullband_2001_145mA_v1,1359,1552.180000,1552.18084000,0.840000,2.056000,2.101469083,2.211531,29.547772,177,1,144.998932,140.231323,1.797791,25.657959,29.995117,63351,61268,5891,21019,24572,,,,0,0,0,0,0
fullband_2001_145mA_v1,1360,1552.200000,1552.19985000,-0.150000,2.056000,2.066110577,0.491760,32.040361,151,1,144.998932,135.683441,1.668701,25.672607,29.973145,63351,59281,5468,21031,24554,,,,0,0,0,0,0
fullband_2001_145mA_v1,1361,1552.220000,1552.22054000,0.540000,2.056000,2.050297004,-0.277383,26.423453,154,1,144.998932,134.907532,1.553955,25.600586,29.998779,63351,58942,5092,20972,24575,,,,0,0,0,0,0
fullband_2001_145mA_v1,1362,1552.240000,1552.24064000,0.640000,2.056000,2.055380628,-0.030125,29.797611,165,1,144.998932,128.210449,1.480408,25.260010,29.998779,63351,56016,4851,20693,24575,,,,0,0,0,0,0
fullband_2001_145mA_v1,1363,1552.260000,1552.26049000,0.490000,2.056000,2.055509991,-0.023833,25.519900,74,1,144.998932,129.119110,1.092529,26.785889,29.998779,63351,56413,3580,21943,24575,,,,0,0,0,0,0
fullband_2001_145mA_v1,1364,1552.280000,1552.28051000,0.510000,2.056000,2.037251865,-0.911874,33.101727,161,1,144.998932,101.545715,5.530701,0.000000,1.494141,63351,44366,18123,0,1224,,,,0,0,0,0,0
fullband_2001_145mA_v1,1365,1552.300000,1552.29966000,-0.340000,2.056000,2.056056619,0.002754,27.570481,153,1,144.998932,111.646271,9.124756,25.500488,1.500244,63351,48779,29900,20890,1229,,,,0,0,0,0,0
fullband_2001_145mA_v1,1366,1552.320000,1552.31867000,-1.330000,2.056000,2.046690360,-0.452804,26.175975,184,1,144.998932,113.957977,9.075012,23.999023,1.522217,63351,49789,29737,19660,1247,,,,0,0,0,0,0
fullband_2001_145mA_v1,1367,1552.340000,1552.34003000,0.030000,2.056000,2.067707800,0.569446,30.355092,167,1,144.998932,112.470245,8.999939,24.000244,1.362305,63351,49139,29491,19661,1116,,,,0,0,0,0,0
fullband_2001_145mA_v1,1368,1552.360000,1552.35908000,-0.920000,2.056000,2.061375804,0.261469,26.249500,41,1,144.998932,111.506653,7.818604,25.467529,1.350098,63351,48718,25620,20863,1106,,,,0,0,0,0,0
fullband_2001_145mA_v1,1369,1552.380000,1552.38038000,0.380000,2.056000,2.060908593,0.238745,32.950885,183,1,144.998932,129.810333,1.000061,24.000244,28.549805,63351,56715,3277,19661,23388,,,,0,0,0,0,0
fullband_2001_145mA_v1,1370,1552.400000,1552.39946000,-0.540000,2.056000,2.059644782,0.177275,23.912260,170,1,144.998932,125.470734,5.852966,0.111084,28.404541,63351,54819,19179,91,23269,,,,0,0,0,0,0
fullband_2001_145mA_v1,1371,1552.420000,1552.41976000,-0.240000,2.056000,2.054249652,-0.085134,23.597013,162,1,144.998932,129.700470,5.754395,0.100098,29.262695,63351,56667,18856,82,23972,,,,0,0,0,0,0
fullband_2001_145mA_v1,1372,1552.440000,1552.43916000,-0.840000,2.056000,2.057021424,0.049680,26.967584,162,1,144.998932,115.789032,2.000122,23.991699,1.397705,63351,50589,6554,19654,1145,,,,0,0,0,0,0
fullband_2001_145mA_v1,1373,1552.460000,1552.45920000,-0.800000,2.056000,2.058685743,0.130630,28.374431,170,1,144.998932,106.269836,2.999878,0.000000,1.380615,63351,46430,9830,0,1131,,,,0,0,0,0,0
fullband_2001_145mA_v1,1374,1552.480000,1552.47992000,-0.080000,2.056000,2.055701884,-0.014500,24.099664,176,1,144.998932,130.554199,4.893188,0.100098,29.804688,63351,57040,16034,82,24416,,,,0,0,0,0,0
fullband_2001_145mA_v1,1375,1552.500000,1552.49941000,-0.590000,2.056000,2.043008615,-0.631877,27.036342,181,1,144.998932,118.066406,5.499878,24.041748,1.416016,63351,51584,18022,19695,1160,,,,0,0,0,0,0
fullband_2001_145mA_v1,1376,1552.520000,1552.52036000,0.360000,2.056000,2.064760327,0.426086,30.144088,171,1,144.998932,109.542847,1.376038,22.500000,1.500244,63351,47860,4509,18432,1229,,,,0,0,0,0,0
fullband_2001_145mA_v1,1377,1552.540000,1552.53905000,-0.950000,2.056000,2.057570549,0.076389,28.552089,169,1,144.998932,109.158325,1.245117,22.650146,1.497803,63351,47692,4080,18555,1227,,,,0,0,0,0,0
fullband_2001_145mA_v1,1378,1552.560000,1552.55949000,-0.510000,2.056000,2.112205869,2.733748,30.020134,182,1,144.998932,105.049896,1.244812,22.496338,1.433105,63351,45897,4079,18429,1174,,,,0,0,0,0,0
fullband_2001_145mA_v1,1379,1552.580000,1552.57955000,-0.450000,2.056000,2.057793599,0.087237,29.932283,177,1,144.998932,105.475616,4.239197,22.550049,1.510010,63351,46083,13891,18473,1237,,,,0,0,0,0,0
fullband_2001_145mA_v1,1380,1552.600000,1552.60050000,0.500000,2.056000,2.075946844,0.970177,29.788344,168,1,144.998932,106.386566,3.943176,22.600098,1.500244,63351,46481,12921,18514,1229,,,,0,0,0,0,0
fullband_2001_145mA_v1,1381,1552.620000,1552.62024000,0.240000,2.056000,2.059691454,0.179545,28.682777,164,1,144.998932,104.255676,3.623352,22.550049,1.500244,63351,45550,11873,18473,1229,,,,0,0,0,0,0
fullband_2001_145mA_v1,1382,1552.640000,1552.64033000,0.330000,2.056000,2.028077711,-1.358088,28.644933,167,1,144.998932,103.816223,3.334656,22.449951,1.500244,63351,45358,10927,18391,1229,,,,0,0,0,0,0
fullband_2001_145mA_v1,1383,1552.660000,1552.66002000,0.020000,2.056000,2.037968214,-0.877032,33.880174,96,1,144.998932,127.974701,1.247559,22.777100,29.948730,63351,55913,4088,18659,24534,,,,0,0,0,0,0
fullband_2001_145mA_v1,1384,1552.680000,1552.68036000,0.360000,2.056000,2.062066297,0.295053,27.974223,81,1,144.998932,127.416229,1.247559,22.238770,29.858398,63351,55669,4088,18218,24460,,,,0,0,0,0,0
fullband_2001_145mA_v1,1385,1552.700000,1552.70010000,0.100000,2.056000,2.045234947,-0.523592,30.250811,75,1,144.998932,130.691528,1.247559,21.894531,29.616699,63351,57100,4088,17936,24262,,,,0,0,0,0,0
fullband_2001_145mA_v1,1386,1552.720000,1552.72034000,0.340000,2.056000,2.047957756,-0.391160,34.655214,74,1,144.998932,131.433105,1.231689,20.999756,29.948730,63351,57424,4036,17203,24534,,,,0,0,0,0,0
fullband_2001_145mA_v1,1387,1552.740000,1552.74099000,0.990000,2.056000,2.036399520,-0.953331,29.510244,79,1,144.998932,132.426453,1.231689,20.662842,29.515381,63351,57858,4036,16927,24179,,,,0,0,0,0,0
fullband_2001_145mA_v1,1388,1552.760000,1552.75927000,-0.730000,2.056000,2.049569554,-0.312765,31.558317,87,1,144.998932,133.019257,1.006470,20.933838,29.887695,63351,58117,3298,17149,24484,,,,0,0,0,0,0
fullband_2001_145mA_v1,1389,1552.780000,1552.77925000,-0.750000,2.056000,2.036589339,-0.944098,28.705602,71,1,144.998932,136.363220,5.332947,20.915527,24.041748,63351,59578,17475,17134,19695,,,,0,0,0,0,0
fullband_2001_145mA_v1,1390,1552.800000,1552.80061000,0.610000,2.056000,2.059454095,0.168001,29.827203,114,1,144.998932,135.312653,4.247742,19.541016,28.382568,63351,59119,13919,16008,23251,,,,0,0,0,0,0
fullband_2001_145mA_v1,1391,1552.820000,1552.81936000,-0.640000,2.056000,2.052856291,-0.152904,29.594904,133,1,144.998932,135.051727,5.116577,19.582520,25.642090,63351,59005,16766,16042,21006,,,,0,0,0,0,0
fullband_2001_145mA_v1,1392,1552.840000,1552.83907000,-0.930000,2.056000,2.058116986,0.102966,27.882028,113,1,144.998932,132.266235,4.871826,19.680176,25.484619,63351,57788,15964,16122,20877,,,,0,0,0,0,0
fullband_2001_145mA_v1,1393,1552.860000,1552.85993000,-0.070000,2.056000,2.043835965,-0.591636,32.867885,152,1,144.998932,128.398132,4.746399,19.310303,25.303955,63351,56098,15553,15819,20729,,,,0,0,0,0,0
fullband_2001_145mA_v1,1394,1552.880000,1552.87938000,-0.620000,2.056000,2.050329352,-0.275810,28.618496,108,1,144.998932,127.800751,3.789062,20.871582,25.404053,63351,55837,12416,17098,20811,,,,0,0,0,0,0
fullband_2001_145mA_v1,1395,1552.900000,1552.90007000,0.070000,2.056000,2.053487408,-0.122208,30.171602,90,1,144.998932,126.326752,3.758850,20.863037,24.000244,63351,55193,12317,17091,19661,,,,0,0,0,0,0
fullband_2001_145mA_v1,1396,1552.920000,1552.91931000,-0.690000,2.056000,2.064443692,0.410685,32.714271,117,1,144.998932,128.645325,3.168945,21.032715,25.491943,63351,56206,10384,17230,20883,,,,0,0,0,0,0
fullband_2001_145mA_v1,1397,1552.940000,1552.93990000,-0.100000,2.056000,2.056197354,0.009599,32.213102,118,1,144.998932,127.873993,3.036499,20.864258,25.412598,63351,55869,9950,17092,20818,,,,0,0,0,0,0
fullband_2001_145mA_v1,1398,1552.960000,1552.95904000,-0.960000,2.056000,2.044730203,-0.548142,27.639604,170,1,144.998932,121.957397,0.998840,18.212891,25.228271,63351,53284,3273,14920,20667,,,,0,0,0,0,0
fullband_2001_145mA_v1,1399,1552.980000,1552.98002000,0.020000,2.056000,2.051592681,-0.214364,28.505871,113,1,144.998932,139.416504,8.473816,20.959473,23.963623,63351,60912,27767,17170,19631,,,,0,0,0,0,0
fullband_2001_145mA_v1,1400,1553.000000,1553.00013000,0.130000,2.056000,2.049048495,-0.338108,31.089371,69,1,144.998932,128.631592,2.999878,18.060303,26.654053,63351,56200,9830,14795,21835,,,,0,0,0,0,0
fullband_2001_145mA_v1,1401,1553.020000,1553.01972000,-0.280000,2.056000,2.049056554,-0.337716,23.700174,171,1,144.998932,130.327606,0.941772,17.868652,23.809814,63351,56941,3086,14638,19505,,,,0,0,0,0,0
fullband_2001_145mA_v1,1402,1553.040000,1553.03925000,-0.750000,2.056000,2.060847520,0.235774,27.421056,174,1,144.998932,131.497192,0.873718,17.927246,23.872070,63351,57452,2863,14686,19556,,,,0,0,0,0,0
fullband_2001_145mA_v1,1403,1553.060000,1553.06016000,0.160000,2.056000,2.048089552,-0.384749,26.561585,59,1,144.998932,133.827209,2.952271,17.906494,25.230713,63351,58470,9674,14669,20669,,,,0,0,0,0,0
fullband_2001_145mA_v1,1404,1553.080000,1553.07968000,-0.320000,2.056000,2.062170216,0.300108,28.187039,88,1,144.998932,135.887146,3.428040,18.061523,22.521973,63351,59370,11233,14796,18450,,,,0,0,0,0,0
fullband_2001_145mA_v1,1405,1553.100000,1553.09992000,-0.080000,2.056000,2.061836070,0.283856,32.464319,58,1,144.998932,132.831573,3.284912,17.828369,22.421875,63351,58035,10764,14605,18368,,,,0,0,0,0,0
fullband_2001_145mA_v1,1406,1553.120000,1553.12084000,0.840000,2.056000,2.051961197,-0.196440,26.027686,103,1,144.998932,128.691101,0.555115,18.034668,23.948975,63351,56226,1819,14774,19619,,,,0,0,0,0,0
fullband_2001_145mA_v1,1407,1553.140000,1553.14038000,0.380000,2.056000,2.057244477,0.060529,32.026040,100,1,144.998932,126.725006,0.515442,17.778320,23.837891,63351,55367,1689,14564,19528,,,,0,0,0,0,0
fullband_2001_145mA_v1,1408,1553.160000,1553.16069000,0.690000,2.056000,2.059213231,0.156286,29.200637,160,1,144.998932,126.466370,0.491638,16.697998,23.829346,63351,55254,1611,13679,19521,,,,0,0,0,0,0
fullband_2001_145mA_v1,1409,1553.180000,1553.17957000,-0.430000,2.056000,2.058029464,0.098709,26.165717,76,1,144.998932,122.998810,0.473633,17.741699,22.391357,63351,53739,1552,14534,18343,,,,0,0,0,0,0
fullband_2001_145mA_v1,1410,1553.200000,1553.19950000,-0.500000,2.056000,2.057058776,0.051497,33.454980,82,1,144.998932,122.048950,2.361145,17.757568,20.999756,63351,53324,7737,14547,17203,,,,0,0,0,0,0
fullband_2001_145mA_v1,1411,1553.220000,1553.21994000,-0.060000,2.056000,2.052176693,-0.185958,30.839231,77,1,144.998932,119.705200,1.876221,16.496582,23.973389,63351,52300,6148,13514,19639,,,,0,0,0,0,0
fullband_2001_145mA_v1,1412,1553.240000,1553.23942000,-0.580000,2.056000,2.061459410,0.265536,27.624170,68,1,144.998932,120.952606,1.718750,16.519775,23.975830,63351,52845,5632,13533,19641,,,,0,0,0,0,0
fullband_2001_145mA_v1,1413,1553.260000,1553.26036000,0.360000,2.056000,2.050897775,-0.248163,27.698601,88,1,144.998932,120.281982,1.560364,16.574707,23.959961,63351,52552,5113,13578,19628,,,,0,0,0,0,0
fullband_2001_145mA_v1,1414,1553.280000,1553.28012000,0.120000,2.056000,2.057569592,0.076342,30.012035,115,1,144.998932,122.632599,1.432800,16.525879,23.964844,63351,53579,4695,13538,19632,,,,0,0,0,0,0
fullband_2001_145mA_v1,1415,1553.300000,1553.29957000,-0.430000,2.056000,2.064689789,0.422655,29.130050,107,1,144.998932,126.450348,1.378784,16.362305,23.820801,63351,55247,4518,13404,19514,,,,0,0,0,0,0
fullband_2001_145mA_v1,1416,1553.320000,1553.32033000,0.330000,2.056000,2.053889468,-0.102652,25.104274,121,1,144.998932,129.098511,6.066895,16.418457,19.718018,63351,56404,19880,13450,16153,,,,0,0,0,0,0
fullband_2001_145mA_v1,1417,1553.340000,1553.34027000,0.270000,2.056000,2.059045436,0.148124,29.874964,117,1,144.998932,128.368378,1.125183,16.394043,23.840332,63351,56085,3687,13430,19530,,,,0,0,0,0,0
fullband_2001_145mA_v1,1418,1553.360000,1553.35993000,-0.070000,2.056000,2.053446361,-0.124204,28.275389,113,1,144.998932,129.812622,3.668823,16.431885,23.884277,63351,56716,12022,13461,19566,,,,0,0,0,0,0
fullband_2001_145mA_v1,1419,1553.380000,1553.37930000,-0.700000,2.056000,2.050037701,-0.289995,30.856320,105,1,144.998932,127.661133,1.427917,16.550293,19.499512,63351,55776,4679,13558,15974,,,,0,0,0,0,0
fullband_2001_145mA_v1,1420,1553.400000,1553.40008000,0.080000,2.056000,2.057481576,0.072061,32.987178,92,1,144.998932,127.876282,1.367493,16.329346,19.528809,63351,55870,4481,13377,15998,,,,0,0,0,0,0
fullband_2001_145mA_v1,1421,1553.420000,1553.42086000,0.860000,2.056000,2.065156045,0.445333,29.790119,151,1,144.998932,130.838013,4.989319,15.000000,20.845947,63351,57164,16349,12288,17077,,,,0,0,0,0,0
fullband_2001_145mA_v1,1422,1553.440000,1553.44004000,0.040000,2.056000,2.065669847,0.470323,31.368530,101,1,144.998932,126.617432,4.068604,14.967041,22.307129,63351,55320,13332,12261,18274,,,,0,0,0,0,0
fullband_2001_145mA_v1,1423,1553.460000,1553.46081000,0.810000,2.056000,2.068531877,0.609527,33.706585,122,1,144.998932,122.074127,1.037903,16.347656,19.499512,63351,53335,3401,13392,15974,,,,0,0,0,0,0
fullband_2001_145mA_v1,1424,1553.480000,1553.48015000,0.150000,2.056000,2.069925563,0.677313,32.251760,108,1,144.998932,119.089508,0.921326,14.891357,22.177734,63351,52031,3019,12199,18168,,,,0,0,0,0,0
fullband_2001_145mA_v1,1425,1553.500000,1553.50053000,0.530000,2.056000,2.048027510,-0.387767,26.220843,101,1,144.998932,118.704987,0.921326,14.676514,21.749268,63351,51863,3019,12023,17817,,,,0,0,0,0,0
fullband_2001_145mA_v1,1426,1553.520000,1553.52020000,0.200000,2.056000,2.047544848,-0.411243,28.864991,87,1,144.998932,103.791046,8.159485,15.051270,0.015869,63351,45347,26737,12330,13,,,,0,0,0,0,0
fullband_2001_145mA_v1,1427,1553.540000,1553.53990000,-0.100000,2.056000,2.049337235,-0.324064,29.505307,38,1,144.998932,106.558228,7.843018,14.926758,0.021973,63351,46556,25700,12228,18,,,,0,0,0,0,0
fullband_2001_145mA_v1,1428,1553.560000,1553.55992000,-0.080000,2.056000,2.037383717,-0.905461,32.818252,27,1,144.998932,104.816437,7.437744,14.959717,0.000000,63351,45795,24372,12255,0,,,,0,0,0,0,0
fullband_2001_145mA_v1,1429,1553.580000,1553.57989000,-0.110000,2.056000,2.068603737,0.613022,32.107971,24,1,144.998932,107.817078,7.043762,14.979248,0.000000,63351,47106,23081,12271,0,,,,0,0,0,0,0
fullband_2001_145mA_v1,1430,1553.600000,1553.60006000,0.060000,2.056000,2.059380808,0.164436,27.463697,75,1,144.998932,131.199646,9.999695,14.866943,19.366455,63351,57322,32767,12179,15865,,,,0,0,0,0,0
fullband_2001_145mA_v1,1431,1553.620000,1553.61953000,-0.470000,2.056000,2.054286864,-0.083324,30.732510,150,1,144.998932,135.486603,9.877625,13.549805,19.549561,63351,59195,32367,11100,16015,,,,0,0,0,0,0
fullband_2001_145mA_v1,1432,1553.640000,1553.64096000,0.960000,2.056000,2.056763957,0.037157,30.681957,160,1,144.998932,133.170319,9.575806,13.623047,19.394531,63351,58183,31378,11160,15888,,,,0,0,0,0,0
fullband_2001_145mA_v1,1433,1553.660000,1553.65927000,-0.730000,2.056000,2.064004838,0.389340,30.326482,96,1,144.998932,133.522797,2.926331,15.050049,18.000488,63351,58337,9589,12329,14746,,,,0,0,0,0,0
fullband_2001_145mA_v1,1434,1553.680000,1553.68002000,0.020000,2.056000,2.061591814,0.271975,30.846629,108,1,144.998932,131.730652,2.795410,14.895020,17.977295,63351,57554,9160,12202,14727,,,,0,0,0,0,0
fullband_2001_145mA_v1,1435,1553.700000,1553.69981000,-0.190000,2.056000,2.048741600,-0.353035,31.604491,132,1,144.998932,130.405426,2.795410,14.545898,17.905273,63351,56975,9160,11916,14668,,,,0,0,0,0,0
fullband_2001_145mA_v1,1436,1553.720000,1553.72105000,1.050000,2.056000,2.051709357,-0.208689,29.118932,95,1,144.998932,109.984589,5.522766,13.352051,0.000000,63351,48053,18097,10938,0,,,,0,0,0,0,0
fullband_2001_145mA_v1,1437,1553.740000,1553.74034000,0.340000,2.056000,2.065330811,0.453833,32.552052,94,1,144.998932,105.363464,1.061096,14.650879,0.000000,63351,46034,3477,12002,0,,,,0,0,0,0,0
fullband_2001_145mA_v1,1438,1553.760000,1553.76014000,0.140000,2.056000,2.058988785,0.145369,30.978883,98,1,144.998932,122.920990,2.221985,13.422852,19.226074,63351,53705,7281,10996,15750,,,,0,0,0,0,0
fullband_2001_145mA_v1,1439,1553.780000,1553.78063000,0.630000,2.056000,2.068238428,0.595254,33.985097,94,1,144.998932,107.910919,3.576355,15.062256,0.000000,63351,47147,11719,12339,0,,,,0,0,0,0,0
fullband_2001_145mA_v1,1440,1553.800000,1553.79939000,-0.610000,2.056000,2.042493377,-0.656937,30.655662,41,1,144.998932,105.569458,3.284607,15.035400,0.000000,63351,46124,10763,12317,0,,,,0,0,0,0,0
fullband_2001_145mA_v1,1441,1553.820000,1553.82016000,0.160000,2.056000,2.051366888,-0.225346,32.367825,100,1,144.998932,105.734253,3.296814,14.636230,0.000000,63351,46196,10803,11990,0,,,,0,0,0,0,0
fullband_2001_145mA_v1,1442,1553.840000,1553.83901000,-0.990000,2.056000,2.059453388,0.167966,31.536357,106,1,144.998932,118.004608,1.739807,13.649902,18.000488,63351,51557,5701,11182,14746,,,,0,0,0,0,0
fullband_2001_145mA_v1,1443,1553.860000,1553.86001000,0.010000,2.056000,2.046593253,-0.457527,33.271090,115,1,144.998932,117.919922,1.619568,13.507080,17.976074,63351,51520,5307,11065,14726,,,,0,0,0,0,0
fullband_2001_145mA_v1,1444,1553.880000,1553.87956000,-0.440000,2.056000,2.053609771,-0.116256,32.833673,103,1,144.998932,121.307373,1.562805,13.320312,17.891846,63351,53000,5121,10912,14657,,,,0,0,0,0,0
fullband_2001_145mA_v1,1445,1553.900000,1553.89910000,-0.900000,2.056000,2.058948615,0.143415,28.587136,152,1,144.998932,124.584961,1.915894,12.099609,16.600342,63351,54432,6278,9912,13599,,,,0,0,0,0,0
fullband_2001_145mA_v1,1446,1553.920000,1553.91985000,-0.150000,2.056000,2.066238940,0.498003,29.912621,101,1,144.998932,122.863770,1.810608,12.277832,16.170654,63351,53680,5933,10058,13247,,,,0,0,0,0,0
fullband_2001_145mA_v1,1447,1553.940000,1553.93975000,-0.250000,2.056000,2.047994005,-0.389397,29.976235,116,1,144.998932,124.475098,1.702271,12.233887,16.158447,63351,54384,5578,10022,13237,,,,0,0,0,0,0
fullband_2001_145mA_v1,1448,1553.960000,1553.95934000,-0.660000,2.056000,2.051759146,-0.206267,32.970329,122,1,144.998932,127.585602,1.073914,13.671875,16.531982,63351,55743,3519,11200,13543,,,,0,0,0,0,0
fullband_2001_145mA_v1,1449,1553.980000,1553.98062000,0.620000,2.056000,2.050667408,-0.259367,32.401138,140,1,144.998932,128.450775,1.073914,13.386230,16.473389,63351,56121,3519,10966,13495,,,,0,0,0,0,0
fullband_2001_145mA_v1,1450,1554.000000,1554.00004000,0.040000,2.056000,2.056037446,0.001821,30.400691,151,1,144.998932,124.873352,4.917908,12.088623,14.973145,63351,54558,16115,9903,12266,,,,0,0,0,0,0
fullband_2001_145mA_v1,1451,1554.020000,1554.02027000,0.270000,2.056000,2.062958365,0.338442,31.589738,130,1,144.998932,124.898529,4.741516,12.037354,14.995117,63351,54569,15537,9861,12284,,,,0,0,0,0,0
fullband_2001_145mA_v1,1452,1554.040000,1554.03940000,-0.600000,2.056000,2.046090830,-0.481964,33.988632,165,1,144.998932,122.241211,4.741516,11.833496,15.252686,63351,53408,15537,9694,12495,,,,0,0,0,0,0
fullband_2001_145mA_v1,1453,1554.060000,1554.05974000,-0.260000,2.056000,2.039273764,-0.813533,32.432396,134,1,144.998932,122.882080,9.999695,11.921387,17.828369,63351,53688,32767,9766,14605,,,,0,0,0,0,0
fullband_2001_145mA_v1,1454,1554.080000,1554.07895000,-1.050000,2.056000,2.040370717,-0.760179,28.983540,103,1,144.998932,118.874359,1.049194,11.817627,16.373291,63351,51937,3438,9681,13413,,,,0,0,0,0,0
fullband_2001_145mA_v1,1455,1554.100000,1554.10008000,0.080000,2.056000,2.051017859,-0.242322,32.476042,107,1,144.998932,117.388916,2.998657,11.854248,17.819824,63351,51288,9826,9711,14598,,,,0,0,0,0,0
fullband_2001_145mA_v1,1456,1554.120000,1554.12008000,0.080000,2.056000,2.057598639,0.077755,29.220718,135,1,144.998932,118.370819,3.386230,12.019043,16.480713,63351,51717,11096,9846,13501,,,,0,0,0,0,0
fullband_2001_145mA_v1,1457,1554.140000,1554.13989000,-0.110000,2.056000,2.061701439,0.277307,32.530038,133,1,144.998932,119.290924,3.120422,12.020264,16.480713,63351,52119,10225,9847,13501,,,,0,0,0,0,0
fullband_2001_145mA_v1,1458,1554.160000,1554.15933000,-0.670000,2.056000,2.043311602,-0.617140,32.718559,148,1,144.998932,118.231201,3.041382,11.842041,16.395264,63351,51656,9966,9701,13431,,,,0,0,0,0,0
fullband_2001_145mA_v1,1459,1554.180000,1554.18028000,0.280000,2.056000,2.057421396,0.069134,32.130134,74,1,144.998932,123.463440,9.286804,10.583496,16.496582,63351,53942,30431,8670,13514,,,,0,0,0,0,0
fullband_2001_145mA_v1,1460,1554.200000,1554.19940000,-0.600000,2.056000,2.058086586,0.101488,30.799381,80,1,144.998932,125.230408,9.089355,10.567627,16.323242,63351,54714,29784,8657,13372,,,,0,0,0,0,0
fullband_2001_145mA_v1,1461,1554.220000,1554.22044000,0.440000,2.056000,2.060066572,0.197790,32.040753,102,1,144.998932,122.829437,2.874756,10.500488,16.458740,63351,53665,9420,8602,13483,,,,0,0,0,0,0
fullband_2001_145mA_v1,1462,1554.240000,1554.23957000,-0.430000,2.056000,2.065958498,0.484363,32.908683,91,1,144.998932,124.756622,2.679138,10.487061,16.485596,63351,54507,8779,8591,13505,,,,0,0,0,0,0
fullband_2001_145mA_v1,1463,1554.260000,1554.25999000,-0.010000,2.056000,2.042767746,-0.643592,32.566055,89,1,144.998932,124.470520,2.476807,10.489502,16.469727,63351,54382,8116,8593,13492,,,,0,0,0,0,0
fullband_2001_145mA_v1,1464,1554.280000,1554.28088000,0.880000,2.056000,2.059645484,0.177310,32.696903,127,1,144.998932,124.221039,2.273254,10.471191,16.453857,63351,54273,7449,8578,13479,,,,0,0,0,0,0
fullband_2001_145mA_v1,1465,1554.300000,1554.30000000,0.000000,2.056000,2.051950042,-0.196982,34.027548,36,1,144.998932,121.607208,2.177124,10.418701,16.265869,63351,53131,7134,8535,13325,,,,0,0,0,0,0
fullband_2001_145mA_v1,1466,1554.320000,1554.32060000,0.600000,2.056000,2.057380556,0.067148,33.046788,39,1,144.998932,123.051453,2.520752,10.471191,14.971924,63351,53762,8260,8578,12265,,,,0,0,0,0,0
fullband_2001_145mA_v1,1467,1554.340000,1554.33934000,-0.660000,2.056000,2.058491410,0.121178,32.487365,57,1,144.998932,123.033142,2.298279,10.500488,15.000000,63351,53754,7531,8602,12288,,,,0,0,0,0,0
fullband_2001_145mA_v1,1468,1554.360000,1554.36016000,0.160000,2.056000,2.072316596,0.793609,33.912477,89,1,144.998932,121.543121,2.070312,10.522461,14.979248,63351,53103,6784,8620,12271,,,,0,0,0,0,0
fullband_2001_145mA_v1,1469,1554.380000,1554.37940000,-0.600000,2.056000,2.050323016,-0.276118,32.211857,127,1,144.998932,116.569519,2.014160,10.313721,14.854736,63351,50930,6600,8449,12169,,,,0,0,0,0,0
fullband_2001_145mA_v1,1470,1554.400000,1554.40013000,0.130000,2.056000,2.061303853,0.257969,31.001210,89,1,144.998932,116.409302,2.030640,10.550537,13.499756,63351,50860,6654,8643,11059,,,,0,0,0,0,0
fullband_2001_145mA_v1,1471,1554.420000,1554.42060000,0.600000,2.056000,2.047714497,-0.402991,33.192259,135,1,144.998932,115.260315,1.873779,10.500488,13.549805,63351,50358,6140,8602,11100,,,,0,0,0,0,0
fullband_2001_145mA_v1,1472,1554.440000,1554.43976000,-0.240000,2.056000,2.048827530,-0.348856,32.207150,129,1,144.998932,114.420319,1.849060,10.257568,13.443604,63351,49991,6059,8403,11013,,,,0,0,0,0,0
fullband_2001_145mA_v1,1473,1554.460000,1554.46037000,0.370000,2.056000,2.053493720,-0.121901,32.452888,160,1,144.998932,116.807556,4.603577,10.345459,14.895020,63351,51034,15085,8475,12202,,,,0,0,0,0,0
fullband_2001_145mA_v1,1474,1554.480000,1554.48136000,1.360000,2.056000,2.025650008,-1.476167,31.653671,124,1,144.998932,115.610504,1.546326,10.224609,13.424072,63351,50511,5067,8376,10997,,,,0,0,0,0,0
fullband_2001_145mA_v1,1475,1554.500000,1554.49911000,-0.890000,2.056000,2.049961138,-0.293719,34.753036,121,1,144.998932,118.894958,4.692078,9.058838,15.034180,63351,51946,15375,7421,12316,,,,0,0,0,0,0
fullband_2001_145mA_v1,1476,1554.520000,1554.51858000,-1.420000,2.056000,2.043729854,-0.596797,33.130131,124,1,144.998932,119.057465,4.619446,9.158936,14.827881,63351,52017,15137,7503,12147,,,,0,0,0,0,0
fullband_2001_145mA_v1,1477,1554.540000,1554.54044000,0.440000,2.056000,2.055011455,-0.048081,31.486372,83,1,144.998932,117.768860,0.000000,9.052734,14.608154,63351,51454,0,7416,11967,,,,0,0,0,0,0
fullband_2001_145mA_v1,1478,1554.560000,1554.55986000,-0.140000,2.056000,2.052711782,-0.159933,32.307118,151,1,144.998932,124.328613,1.000061,10.338135,13.448486,63351,54320,3277,8469,11017,,,,0,0,0,0,0
fullband_2001_145mA_v1,1479,1554.580000,1554.57977000,-0.230000,2.056000,2.048805055,-0.349949,32.710696,139,1,144.998932,125.848389,5.050049,8.935547,13.395996,63351,54984,16548,7320,10974,,,,0,0,0,0,0
fullband_2001_145mA_v1,1480,1554.600000,1554.59959000,-0.410000,2.056000,2.072036512,0.779986,32.861081,173,1,144.998932,123.653412,4.960938,9.063721,12.115479,63351,54025,16256,7425,9925,,,,0,0,0,0,0
fullband_2001_145mA_v1,1481,1554.620000,1554.61980000,-0.200000,2.056000,2.035377541,-1.003038,27.990928,150,1,144.998932,123.813629,4.868469,8.951416,12.425537,63351,54095,15953,7333,10179,,,,0,0,0,0,0
fullband_2001_145mA_v1,1482,1554.640000,1554.64092000,0.920000,2.056000,2.056993252,0.048310,30.072212,166,1,144.998932,120.746613,4.824524,8.562012,12.376709,63351,52755,15809,7014,10139,,,,0,0,0,0,0
fullband_2001_145mA_v1,1483,1554.660000,1554.66070000,0.700000,2.056000,2.060029810,0.196002,31.930011,150,1,144.998932,117.922211,1.000061,8.892822,13.380127,63351,51521,3277,7285,10961,,,,0,0,0,0,0
fullband_2001_145mA_v1,1484,1554.680000,1554.68078000,0.780000,2.056000,2.074212977,0.885845,32.259720,149,1,144.998932,115.704346,1.000061,9.036865,11.995850,63351,50552,3277,7403,9827,,,,0,0,0,0,0
fullband_2001_145mA_v1,1485,1554.700000,1554.70036000,0.360000,2.056000,2.061630170,0.273841,32.653750,123,1,144.998932,115.331268,3.291626,9.000244,13.499756,63351,50389,10786,7373,11059,,,,0,0,0,0,0
fullband_2001_145mA_v1,1486,1554.720000,1554.72024000,0.240000,2.056000,2.059086992,0.150146,31.525310,137,1,144.998932,114.353943,3.015442,9.014893,13.471680,63351,49962,9881,7385,11036,,,,0,0,0,0,0
fullband_2001_145mA_v1,1487,1554.740000,1554.74009000,0.090000,2.056000,2.042512820,-0.655991,32.206348,148,1,144.998932,113.495636,2.744446,9.005127,13.466797,63351,49587,8993,7377,11032,,,,0,0,0,0,0
fullband_2001_145mA_v1,1488,1554.760000,1554.75997000,-0.030000,2.056000,2.071050840,0.732045,32.583745,127,1,144.998932,114.958191,2.479553,9.007568,13.469238,63351,50226,8125,7379,11034,,,,0,0,0,0,0
fullband_2001_145mA_v1,1489,1554.780000,1554.78127000,1.270000,2.056000,2.047376839,-0.419414,31.740977,158,1,144.998932,115.665436,2.213440,8.996582,13.463135,63351,50535,7253,7370,11029,,,,0,0,0,0,0
fullband_2001_145mA_v1,1490,1554.800000,1554.80111000,1.110000,2.056000,2.063793850,0.379078,32.447099,126,1,144.998932,117.198944,2.157898,8.850098,13.363037,63351,51205,7071,7250,10947,,,,0,0,0,0,0
fullband_2001_145mA_v1,1491,1554.820000,1554.81986000,-0.140000,2.056000,2.069155601,0.639864,32.456202,178,1,144.998932,124.447632,9.374695,7.541504,12.065430,63351,54372,30719,6178,9884,,,,0,0,0,0,0
fullband_2001_145mA_v1,1492,1554.840000,1554.84150000,1.500000,2.056000,2.052358224,-0.177129,33.761488,105,1,144.998932,125.413513,9.219360,7.691650,11.964111,63351,54794,30210,6301,9801,,,,0,0,0,0,0
fullband_2001_145mA_v1,1493,1554.860000,1554.86084000,0.840000,2.056000,2.056110794,0.005389,33.421515,89,1,144.998932,122.570801,2.890930,7.576904,11.983643,63351,53552,9473,6207,9817,,,,0,0,0,0,0
fullband_2001_145mA_v1,1494,1554.880000,1554.88055000,0.550000,2.056000,2.059386484,0.164712,34.553483,69,1,144.998932,123.328400,2.713013,7.550049,12.014160,63351,53883,8890,6185,9842,,,,0,0,0,0,0
fullband_2001_145mA_v1,1495,1554.900000,1554.89916000,-0.840000,2.056000,2.058912930,0.141679,33.412230,130,1,144.998932,122.648621,2.536621,7.495117,12.037354,63351,53586,8312,6140,9861,,,,0,0,0,0,0
fullband_2001_145mA_v1,1496,1554.920000,1554.92070000,0.700000,2.056000,2.051175082,-0.234675,33.153758,77,1,144.998932,120.366669,2.359619,7.624512,11.953125,63351,52589,7732,6246,9792,,,,0,0,0,0,0
fullband_2001_145mA_v1,1497,1554.940000,1554.93987000,-0.130000,2.056000,2.047312424,-0.422547,34.420909,93,1,144.998932,118.501282,2.179565,7.583008,11.972656,63351,51774,7142,6212,9808,,,,0,0,0,0,0
fullband_2001_145mA_v1,1498,1554.960000,1554.95968000,-0.320000,2.056000,2.042871318,-0.638555,31.632720,84,1,144.998932,115.880585,2.131653,7.371826,11.774902,63351,50629,6985,6039,9646,,,,0,0,0,0,0
fullband_2001_145mA_v1,1499,1554.980000,1554.97820000,-1.800000,2.056000,2.059413276,0.166015,31.158477,118,1,144.998932,115.502930,2.340393,7.254639,10.566406,63351,50464,7669,5943,8656,,,,0,0,0,0,0
fullband_2001_145mA_v1,1500,1555.000000,1555.00022000,0.220000,2.056000,2.072445144,0.799861,32.701378,132,1,144.998932,114.985657,5.550537,7.550049,11.999512,63351,50238,18188,6185,9830,,,,0,0,0,0,0
fullband_2001_145mA_v1,1501,1555.020000,1555.01969000,-0.310000,2.056000,2.051885734,-0.200110,33.192362,136,1,144.998932,112.081146,5.151367,7.550049,11.999512,63351,48969,16880,6185,9830,,,,0,0,0,0,0
fullband_2001_145mA_v1,1502,1555.040000,1555.03946000,-0.540000,2.056000,2.047777685,-0.399918,33.313999,132,1,144.998932,111.987305,4.776611,7.573242,11.973877,63351,48928,15652,6204,9809,,,,0,0,0,0,0
fullband_2001_145mA_v1,1503,1555.060000,1555.06065000,0.650000,2.056000,2.049199735,-0.330752,33.541450,114,1,144.998932,111.943817,4.739075,7.370605,11.872559,63351,48909,15529,6038,9726,,,,0,0,0,0,0
fullband_2001_145mA_v1,1504,1555.080000,1555.07962000,-0.380000,2.056000,2.058645650,0.128679,33.617730,139,1,144.998932,112.223053,1.487122,7.539062,10.484619,63351,49031,4873,6176,8589,,,,0,0,0,0,0
fullband_2001_145mA_v1,1505,1555.100000,1555.09913000,-0.870000,2.056000,2.049793653,-0.301865,32.862601,138,1,144.998932,113.891602,1.464844,7.349854,10.447998,63351,49760,4800,6021,8559,,,,0,0,0,0,0
fullband_2001_145mA_v1,1506,1555.120000,1555.12144000,1.440000,2.056000,2.056686280,0.033379,33.458961,129,1,144.998932,120.062256,4.654236,7.576904,10.560303,63351,52456,15251,6207,8651,,,,0,0,0,0,0
fullband_2001_145mA_v1,1507,1555.140000,1555.13918000,-0.820000,2.056000,2.058550232,0.124039,33.004229,143,1,144.998932,122.236633,4.500122,7.509766,10.537109,63351,53406,14746,6152,8632,,,,0,0,0,0,0
fullband_2001_145mA_v1,1508,1555.160000,1555.16005000,0.050000,2.056000,2.057928331,0.093790,33.078041,139,1,144.998932,122.678375,4.192200,7.467041,10.598145,63351,53599,13737,6117,8682,,,,0,0,0,0,0
fullband_2001_145mA_v1,1509,1555.180000,1555.18126000,1.260000,2.056000,2.057921877,0.093477,33.396740,156,1,144.998932,124.690247,3.795166,7.528076,10.552979,63351,54478,12436,6167,8645,,,,0,0,0,0,0
fullband_2001_145mA_v1,1510,1555.200000,1555.19937000,-0.630000,2.056000,2.046482023,-0.462937,33.100292,136,1,144.998932,123.896027,3.635864,7.465820,10.494385,63351,54131,11914,6116,8597,,,,0,0,0,0,0
fullband_2001_145mA_v1,1511,1555.220000,1555.21975000,-0.250000,2.056000,2.069228298,0.643400,30.373514,163,1,144.998932,124.742889,4.421082,6.057129,10.465088,63351,54501,14487,4962,8573,,,,0,0,0,0,0
fullband_2001_145mA_v1,1512,1555.240000,1555.24000000,0.000000,2.056000,2.060683525,0.227798,32.870784,156,1,144.998932,125.564575,9.500122,7.402344,10.452881,63351,54860,31130,6064,8563,,,,0,0,0,0,0
fullband_2001_145mA_v1,1513,1555.260000,1555.25803000,-1.970000,2.056000,2.041476655,-0.706388,28.105414,137,1,144.998932,120.158386,4.102783,6.099854,10.393066,63351,52498,13444,4997,8514,,,,0,0,0,0,0
fullband_2001_145mA_v1,1514,1555.280000,1555.27963000,-0.370000,2.056000,2.062483292,0.315335,32.332508,131,1,144.998932,112.857056,0.900879,5.999756,10.500488,63351,49308,2952,4915,8602,,,,0,0,0,0,0
fullband_2001_145mA_v1,1515,1555.300000,1555.29993000,-0.070000,2.056000,2.051982402,-0.195408,33.582420,119,1,144.998932,109.822083,0.891724,6.152344,10.147705,63351,47982,2922,5040,8313,,,,0,0,0,0,0
fullband_2001_145mA_v1,1516,1555.320000,1555.31981000,-0.190000,2.056000,2.060365404,0.212325,33.168862,92,1,144.998932,111.318970,3.306580,6.043701,10.469971,63351,48636,10835,4951,8577,,,,0,0,0,0,0
fullband_2001_145mA_v1,1517,1555.340000,1555.34003000,0.030000,2.056000,2.056698006,0.033950,33.643451,113,1,144.998932,111.248016,3.079224,5.991211,10.473633,63351,48605,10090,4908,8580,,,,0,0,0,0,0
fullband_2001_145mA_v1,1518,1555.360000,1555.36017000,0.170000,2.056000,2.048944761,-0.343154,33.143808,147,1,144.998932,110.799408,2.843628,5.987549,10.473633,63351,48409,9318,4905,8580,,,,0,0,0,0,0
fullband_2001_145mA_v1,1519,1555.380000,1555.38147000,1.470000,2.056000,2.051143910,-0.236191,33.456163,142,1,144.998932,111.634827,2.821655,5.927734,10.223389,63351,48774,9246,4856,8375,,,,0,0,0,0,0
fullband_2001_145mA_v1,1520,1555.400000,1555.40006000,0.060000,2.056000,2.065832973,0.478257,32.831579,138,1,144.998932,110.259247,0.447693,5.988770,10.487061,63351,48173,1467,4906,8591,,,,0,0,0,0,0
fullband_2001_145mA_v1,1521,1555.420000,1555.41983000,-0.170000,2.056000,2.054811294,-0.057816,33.375389,143,1,144.998932,112.724304,0.438538,5.854492,10.327148,63351,49250,1437,4796,8460,,,,0,0,0,0,0
fullband_2001_145mA_v1,1522,1555.440000,1555.44126000,1.260000,2.056000,2.064770340,0.426573,32.122946,99,1,144.998932,118.309021,2.999878,5.827637,8.892822,63351,51690,9830,4774,7285,,,,0,0,0,0,0
fullband_2001_145mA_v1,1523,1555.460000,1555.45983000,-0.170000,2.056000,2.052581546,-0.166267,32.697222,97,1,144.998932,123.332977,8.202209,6.074219,8.988037,63351,53885,26877,4976,7363,,,,0,0,0,0,0
fullband_2001_145mA_v1,1524,1555.480000,1555.47908000,-0.920000,2.056000,2.055834264,-0.008061,32.517145,144,1,144.998932,122.653198,7.694397,6.066895,8.973389,63351,53588,25213,4970,7351,,,,0,0,0,0,0
fullband_2001_145mA_v1,1525,1555.500000,1555.49922000,-0.780000,2.056000,2.074739981,0.911478,31.743779,152,1,144.998932,124.097443,7.203674,6.041260,8.995361,63351,54219,23605,4949,7369,,,,0,0,0,0,0
fullband_2001_145mA_v1,1526,1555.520000,1555.52003000,0.030000,2.056000,2.055934257,-0.003198,31.231822,151,1,144.998932,121.172333,6.672668,6.004639,9.027100,63351,52941,21865,4919,7395,,,,0,0,0,0,0
fullband_2001_145mA_v1,1527,1555.540000,1555.54011000,0.110000,2.056000,2.058488978,0.121059,31.672689,160,1,144.998932,119.416809,6.150513,6.032715,8.968506,63351,52174,20154,4942,7347,,,,0,0,0,0,0
fullband_2001_145mA_v1,1528,1555.560000,1555.56013000,0.130000,2.056000,2.058554825,0.124262,31.736363,159,1,144.998932,117.574310,5.628967,5.999756,9.050293,63351,51369,18445,4915,7414,,,,0,0,0,0,0
fullband_2001_145mA_v1,1529,1555.580000,1555.58051000,0.510000,2.056000,2.037922691,-0.879247,31.069391,162,1,144.998932,114.516449,5.079041,5.983887,9.134521,63351,50033,16643,4902,7483,,,,0,0,0,0,0
fullband_2001_145mA_v1,1530,1555.600000,1555.60054000,0.540000,2.056000,2.061220049,0.253893,31.185149,164,1,144.998932,113.314819,5.000000,5.899658,9.000244,63351,49508,16384,4833,7373,,,,0,0,0,0,0
fullband_2001_145mA_v1,1531,1555.620000,1555.62041000,0.410000,2.056000,2.049104825,-0.335368,32.312597,158,1,144.998932,106.823730,0.000000,5.802002,8.974609,63351,46672,0,4753,7352,,,,0,0,0,0,0
fullband_2001_145mA_v1,1532,1555.640000,1555.63997000,-0.030000,2.056000,2.053717794,-0.111002,31.600904,171,1,144.998932,111.021423,4.248047,5.905762,8.930664,63351,48506,13920,4838,7316,,,,0,0,0,0,0
fullband_2001_145mA_v1,1533,1555.660000,1555.65995000,-0.050000,2.056000,2.051498629,-0.218938,30.980277,171,1,144.998932,109.593201,0.973816,5.852051,8.967285,63351,47882,3191,4794,7346,,,,0,0,0,0,0
fullband_2001_145mA_v1,1534,1555.680000,1555.68095000,0.950000,2.056000,2.049507486,-0.315784,32.104815,165,1,144.998932,109.313965,0.952759,5.733643,8.905029,63351,47760,3122,4697,7295,,,,0,0,0,0,0
fullband_2001_145mA_v1,1535,1555.700000,1555.70057000,0.570000,2.056000,2.049828566,-0.300167,32.157291,165,1,144.998932,111.117554,0.951538,5.574951,8.905029,63351,48548,3118,4567,7295,,,,0,0,0,0,0
fullband_2001_145mA_v1,1536,1555.720000,1555.72015000,0.150000,2.056000,2.036077572,-0.968990,32.169511,167,1,144.998932,114.115906,4.365845,4.613037,9.052734,63351,49858,14306,3779,7416,,,,0,0,0,0,0
fullband_2001_145mA_v1,1537,1555.740000,1555.74004000,0.040000,2.056000,2.064970810,0.436323,31.717224,145,1,144.998932,115.770721,4.168396,4.595947,9.023438,63351,50581,13659,3765,7392,,,,0,0,0,0,0
fullband_2001_145mA_v1,1538,1555.760000,1555.76055000,0.550000,2.056000,2.064820584,0.429017,33.535995,124,1,144.998932,117.979431,4.119263,4.824219,8.808594,63351,51546,13498,3952,7216,,,,0,0,0,0,0
fullband_2001_145mA_v1,1539,1555.780000,1555.77981000,-0.190000,2.056000,2.055958036,-0.002041,33.032472,143,1,144.998932,116.338348,0.990295,4.577637,8.797607,63351,50829,3245,3750,7207,,,,0,0,0,0,0
fullband_2001_145mA_v1,1540,1555.800000,1555.80010000,0.100000,2.056000,2.050447533,-0.270062,33.578399,156,1,144.998932,118.668365,4.755554,4.719238,7.572021,63351,51847,15583,3866,6203,,,,0,0,0,0,0
fullband_2001_145mA_v1,1541,1555.820000,1555.82074000,0.740000,2.056000,2.061442104,0.264694,33.350312,142,1,144.998932,119.837952,4.602966,4.649658,7.540283,63351,52358,15083,3809,6177,,,,0,0,0,0,0
fullband_2001_145mA_v1,1542,1555.840000,1555.83991000,-0.090000,2.056000,2.040926116,-0.733166,33.240890,144,1,144.998932,117.107391,4.431763,4.594727,7.473145,63351,51165,14522,3764,6122,,,,0,0,0,0,0
fullband_2001_145mA_v1,1543,1555.860000,1555.85984000,-0.160000,2.056000,2.063255612,0.352899,31.951668,113,1,144.998932,117.139435,4.396667,4.332275,7.285156,63351,51179,14407,3549,5968,,,,0,0,0,0,0
fullband_2001_145mA_v1,1544,1555.880000,1555.87943000,-0.570000,2.056000,2.048860676,-0.347243,32.768256,130,1,144.998932,110.652924,0.982361,4.295654,7.380371,63351,48345,3219,3519,6046,,,,0,0,0,0,0
fullband_2001_145mA_v1,1545,1555.900000,1555.90010000,0.100000,2.056000,2.050498888,-0.267564,33.493076,93,1,144.998932,112.438202,3.688049,4.522705,7.481689,63351,49125,12085,3705,6129,,,,0,0,0,0,0
fullband_2001_145mA_v1,1546,1555.920000,1555.91956000,-0.440000,2.056000,2.059952461,0.192240,32.688740,125,1,144.998932,110.234070,3.429871,4.499512,7.500000,63351,48162,11239,3686,6144,,,,0,0,0,0,0
fullband_2001_145mA_v1,1547,1555.940000,1555.93985000,-0.150000,2.056000,2.065134533,0.444287,32.539601,127,1,144.998932,109.357452,3.164368,4.499512,7.500000,63351,47779,10369,3686,6144,,,,0,0,0,0,0
fullband_2001_145mA_v1,1548,1555.960000,1555.95911000,-0.890000,2.056000,2.052877161,-0.151889,32.958916,132,1,144.998932,108.286285,2.904968,4.482422,7.539062,63351,47311,9519,3672,6176,,,,0,0,0,0,0
fullband_2001_145mA_v1,1549,1555.980000,1555.98076000,0.760000,2.056000,2.050939998,-0.246109,33.784432,130,1,144.998932,109.762573,2.897644,4.335938,7.395020,63351,47956,9495,3552,6058,,,,0,0,0,0,0
fullband_2001_145mA_v1,1550,1556.000000,1556.00112000,1.120000,2.056000,2.047875206,-0.395175,32.462567,158,1,144.998932,107.791901,0.420227,4.499512,7.500000,63351,47095,1377,3686,6144,,,,0,0,0,0,0
fullband_2001_145mA_v1,1551,1556.020000,1556.01927000,-0.730000,2.056000,2.063218351,0.351087,33.045404,112,1,144.998932,109.295654,0.416870,4.378662,7.409668,63351,47752,1366,3587,6070,,,,0,0,0,0,0
fullband_2001_145mA_v1,1552,1556.040000,1556.04124000,1.240000,2.056000,2.051361432,-0.225611,31.997394,147,1,144.998932,116.606140,6.628723,4.462891,7.528076,63351,50946,21721,3656,6167,,,,0,0,0,0,0
fullband_2001_145mA_v1,1553,1556.060000,1556.06117000,1.170000,2.056000,2.048877825,-0.346409,32.995742,163,1,144.998932,117.013550,6.127930,4.450684,7.521973,63351,51124,20080,3646,6162,,,,0,0,0,0,0
fullband_2001_145mA_v1,1554,1556.080000,1556.07965000,-0.350000,2.056000,2.065233333,0.449092,32.214595,151,1,144.998932,118.979645,6.000061,4.368896,7.471924,63351,51983,19661,3579,6121,,,,0,0,0,0,0
fullband_2001_145mA_v1,1555,1556.100000,1556.10003000,0.030000,2.056000,2.065407078,0.457543,32.364884,166,1,144.998932,116.805267,1.499939,4.426270,7.465820,63351,51033,4915,3626,6116,,,,0,0,0,0,0
fullband_2001_145mA_v1,1556,1556.120000,1556.12067000,0.670000,2.056000,2.058884130,0.140279,32.302280,161,1,144.998932,111.394501,0.001831,4.399414,7.508545,63351,48669,6,3604,6151,,,,0,0,0,0,0
fullband_2001_145mA_v1,1557,1556.140000,1556.13958000,-0.420000,2.056000,2.051579638,-0.214998,32.531259,154,1,144.998932,111.696625,0.000000,4.262695,7.484131,63351,48801,0,3492,6131,,,,0,0,0,0,0
fullband_2001_145mA_v1,1558,1556.160000,1556.15986000,-0.140000,2.056000,2.057943219,0.094515,32.212740,157,1,144.998932,108.679962,0.000000,4.122314,7.414551,63351,47483,0,3377,6074,,,,0,0,0,0,0
fullband_2001_145mA_v1,1559,1556.180000,1556.18043000,0.430000,2.056000,2.045931283,-0.489724,34.331427,89,1,144.998932,110.483551,1.988220,3.660889,6.274414,63351,48271,6515,2999,5140,,,,0,0,0,0,0
fullband_2001_145mA_v1,1560,1556.200000,1556.20092000,0.920000,2.056000,2.062713771,0.326545,33.397540,113,1,144.998932,109.197235,1.883545,3.565674,6.300049,63351,47709,6172,2921,5161,,,,0,0,0,0,0
fullband_2001_145mA_v1,1561,1556.220000,1556.21955000,-0.450000,2.056000,2.039236294,-0.815355,33.054399,146,1,144.998932,104.885101,1.772461,3.548584,6.250000,63351,45825,5808,2907,5120,,,,0,0,0,0,0
fullband_2001_145mA_v1,1562,1556.240000,1556.24085000,0.850000,2.056000,2.058336209,0.113629,32.520908,155,1,144.998932,106.874084,1.664734,3.514404,6.230469,63351,46694,5455,2879,5104,,,,0,0,0,0,0
fullband_2001_145mA_v1,1563,1556.260000,1556.26114000,1.140000,2.056000,2.052477604,-0.171323,33.336578,154,1,144.998932,106.237793,1.559143,3.496094,6.208496,63351,46416,5109,2864,5086,,,,0,0,0,0,0
fullband_2001_145mA_v1,1564,1556.280000,1556.28141000,1.410000,2.056000,2.055793502,-0.010044,33.234438,169,1,144.998932,107.407379,1.561279,3.203125,6.046143,63351,46927,5116,2624,4953,,,,0,0,0,0,0
fullband_2001_145mA_v1,1565,1556.300000,1556.29962000,-0.380000,2.056000,2.053111313,-0.140500,33.276261,174,1,144.998932,108.160400,1.481323,3.323975,5.775146,63351,47256,4854,2723,4731,,,,0,0,0,0,0
fullband_2001_145mA_v1,1566,1556.320000,1556.32095000,0.950000,2.056000,2.054833673,-0.056728,33.299725,132,1,144.998932,109.471893,1.272583,3.343506,6.329346,63351,47829,4170,2739,5185,,,,0,0,0,0,0
fullband_2001_145mA_v1,1567,1556.340000,1556.33967000,-0.330000,2.056000,2.053847946,-0.104672,31.970752,159,1,144.998932,114.472961,4.795227,3.468018,6.062012,63351,50014,15713,2841,4966,,,,0,0,0,0,0
fullband_2001_145mA_v1,1568,1556.360000,1556.35968000,-0.320000,2.056000,2.072611574,0.807956,31.232071,169,1,144.998932,116.542053,4.564514,3.538818,5.633545,63351,50918,14957,2899,4615,,,,0,0,0,0,0
fullband_2001_145mA_v1,1569,1556.380000,1556.38034000,0.340000,2.056000,2.054729050,-0.061817,31.781544,170,1,144.998932,117.652130,4.295959,3.497314,5.889893,63351,51403,14077,2865,4825,,,,0,0,0,0,0
fullband_2001_145mA_v1,1570,1556.400000,1556.39976000,-0.240000,2.056000,2.070611363,0.710669,33.135418,131,1,144.998932,118.414307,4.432068,3.197021,5.930176,63351,51736,14523,2619,4858,,,,0,0,0,0,0
fullband_2001_145mA_v1,1571,1556.420000,1556.41947000,-0.530000,2.056000,2.058066223,0.100497,33.282325,134,1,144.998932,117.826080,4.500122,2.944336,5.675049,63351,51479,14746,2412,4649,,,,0,0,0,0,0
fullband_2001_145mA_v1,1572,1556.440000,1556.44082000,0.820000,2.056000,2.055241421,-0.036896,32.656365,141,1,144.998932,113.085938,1.000061,2.968750,5.759277,63351,49408,3277,2432,4718,,,,0,0,0,0,0
fullband_2001_145mA_v1,1573,1556.460000,1556.46020000,0.200000,2.056000,2.044972899,-0.536338,32.694257,139,1,144.998932,114.676666,3.999939,2.994385,5.668945,63351,50103,13107,2453,4644,,,,0,0,0,0,0
fullband_2001_145mA_v1,1574,1556.480000,1556.47997000,-0.030000,2.056000,2.047638978,-0.406664,33.902107,141,1,144.998932,113.079071,8.999939,3.166504,6.281738,63351,49405,29491,2594,5146,,,,0,0,0,0,0
fullband_2001_145mA_v1,1575,1556.500000,1556.50076000,0.760000,2.056000,2.071489580,0.753384,33.965321,132,1,144.998932,110.366821,3.500061,2.884521,5.739746,63351,48220,11469,2363,4702,,,,0,0,0,0,0
fullband_2001_145mA_v1,1576,1556.520000,1556.51988000,-0.120000,2.056000,2.066011730,0.486952,32.370608,162,1,144.998932,110.769653,9.037170,3.020020,5.954590,63351,48396,29613,2474,4878,,,,0,0,0,0,0
fullband_2001_145mA_v1,1577,1556.540000,1556.54130000,1.300000,2.056000,2.061856717,0.284860,33.079856,145,1,144.998932,108.155823,8.999939,2.907715,5.805664,63351,47254,29491,2382,4756,,,,0,0,0,0,0
fullband_2001_145mA_v1,1578,1556.560000,1556.56058000,0.580000,2.056000,2.058985750,0.145221,31.907487,156,1,144.998932,105.315399,2.414246,2.995605,5.996094,63351,46013,7911,2454,4912,,,,0,0,0,0,0
fullband_2001_145mA_v1,1579,1556.580000,1556.58002000,0.020000,2.056000,2.049501191,-0.316090,31.834985,143,1,144.998932,104.566956,2.189026,2.994385,5.994873,63351,45686,7173,2453,4911,,,,0,0,0,0,0
fullband_2001_145mA_v1,1580,1556.600000,1556.60053000,0.530000,2.056000,2.058109077,0.102582,31.614889,174,1,144.998932,105.519104,1.965637,2.995605,5.997314,63351,46102,6441,2454,4913,,,,0,0,0,0,0
fullband_2001_145mA_v1,1581,1556.620000,1556.62147000,1.470000,2.056000,2.053188585,-0.136742,31.843302,170,1,144.998932,107.782745,1.771545,2.985840,5.991211,63351,47091,5805,2446,4908,,,,0,0,0,0,0
fullband_2001_145mA_v1,1582,1556.640000,1556.64009000,0.090000,2.056000,2.047032010,-0.436186,31.229428,169,1,144.998932,108.197021,1.563110,2.974854,6.032715,63351,47272,5122,2437,4942,,,,0,0,0,0,0
fullband_2001_145mA_v1,1583,1556.660000,1556.66155000,1.550000,2.056000,2.057739176,0.084590,32.731857,159,1,144.998932,110.749054,1.978760,2.655029,5.699463,63351,48387,6484,2175,4669,,,,0,0,0,0,0
fullband_2001_145mA_v1,1584,1556.680000,1556.68002000,0.020000,2.056000,2.051391355,-0.224156,33.123581,151,1,144.998932,112.545776,1.896362,2.574463,5.671387,63351,49172,6214,2109,4646,,,,0,0,0,0,0
fullband_2001_145mA_v1,1585,1556.700000,1556.69981000,-0.190000,2.056000,2.061521740,0.268567,32.742551,159,1,144.998932,111.369324,1.746521,2.518311,5.681152,63351,48658,5723,2063,4654,,,,0,0,0,0,0
fullband_2001_145mA_v1,1586,1556.720000,1556.71908000,-0.920000,2.056000,2.052039617,-0.192626,33.480653,156,1,144.998932,112.266541,1.728516,2.502441,5.533447,63351,49050,5664,2050,4533,,,,0,0,0,0,0
fullband_2001_145mA_v1,1587,1556.740000,1556.74036000,0.360000,2.056000,2.063351585,0.357567,33.220911,165,1,144.998932,111.044312,1.978455,2.562256,4.659424,63351,48516,6483,2099,3817,,,,0,0,0,0,0
fullband_2001_145mA_v1,1588,1556.760000,1556.76067000,0.670000,2.056000,2.062321702,0.307476,31.984327,163,1,144.998932,107.379913,1.186829,2.545166,5.792236,63351,46915,3889,2085,4745,,,,0,0,0,0,0
fullband_2001_145mA_v1,1589,1556.780000,1556.78052000,0.520000,2.056000,2.061051226,0.245682,31.076327,176,1,144.998932,112.355804,5.048218,2.778320,5.092773,63351,49089,16542,2276,4172,,,,0,0,0,0,0
fullband_2001_145mA_v1,1590,1556.800000,1556.80065000,0.650000,2.056000,2.055010220,-0.048141,30.458649,174,1,144.998932,111.394501,5.001831,2.817383,4.572754,63351,48669,16390,2308,3746,,,,0,0,0,0,0
fullband_2001_145mA_v1,1591,1556.820000,1556.81989000,-0.110000,2.056000,2.049104476,-0.335385,30.769490,175,1,144.998932,107.128143,5.000000,2.725830,4.495850,63351,46805,16384,2233,3683,,,,0,0,0,0,0
fullband_2001_145mA_v1,1592,1556.840000,1556.83999000,-0.010000,2.056000,2.067968266,0.582114,32.301700,171,1,144.998932,102.660370,1.000061,2.467041,5.438232,63351,44853,3277,2021,4455,,,,0,0,0,0,0
fullband_2001_145mA_v1,1593,1556.860000,1556.86024000,0.240000,2.056000,2.059610129,0.175590,32.441654,162,1,144.998932,100.804138,0.000000,2.276611,4.812012,63351,44042,0,1865,3942,,,,0,0,0,0,0
fullband_2001_145mA_v1,1594,1556.880000,1556.87999000,-0.010000,2.056000,2.069621389,0.662519,32.302686,169,1,144.998932,101.827240,0.000000,2.181396,4.674072,63351,44489,0,1787,3829,,,,0,0,0,0,0
fullband_2001_145mA_v1,1595,1556.900000,1556.89977000,-0.230000,2.056000,2.052155047,-0.187011,31.992673,163,1,144.998932,108.970642,5.050049,2.236328,4.564209,63351,47610,16548,1832,3739,,,,0,0,0,0,0
fullband_2001_145mA_v1,1596,1556.920000,1556.92051000,0.510000,2.056000,2.049251945,-0.328213,32.796397,164,1,144.998932,108.851624,5.050049,2.077637,4.471436,63351,47558,16548,1702,3663,,,,0,0,0,0,0
fullband_2001_145mA_v1,1597,1556.940000,1556.93975000,-0.250000,2.056000,2.058195290,0.106775,31.605286,160,1,144.998932,110.794830,4.130249,2.232666,4.810791,63351,48407,13534,1829,3941,,,,0,0,0,0,0
fullband_2001_145mA_v1,1598,1556.960000,1556.95956000,-0.440000,2.056000,2.054424242,-0.076642,31.605781,164,1,144.998932,112.879944,3.999939,2.191162,4.754639,63351,49318,13107,1795,3895,,,,0,0,0,0,0
fullband_2001_145mA_v1,1599,1556.980000,1556.98091000,0.910000,2.056000,2.054858135,-0.055538,31.300513,166,1,144.998932,114.727020,3.999939,2.203369,4.517822,63351,50125,13107,1805,3701,,,,0,0,0,0,0
fullband_2001_145mA_v1,1600,1557.000000,1556.99922000,-0.780000,2.056000,2.060216134,0.205065,31.897462,154,1,144.998932,116.791534,3.999939,2.097168,4.464111,63351,51027,13107,1718,3657,,,,0,0,0,0,0
fullband_2001_145mA_v1,1601,1557.020000,1557.01952000,-0.480000,2.056000,2.052061002,-0.191586,31.620712,164,1,144.998932,116.079712,9.999695,2.167969,4.656982,63351,50716,32767,1776,3815,,,,0,0,0,0,0
fullband_2001_145mA_v1,1602,1557.040000,1557.03962000,-0.380000,2.056000,2.049429957,-0.319555,32.083763,175,1,144.998932,115.326691,9.999695,2.069092,4.575195,63351,50387,32767,1695,3748,,,,0,0,0,0,0
fullband_2001_145mA_v1,1603,1557.060000,1557.05982000,-0.180000,2.056000,2.051926130,-0.198145,31.524729,169,1,144.998932,109.831238,0.753174,2.026367,4.095459,63351,47986,2468,1660,3355,,,,0,0,0,0,0
fullband_2001_145mA_v1,1604,1557.080000,1557.07992000,-0.080000,2.056000,2.042854977,-0.639349,31.684339,174,1,144.998932,106.262970,0.667114,2.011719,4.104004,63351,46427,2186,1648,3362,,,,0,0,0,0,0
fullband_2001_145mA_v1,1605,1557.100000,1557.10005000,0.050000,2.056000,2.047857905,-0.396016,32.198941,159,1,144.998932,104.704285,0.590820,1.950684,4.196777,63351,45746,1936,1598,3438,,,,0,0,0,0,0
fullband_2001_145mA_v1,1606,1557.120000,1557.12059000,0.590000,2.056000,2.052060383,-0.191616,32.680665,158,1,144.998932,103.067780,0.593567,1.884766,4.007568,63351,45031,1945,1544,3283,,,,0,0,0,0,0
fullband_2001_145mA_v1,1607,1557.140000,1557.13928000,-0.720000,2.056000,2.054220486,-0.086552,32.572374,162,1,144.998932,100.552368,0.499878,1.589355,4.333496,63351,43932,1638,1302,3550,,,,0,0,0,0,0
fullband_2001_145mA_v1,1608,1557.160000,1557.15962000,-0.380000,2.056000,2.058982811,0.145078,33.720869,160,1,144.998932,102.628326,2.469482,1.636963,4.366455,63351,44839,8092,1341,3577,,,,0,0,0,0,0
fullband_2001_145mA_v1,1609,1557.180000,1557.18172000,1.720000,2.056000,2.058046234,0.099525,30.868817,161,1,144.998932,104.228210,2.264099,2.015381,3.809814,63351,45538,7419,1651,3121,,,,0,0,0,0,0
fullband_2001_145mA_v1,1610,1557.200000,1557.20157000,1.570000,2.056000,2.054769781,-0.059836,31.622934,176,1,144.998932,105.109406,2.289429,1.915283,3.781738,63351,45923,7502,1569,3098,,,,0,0,0,0,0
fullband_2001_145mA_v1,1611,1557.220000,1557.22119000,1.190000,2.056000,2.050173299,-0.283400,32.373907,170,1,144.998932,105.917358,2.076416,1.921387,3.781738,63351,46276,6804,1574,3098,,,,0,0,0,0,0
fullband_2001_145mA_v1,1612,1557.240000,1557.23974000,-0.260000,2.056000,2.066579795,0.514581,29.886676,179,1,144.998932,110.220337,6.119995,1.984863,3.896484,63351,48156,20054,1626,3192,,,,0,0,0,0,0
fullband_2001_145mA_v1,1613,1557.260000,1557.25928000,-0.720000,2.056000,2.057670328,0.081242,30.109466,168,1,144.998932,111.923218,5.307922,1.997070,4.014893,63351,48900,17393,1636,3289,,,,0,0,0,0,0
fullband_2001_145mA_v1,1614,1557.280000,1557.28082000,0.820000,2.056000,2.054695941,-0.063427,30.444247,171,1,144.998932,114.969635,5.124207,1.999512,3.846436,63351,50231,16791,1638,3151,,,,0,0,0,0,0
fullband_2001_145mA_v1,1615,1557.300000,1557.30123000,1.230000,2.056000,2.052219600,-0.183872,29.767346,160,1,144.998932,114.257812,5.117188,1.937256,3.786621,63351,49920,16768,1587,3102,,,,0,0,0,0,0
fullband_2001_145mA_v1,1616,1557.320000,1557.32096000,0.960000,2.056000,2.063819417,0.380322,32.384443,154,1,144.998932,111.941528,1.994629,1.457520,3.527832,63351,48908,6536,1194,2890,,,,0,0,0,0,0
fullband_2001_145mA_v1,1617,1557.340000,1557.34021000,0.210000,2.056000,2.056485487,0.023613,31.107315,165,1,144.998932,113.012695,6.000671,1.641846,3.568115,63351,49376,19663,1345,2923,,,,0,0,0,0,0
fullband_2001_145mA_v1,1618,1557.360000,1557.36001000,0.010000,2.056000,2.053245766,-0.133961,28.607456,173,1,144.998932,111.703491,6.000671,1.544189,3.529053,63351,48804,19663,1265,2891,,,,0,0,0,0,0
fullband_2001_145mA_v1,1619,1557.380000,1557.37990000,-0.100000,2.056000,2.062542812,0.318230,30.986024,165,1,144.998932,111.248016,5.993958,1.437988,3.493652,63351,48605,19641,1178,2862,,,,0,0,0,0,0
fullband_2001_145mA_v1,1620,1557.400000,1557.40035000,0.350000,2.056000,2.059002529,0.146037,31.246345,159,1,144.998932,107.260895,5.993652,1.315918,3.397217,63351,46863,19640,1078,2783,,,,0,0,0,0,0
fullband_2001_145mA_v1,1621,1557.420000,1557.42101000,1.010000,2.056000,2.059801267,0.184887,30.431321,179,1,144.998932,99.183655,0.013428,1.466064,3.178711,63351,43334,44,1201,2604,,,,0,0,0,0,0
fullband_2001_145mA_v1,1622,1557.440000,1557.43994000,-0.060000,2.056000,2.050525328,-0.266278,29.824785,167,1,144.998932,101.891327,1.029358,1.566162,3.527832,63351,44517,3373,1283,2890,,,,0,0,0,0,0
fullband_2001_145mA_v1,1623,1557.460000,1557.45989000,-0.110000,2.056000,2.054866084,-0.055152,30.228412,166,1,144.998932,100.025940,1.101990,1.534424,3.000488,63351,43702,3611,1257,2458,,,,0,0,0,0,0
fullband_2001_145mA_v1,1624,1557.480000,1557.48131000,1.310000,2.056000,2.060049291,0.196950,29.478900,174,1,144.998932,102.074432,0.991821,1.534424,3.011475,63351,44597,3250,1257,2467,,,,0,0,0,0,0
fullband_2001_145mA_v1,1625,1557.500000,1557.50032000,0.320000,2.056000,2.049640326,-0.309323,28.475436,173,1,144.998932,101.550293,1.008911,1.456299,2.998047,63351,44368,3306,1193,2456,,,,0,0,0,0,0
fullband_2001_145mA_v1,1626,1557.520000,1557.51918000,-0.820000,2.056000,2.046145633,-0.479298,30.805081,173,1,144.998932,102.456665,0.903931,1.437988,3.142090,63351,44764,2962,1178,2574,,,,0,0,0,0,0
fullband_2001_145mA_v1,1627,1557.540000,1557.54018000,0.180000,2.056000,2.060239664,0.206209,33.607344,156,1,144.998932,124.312592,7.455750,29.948730,2.867432,63351,54313,24431,24534,2349,,,,0,0,0,0,0
fullband_2001_145mA_v1,1628,1557.560000,1557.56104000,1.040000,2.056000,2.049648018,-0.308949,31.194374,173,1,144.998932,108.970642,2.995300,1.434326,3.474121,63351,47610,9815,1175,2846,,,,0,0,0,0,0
fullband_2001_145mA_v1,1629,1557.580000,1557.57984000,-0.160000,2.056000,2.075112741,0.929608,30.475593,184,1,144.998932,111.282349,0.590210,1.445312,3.092041,63351,48620,1934,1184,2533,,,,0,0,0,0,0
fullband_2001_145mA_v1,1630,1557.600000,1557.60028000,0.280000,2.056000,2.057512546,0.073567,29.444017,172,1,144.998932,118.457794,9.013062,1.500244,3.050537,63351,51755,29534,1229,2499,,,,0,0,0,0,0
fullband_2001_145mA_v1,1631,1557.620000,1557.62002000,0.020000,2.056000,2.048901715,-0.345247,30.631132,178,1,144.998932,115.756989,8.759460,1.436768,3.088379,63351,50575,28703,1177,2530,,,,0,0,0,0,0
fullband_2001_145mA_v1,1632,1557.640000,1557.64061000,0.610000,2.056000,2.059922892,0.190802,33.973685,148,1,144.998932,123.500061,1.534119,29.989014,3.007812,63351,53958,5027,24567,2464,,,,0,0,0,0,0
fullband_2001_145mA_v1,1633,1557.660000,1557.65910000,-0.900000,2.056000,2.038582891,-0.847136,33.843273,153,1,144.998932,119.341278,1.388550,29.949951,3.023682,63351,52141,4550,24535,2477,,,,0,0,0,0,0
fullband_2001_145mA_v1,1634,1557.680000,1557.68000000,0.000000,2.056000,2.052882946,-0.151608,33.239178,139,1,144.998932,117.450714,1.347046,29.925537,2.878418,63351,51315,4414,24515,2358,,,,0,0,0,0,0
fullband_2001_145mA_v1,1635,1557.700000,1557.70067000,0.670000,2.056000,2.051129883,-0.236873,32.533183,170,1,144.998932,120.174408,5.008545,28.596191,2.907715,63351,52505,16412,23426,2382,,,,0,0,0,0,0
fullband_2001_145mA_v1,1636,1557.720000,1557.72046000,0.460000,2.056000,2.057120722,0.054510,32.130919,171,1,144.998932,112.413025,0.984497,29.948730,3.018799,63351,49114,3226,24534,2473,,,,0,0,0,0,0
fullband_2001_145mA_v1,1637,1557.740000,1557.74039000,0.390000,2.056000,2.070114474,0.686502,32.397117,170,1,144.998932,111.767578,0.881042,29.957275,3.016357,63351,48832,2887,24541,2471,,,,0,0,0,0,0
fullband_2001_145mA_v1,1638,1557.760000,1557.76058000,0.580000,2.056000,2.075236183,0.935612,31.985138,165,1,144.998932,112.486267,0.872192,29.970703,2.875977,63351,49146,2858,24552,2356,,,,0,0,0,0,0
fullband_2001_145mA_v1,1639,1557.780000,1557.78089000,0.890000,2.056000,2.049094733,-0.335859,30.759658,161,1,144.998932,102.701569,7.535400,0.000000,3.000488,63351,44871,24692,0,2458,,,,0,0,0,0,0
fullband_2001_145mA_v1,1640,1557.800000,1557.80016000,0.160000,2.056000,2.058329143,0.113285,31.584841,164,1,144.998932,104.303741,7.157593,0.000000,3.010254,63351,45571,23454,0,2466,,,,0,0,0,0,0
fullband_2001_145mA_v1,1641,1557.820000,1557.81922000,-0.780000,2.056000,2.061701890,0.277329,30.947982,181,1,144.998932,104.896545,6.771851,0.050049,3.018799,63351,45830,22190,41,2473,,,,0,0,0,0,0
fullband_2001_145mA_v1,1642,1557.840000,1557.83993000,-0.070000,2.056000,2.056466963,0.022712,31.499541,155,1,144.998932,104.640198,6.403809,0.050049,3.012695,63351,45718,20984,41,2468,,,,0,0,0,0,0
fullband_2001_145mA_v1,1643,1557.860000,1557.85943000,-0.570000,2.056000,2.073351394,0.843939,31.254467,178,1,144.998932,107.638550,6.038208,0.050049,3.017578,63351,47028,19786,41,2472,,,,0,0,0,0,0
fullband_2001_145mA_v1,1644,1557.880000,1557.87977000,-0.230000,2.056000,2.056204821,0.009962,30.783877,174,1,144.998932,106.823730,5.631104,0.270996,3.007812,63351,46672,18452,222,2464,,,,0,0,0,0,0
fullband_2001_145mA_v1,1645,1557.900000,1557.90069000,0.690000,2.056000,2.055918933,-0.003943,31.476455,174,1,144.998932,108.899689,5.308533,0.397949,2.982178,63351,47579,17395,326,2443,,,,0,0,0,0,0
fullband_2001_145mA_v1,1646,1557.920000,1557.91950000,-0.500000,2.056000,2.051508605,-0.218453,30.661216,166,1,144.998932,108.110046,4.981384,0.000000,3.000488,63351,47234,16323,0,2458,,,,0,0,0,0,0
fullband_2001_145mA_v1,1647,1557.940000,1557.93979000,-0.210000,2.056000,2.064529135,0.414841,30.723891,173,1,144.998932,123.005676,7.428589,25.550537,3.000488,63351,53742,24342,20931,2458,,,,0,0,0,0,0
fullband_2001_145mA_v1,1648,1557.960000,1557.95983000,-0.170000,2.056000,2.060970118,0.241737,30.867014,167,1,144.998932,118.949890,5.475769,27.303467,3.073730,63351,51970,17943,22367,2518,,,,0,0,0,0,0
fullband_2001_145mA_v1,1649,1557.980000,1557.98086000,0.860000,2.056000,2.068667917,0.616144,30.894977,171,1,144.998932,120.243073,5.635071,27.145996,2.966309,63351,52535,18465,22238,2430,,,,0,0,0,0,0
fullband_2001_145mA_v1,1650,1558.000000,1557.99954000,-0.460000,2.056000,2.056645895,0.031415,30.710338,176,1,144.998932,116.560364,5.499878,27.037354,2.897949,63351,50926,18022,22149,2374,,,,0,0,0,0,0
fullband_2001_145mA_v1,1651,1558.020000,1558.02026000,0.260000,2.056000,2.041658716,-0.697533,33.779690,164,1,144.998932,116.542053,2.849426,25.598145,2.236328,63351,50918,9337,20970,1832,,,,0,0,0,0,0
fullband_2001_145mA_v1,1652,1558.040000,1558.03999000,-0.010000,2.056000,2.063160788,0.348287,33.020265,147,1,144.998932,115.203094,1.998901,27.229004,2.420654,63351,50333,6550,22306,1983,,,,0,0,0,0,0
fullband_2001_145mA_v1,1653,1558.060000,1558.06028000,0.280000,2.056000,2.064393823,0.408260,32.924101,127,1,144.998932,114.754486,1.998901,27.183838,2.230225,63351,50137,6550,22269,1827,,,,0,0,0,0,0
fullband_2001_145mA_v1,1654,1558.080000,1558.08140000,1.400000,2.056000,2.052255050,-0.182147,32.787106,45,1,144.998932,116.013336,7.999878,24.759521,1.998291,63351,50687,26214,20283,1637,,,,0,0,0,0,0
fullband_2001_145mA_v1,1655,1558.100000,1558.09993000,-0.070000,2.056000,2.051295031,-0.228841,33.301549,160,1,144.998932,116.587830,5.000000,27.027588,2.436523,63351,50938,16384,22141,1996,,,,0,0,0,0,0
fullband_2001_145mA_v1,1656,1558.120000,1558.12150000,1.500000,2.056000,2.064799351,0.427984,32.750257,158,1,144.998932,111.630249,0.007019,26.982422,2.408447,63351,48772,23,22104,1973,,,,0,0,0,0,0
fullband_2001_145mA_v1,1657,1558.140000,1558.14128000,1.280000,2.056000,2.062750390,0.328326,32.621782,152,1,144.998932,115.166473,0.007019,27.098389,2.241211,63351,50317,23,22199,1836,,,,0,0,0,0,0
fullband_2001_145mA_v1,1658,1558.160000,1558.15999000,-0.010000,2.056000,2.059559348,0.173120,32.290831,150,1,144.998932,109.787750,8.364868,0.471191,2.277832,63351,47967,27410,386,1866,,,,0,0,0,0,0
fullband_2001_145mA_v1,1659,1558.180000,1558.18031000,0.310000,2.056000,2.049088326,-0.336171,33.394575,162,1,144.998932,112.362671,8.250732,0.405273,2.181396,63351,49092,27036,332,1787,,,,0,0,0,0,0
fullband_2001_145mA_v1,1660,1558.200000,1558.20147000,1.470000,2.056000,2.064901863,0.432970,33.773041,106,1,144.998932,115.450287,8.250732,0.311279,2.039795,63351,50441,27036,255,1671,,,,0,0,0,0,0
fullband_2001_145mA_v1,1661,1558.220000,1558.22059000,0.590000,2.056000,2.053895602,-0.102354,33.839174,87,1,144.998932,123.628235,5.000000,25.146484,1.987305,63351,54014,16384,20600,1628,,,,0,0,0,0,0
fullband_2001_145mA_v1,1662,1558.240000,1558.24019000,0.190000,2.056000,2.054543728,-0.070830,31.371045,173,1,144.998932,122.321320,4.402466,24.890137,2.187500,63351,53443,14426,20390,1792,,,,0,0,0,0,0
fullband_2001_145mA_v1,1663,1558.260000,1558.26014000,0.140000,2.056000,2.053952402,-0.099591,30.987492,166,1,144.998932,120.865631,3.999939,24.747314,2.227783,63351,52807,13107,20273,1825,,,,0,0,0,0,0
fullband_2001_145mA_v1,1664,1558.280000,1558.28035000,0.350000,2.056000,2.064591124,0.417856,33.433702,104,1,144.998932,116.807556,1.000061,25.040283,1.950684,63351,51034,3277,20513,1598,,,,0,0,0,0,0
fullband_2001_145mA_v1,1665,1558.300000,1558.30032000,0.320000,2.056000,2.063690491,0.374051,30.664659,164,1,144.998932,118.125916,3.500061,24.543457,2.211914,63351,51610,11469,20106,1812,,,,0,0,0,0,0
fullband_2001_145mA_v1,1666,1558.320000,1558.31962000,-0.380000,2.056000,2.043418392,-0.611946,30.271936,180,1,144.998932,116.585541,3.500061,24.577637,2.114258,63351,50937,11469,20134,1732,,,,0,0,0,0,0
fullband_2001_145mA_v1,1667,1558.340000,1558.34136000,1.360000,2.056000,2.070223347,0.691797,27.670516,139,1,144.998932,115.024567,0.750122,24.847412,1.882324,63351,50255,2458,20355,1542,,,,0,0,0,0,0
fullband_2001_145mA_v1,1668,1558.360000,1558.35967000,-0.330000,2.056000,2.051432049,-0.222177,31.040257,179,1,144.998932,109.842682,0.562134,24.681396,2.083740,63351,47991,1842,20219,1707,,,,0,0,0,0,0
fullband_2001_145mA_v1,1669,1558.380000,1558.38085000,0.850000,2.056000,2.059463532,0.168460,31.518385,159,1,144.998932,111.122131,0.549927,24.600830,2.005615,63351,48550,1802,20153,1643,,,,0,0,0,0,0
fullband_2001_145mA_v1,1670,1558.400000,1558.40047000,0.470000,2.056000,2.059833453,0.186452,32.752920,167,1,144.998932,111.822510,0.540161,24.484863,1.934814,63351,48856,1770,20058,1585,,,,0,0,0,0,0
fullband_2001_145mA_v1,1671,1558.420000,1558.42006000,0.060000,2.056000,2.036417062,-0.952478,29.709404,159,1,144.998932,115.171051,9.560852,21.303711,2.167969,63351,50319,31329,17452,1776,,,,0,0,0,0,0
fullband_2001_145mA_v1,1672,1558.440000,1558.43985000,-0.150000,2.056000,2.053009486,-0.145453,29.196856,177,1,144.998932,116.404724,9.559631,21.351318,2.099609,63351,50858,31325,17491,1720,,,,0,0,0,0,0
fullband_2001_145mA_v1,1673,1558.460000,1558.46029000,0.290000,2.056000,2.050870173,-0.249505,30.660388,175,1,144.998932,119.512939,9.559326,21.247559,2.033691,63351,52216,31324,17406,1666,,,,0,0,0,0,0
fullband_2001_145mA_v1,1674,1558.480000,1558.48136000,1.360000,2.056000,2.059751245,0.182454,31.092795,165,1,144.998932,122.765350,9.558411,21.342773,1.948242,63351,53637,31321,17484,1596,,,,0,0,0,0,0
fullband_2001_145mA_v1,1675,1558.500000,1558.50128000,1.280000,2.056000,2.051860032,-0.201360,29.929502,165,1,144.998932,122.969055,9.557800,21.236572,1.866455,63351,53726,31319,17397,1529,,,,0,0,0,0,0
fullband_2001_145mA_v1,1676,1558.520000,1558.51975000,-0.250000,2.056000,2.037257738,-0.911589,33.014027,84,1,144.998932,119.187927,3.414612,21.220703,1.486816,63351,52074,11189,17384,1218,,,,0,0,0,0,0
fullband_2001_145mA_v1,1677,1558.540000,1558.54037000,0.370000,2.056000,2.063755506,0.377213,34.449413,49,1,144.998932,119.966125,3.255310,21.149902,1.500244,63351,52414,10667,17326,1229,,,,0,0,0,0,0
fullband_2001_145mA_v1,1678,1558.560000,1558.56037000,0.370000,2.056000,2.038768439,-0.838111,33.067570,44,1,144.998932,119.304657,3.069763,21.092529,1.425781,63351,52125,10059,17279,1168,,,,0,0,0,0,0
fullband_2001_145mA_v1,1679,1558.580000,1558.58179000,1.790000,2.056000,2.071703115,0.763770,28.116263,84,1,144.998932,120.774078,2.857361,21.038818,1.467285,63351,52767,9363,17235,1202,,,,0,0,0,0,0
fullband_2001_145mA_v1,1680,1558.600000,1558.59994000,-0.060000,2.056000,2.072012562,0.778821,33.521659,120,1,144.998932,116.990662,2.630920,21.135254,1.458740,63351,51114,8621,17314,1195,,,,0,0,0,0,0
fullband_2001_145mA_v1,1681,1558.620000,1558.62075000,0.750000,2.056000,2.069351318,0.649383,34.121720,99,1,144.998932,110.263824,0.410156,21.010742,1.351318,63351,48175,1344,17212,1107,,,,0,0,0,0,0
fullband_2001_145mA_v1,1682,1558.640000,1558.64003000,0.030000,2.056000,2.057285135,0.062507,33.323829,151,1,144.998932,111.346436,2.175598,21.093750,1.479492,63351,48648,7129,17280,1212,,,,0,0,0,0,0
fullband_2001_145mA_v1,1683,1558.660000,1558.66119000,1.190000,2.056000,2.064577890,0.417213,32.401893,158,1,144.998932,110.121918,1.957703,20.999756,1.500244,63351,48113,6415,17203,1229,,,,0,0,0,0,0
fullband_2001_145mA_v1,1684,1558.680000,1558.67998000,-0.020000,2.056000,2.050724859,-0.256573,32.711710,104,1,144.998932,109.654999,1.916504,20.991211,1.325684,63351,47909,6280,17196,1086,,,,0,0,0,0,0
fullband_2001_145mA_v1,1685,1558.700000,1558.70154000,1.540000,2.056000,2.064138308,0.395832,31.288030,156,1,144.998932,108.956909,1.990662,19.548340,1.489258,63351,47604,6523,16014,1220,,,,0,0,0,0,0
fullband_2001_145mA_v1,1686,1558.720000,1558.72125000,1.250000,2.056000,2.054121357,-0.091374,31.854851,182,1,144.998932,108.290863,1.817932,19.548340,1.489258,63351,47313,5957,16014,1220,,,,0,0,0,0,0
fullband_2001_145mA_v1,1687,1558.740000,1558.73923000,-0.770000,2.056000,2.044056641,-0.580903,32.048857,163,1,144.998932,109.915924,1.810913,19.534912,1.384277,63351,48023,5934,16003,1134,,,,0,0,0,0,0
fullband_2001_145mA_v1,1688,1558.760000,1558.76074000,0.740000,2.056000,2.062859902,0.333653,26.721062,44,1,144.998932,109.082794,1.752930,19.488525,1.204834,63351,47659,5744,15965,987,,,,0,0,0,0,0
fullband_2001_145mA_v1,1689,1558.780000,1558.78020000,0.200000,2.056000,2.069419176,0.652684,32.703542,169,1,144.998932,115.013123,1.499939,19.630127,1.368408,63351,50250,4915,16081,1121,,,,0,0,0,0,0
fullband_2001_145mA_v1,1690,1558.800000,1558.79997000,-0.030000,2.056000,2.050656406,-0.259902,31.763543,172,1,144.998932,120.270538,5.000000,19.541016,1.445312,63351,52547,16384,16008,1184,,,,0,0,0,0,0
fullband_2001_145mA_v1,1691,1558.820000,1558.82115000,1.150000,2.056000,2.060107342,0.199773,29.875573,172,1,144.998932,113.014984,0.000000,18.004150,1.447754,63351,49377,0,14749,1186,,,,0,0,0,0,0
fullband_2001_145mA_v1,1692,1558.840000,1558.83921000,-0.790000,2.056000,2.038139867,-0.868684,30.380661,172,1,144.998932,112.248230,0.000000,18.004150,1.375732,63351,49042,0,14749,1127,,,,0,0,0,0,0
fullband_2001_145mA_v1,1693,1558.860000,1558.86007000,0.070000,2.056000,2.059291368,0.160086,30.321796,175,1,144.998932,119.336700,3.999939,19.492188,1.445312,63351,52139,13107,15968,1184,,,,0,0,0,0,0
fullband_2001_145mA_v1,1694,1558.880000,1558.88052000,0.520000,2.056000,2.058838960,0.138082,29.377858,176,1,144.998932,114.720154,3.999939,18.054199,1.523438,63351,50122,13107,14790,1248,,,,0,0,0,0,0
fullband_2001_145mA_v1,1695,1558.900000,1558.90026000,0.260000,2.056000,2.063816171,0.380164,30.232715,169,1,144.998932,113.042450,3.999939,17.999268,1.467285,63351,49389,13107,14745,1202,,,,0,0,0,0,0
fullband_2001_145mA_v1,1696,1558.920000,1558.92021000,0.210000,2.056000,2.047879686,-0.394957,29.818657,177,1,144.998932,113.463593,3.999939,18.043213,1.397705,63351,49573,13107,14781,1145,,,,0,0,0,0,0
fullband_2001_145mA_v1,1697,1558.940000,1558.94068000,0.680000,2.056000,2.052311558,-0.179399,29.309774,172,1,144.998932,107.910919,3.146057,18.100586,1.492920,63351,47147,10309,14828,1223,,,,0,0,0,0,0
fullband_2001_145mA_v1,1698,1558.960000,1558.96075000,0.750000,2.056000,2.057684949,0.081953,28.856275,175,1,144.998932,106.189728,2.858276,18.050537,1.491699,63351,46395,9366,14787,1222,,,,0,0,0,0,0
fullband_2001_145mA_v1,1699,1558.980000,1558.98023000,0.230000,2.056000,2.051460182,-0.220808,29.775194,183,1,144.998932,104.248810,2.572632,18.000488,1.494141,63351,45547,8430,14746,1224,,,,0,0,0,0,0
fullband_2001_145mA_v1,1700,1559.000000,1559.00031000,0.310000,2.056000,2.061303036,0.257930,28.702062,168,1,144.998932,104.548645,2.292175,18.000488,1.494141,63351,45678,7511,14746,1224,,,,0,0,0,0,0
fullband_2001_145mA_v1,1701,1559.020000,1559.02019000,0.190000,2.056000,2.040511407,-0.753336,29.760980,163,1,144.998932,107.622528,2.312012,18.193359,1.418457,63351,47021,7576,14904,1162,,,,0,0,0,0,0
fullband_2001_145mA_v1,1702,1559.040000,1559.04133000,1.330000,2.056000,2.051852440,-0.201730,29.999459,177,1,144.998932,109.366608,2.312012,18.088379,1.364746,63351,47783,7576,14818,1118,,,,0,0,0,0,0
fullband_2001_145mA_v1,1703,1559.060000,1559.05993000,-0.070000,2.056000,2.047855807,-0.396118,33.262265,125,1,144.998932,134.067535,1.000061,17.987061,26.968994,63351,58575,3277,14735,22093,,,,0,0,0,0,0
fullband_2001_145mA_v1,1704,1559.080000,1559.07994000,-0.060000,2.056000,2.058513901,0.122271,33.076460,123,1,144.998932,138.423157,3.500061,16.566162,29.919434,63351,60478,11469,13571,24510,,,,0,0,0,0,0
fullband_2001_145mA_v1,1705,1559.100000,1559.10022000,0.220000,2.056000,2.066211993,0.496692,34.734428,32,1,144.998932,133.385468,0.000000,16.331787,26.878662,63351,58277,0,13379,22019,,,,0,0,0,0,0
fullband_2001_145mA_v1,1706,1559.120000,1559.12045000,0.450000,2.056000,2.059447840,0.167697,33.579418,106,1,144.998932,138.354492,1.000061,16.312256,28.343506,63351,60448,3277,13363,23219,,,,0,0,0,0,0
fullband_2001_145mA_v1,1707,1559.140000,1559.14001000,0.010000,2.056000,2.061356234,0.260517,33.782502,93,1,144.998932,137.763977,1.000061,15.968018,28.067627,63351,60190,3277,13081,22993,,,,0,0,0,0,0
fullband_2001_145mA_v1,1708,1559.160000,1559.16043000,0.430000,2.056000,2.060504797,0.219105,32.129911,122,1,144.998932,135.610199,1.000061,16.501465,25.496826,63351,59249,3277,13518,20887,,,,0,0,0,0,0
fullband_2001_145mA_v1,1709,1559.180000,1559.17908000,-0.920000,2.056000,2.049496207,-0.316332,33.594764,114,1,144.998932,135.443115,1.000061,16.165771,25.476074,63351,59176,3277,13243,20870,,,,0,0,0,0,0
fullband_2001_145mA_v1,1710,1559.200000,1559.19917000,-0.830000,2.056000,2.038701676,-0.841358,25.520134,165,1,144.998932,136.134338,1.000061,15.043945,26.724854,63351,59478,3277,12324,21893,,,,0,0,0,0,0
fullband_2001_145mA_v1,1711,1559.220000,1559.22007000,0.070000,2.056000,2.045283831,-0.521214,33.344092,115,1,144.998932,135.456848,2.999878,16.409912,26.888428,63351,59182,9830,13443,22027,,,,0,0,0,0,0
fullband_2001_145mA_v1,1712,1559.240000,1559.23948000,-0.520000,2.056000,2.061896958,0.286817,32.081873,109,1,144.998932,135.456848,2.999878,16.092529,26.741943,63351,59182,9830,13183,21907,,,,0,0,0,0,0
fullband_2001_145mA_v1,1713,1559.260000,1559.25989000,-0.110000,2.056000,2.052636636,-0.163588,27.241345,59,1,144.998932,134.637451,7.500000,14.920654,28.355713,63351,58824,24576,12223,23229,,,,0,0,0,0,0
fullband_2001_145mA_v1,1714,1559.280000,1559.28004000,0.040000,2.056000,2.069708489,0.666755,32.432994,87,1,144.998932,129.503632,3.021545,14.909668,26.763916,63351,56581,9901,12214,21925,,,,0,0,0,0,0
fullband_2001_145mA_v1,1715,1559.300000,1559.30094000,0.940000,2.056000,2.056423996,0.020622,28.470977,86,1,144.998932,129.755402,3.550110,14.818115,23.968506,63351,56691,11633,12139,19635,,,,0,0,0,0,0
fullband_2001_145mA_v1,1716,1559.320000,1559.32077000,0.770000,2.056000,2.045829228,-0.494687,30.982724,78,1,144.998932,127.359009,1.975098,14.864502,28.270264,63351,55644,6472,12177,23159,,,,0,0,0,0,0
fullband_2001_145mA_v1,1717,1559.340000,1559.33995000,-0.050000,2.056000,2.062699000,0.325827,29.839852,71,1,144.998932,131.678009,2.188110,15.061035,26.931152,63351,57531,7170,12338,22062,,,,0,0,0,0,0
fullband_2001_145mA_v1,1718,1559.360000,1559.36078000,0.780000,2.056000,2.063102893,0.345471,31.892989,103,1,144.998932,131.833649,2.040100,14.874268,26.906738,63351,57599,6685,12185,22042,,,,0,0,0,0,0
fullband_2001_145mA_v1,1719,1559.380000,1559.38008000,0.080000,2.056000,2.056199778,0.009717,34.392142,54,1,144.998932,140.203857,8.501282,13.750000,24.250488,63351,61256,27857,11264,19866,,,,0,0,0,0,0
fullband_2001_145mA_v1,1720,1559.400000,1559.39976000,-0.240000,2.056000,2.049851287,-0.299062,30.916864,41,1,144.998932,143.204498,8.501282,13.884277,23.735352,63351,62567,27857,11374,19444,,,,0,0,0,0,0
fullband_2001_145mA_v1,1721,1559.420000,1559.41928000,-0.720000,2.056000,2.064453646,0.411170,34.824561,43,1,144.998932,144.998932,7.409668,15.054932,22.492676,63351,63351,24280,12333,18426,,,,0,0,0,0,0
fullband_2001_145mA_v1,1722,1559.440000,1559.44018000,0.180000,2.056000,2.066045744,0.488606,32.944809,91,1,144.998932,144.998932,6.888428,15.012207,22.482910,63351,63351,22572,12298,18418,,,,0,0,0,0,0
fullband_2001_145mA_v1,1723,1559.460000,1559.45993000,-0.070000,2.056000,2.046966928,-0.439352,27.420855,144,1,144.998932,142.895508,7.872009,13.420410,22.512207,63351,62432,25795,10994,18442,,,,0,0,0,0,0
fullband_2001_145mA_v1,1724,1559.480000,1559.47982000,-0.180000,2.056000,2.046060767,-0.483426,28.765836,114,1,144.998932,138.478088,1.710815,15.151367,22.481689,63351,60502,5606,12412,18417,,,,0,0,0,0,0
fullband_2001_145mA_v1,1725,1559.500000,1559.50006000,0.060000,2.056000,2.050338015,-0.275388,30.331173,78,1,144.998932,136.136627,1.643066,14.942627,22.480469,63351,59479,5384,12241,18416,,,,0,0,0,0,0
fullband_2001_145mA_v1,1726,1559.520000,1559.51945000,-0.550000,2.056000,2.056512890,0.024946,27.971364,64,1,144.998932,136.514282,6.947937,13.370361,21.046143,63351,59644,22767,10953,17241,,,,0,0,0,0,0
fullband_2001_145mA_v1,1727,1559.540000,1559.53938000,-0.620000,2.056000,2.047001944,-0.437649,30.644833,78,1,144.998932,127.775574,1.997070,13.336182,22.360840,63351,55826,6544,10925,18318,,,,0,0,0,0,0
fullband_2001_145mA_v1,1728,1559.560000,1559.56096000,0.960000,2.056000,2.043673173,-0.599554,30.852931,108,1,144.998932,126.880646,1.859436,13.491211,21.062012,63351,55435,6093,11052,17254,,,,0,0,0,0,0
fullband_2001_145mA_v1,1729,1559.580000,1559.57998000,-0.020000,2.056000,2.045949425,-0.488841,32.661302,81,1,144.998932,123.616791,1.794128,13.283691,21.020508,63351,54009,5879,10882,17220,,,,0,0,0,0,0
fullband_2001_145mA_v1,1730,1559.600000,1559.60007000,0.070000,2.056000,2.045792735,-0.496462,32.510385,74,1,144.998932,127.679443,5.145264,13.377686,22.441406,63351,55784,16860,10959,18384,,,,0,0,0,0,0
fullband_2001_145mA_v1,1731,1559.620000,1559.62056000,0.560000,2.056000,2.046559766,-0.459155,32.873072,114,1,144.998932,124.516296,1.110840,13.326416,23.901367,63351,54402,3640,10917,19580,,,,0,0,0,0,0
fullband_2001_145mA_v1,1732,1559.640000,1559.64041000,0.410000,2.056000,2.060028819,0.195954,32.520801,97,1,144.998932,128.643036,4.862671,13.381348,20.981445,63351,56205,15934,10962,17188,,,,0,0,0,0,0
fullband_2001_145mA_v1,1733,1559.660000,1559.65999000,-0.010000,2.056000,2.064091379,0.393550,32.462268,122,1,144.998932,130.213165,3.243713,13.524170,23.981934,63351,56891,10629,11079,19646,,,,0,0,0,0,0
fullband_2001_145mA_v1,1734,1559.680000,1559.68174000,1.740000,2.056000,2.051897054,-0.199560,31.964276,142,1,144.998932,133.708191,3.069458,13.450928,23.891602,63351,58418,10058,11019,19572,,,,0,0,0,0,0
fullband_2001_145mA_v1,1735,1559.700000,1559.70112000,1.120000,2.056000,2.058817334,0.137030,32.010481,129,1,144.998932,136.869049,3.401489,13.551025,22.437744,63351,59799,11146,11101,18381,,,,0,0,0,0,0
fullband_2001_145mA_v1,1736,1559.720000,1559.72195000,1.950000,2.056000,2.050960163,-0.245128,32.492165,134,1,144.998932,139.414215,3.184814,13.470459,22.446289,63351,60911,10436,11035,18388,,,,0,0,0,0,0
fullband_2001_145mA_v1,1737,1559.740000,1559.74131000,1.310000,2.056000,2.059366999,0.163765,32.338830,77,1,144.998932,135.912323,3.999939,11.982422,22.388916,63351,59381,13107,9816,18341,,,,0,0,0,0,0
fullband_2001_145mA_v1,1738,1559.760000,1559.76069000,0.690000,2.056000,2.057975215,0.096071,29.145789,128,1,144.998932,132.309723,1.000061,11.910400,22.172852,63351,57807,3277,9757,18164,,,,0,0,0,0,0
fullband_2001_145mA_v1,1739,1559.780000,1559.78152000,1.520000,2.056000,2.063489090,0.364255,30.667807,153,1,144.998932,133.669281,1.000061,11.650391,21.846924,63351,58401,3277,9544,17897,,,,0,0,0,0,0
fullband_2001_145mA_v1,1740,1559.800000,1559.80154000,1.540000,2.056000,2.053112287,-0.140453,32.420845,167,1,144.998932,128.295135,1.000061,11.999512,19.649658,63351,56053,3277,9830,16097,,,,0,0,0,0,0
fullband_2001_145mA_v1,1741,1559.820000,1559.81985000,-0.150000,2.056000,2.059316632,0.161315,31.637943,87,1,144.998932,130.396271,2.999878,11.989746,22.456055,63351,56971,9830,9822,18396,,,,0,0,0,0,0
fullband_2001_145mA_v1,1742,1559.840000,1559.83986000,-0.140000,2.056000,2.062505688,0.316425,32.278064,96,1,144.998932,135.461426,9.999695,11.954346,20.860596,63351,59184,32767,9793,17089,,,,0,0,0,0,0
fullband_2001_145mA_v1,1743,1559.860000,1559.85875000,-1.250000,2.056000,2.037625017,-0.893725,29.485659,122,1,144.998932,130.091858,3.217773,11.947021,20.887451,63351,56838,10544,9787,17111,,,,0,0,0,0,0
fullband_2001_145mA_v1,1744,1559.880000,1559.88058000,0.580000,2.056000,2.062884706,0.334859,34.005711,65,1,144.998932,105.315399,6.925964,11.652832,0.000000,63351,46013,22695,9546,0,,,,0,0,0,0,0
fullband_2001_145mA_v1,1745,1559.900000,1559.90029000,0.290000,2.056000,2.052433700,-0.173458,32.224907,144,1,144.998932,125.967407,2.424622,12.199707,20.999756,63351,55036,7945,9994,17203,,,,0,0,0,0,0
fullband_2001_145mA_v1,1746,1559.920000,1559.92015000,0.150000,2.056000,2.056885156,0.043052,32.374955,126,1,144.998932,125.885010,2.319641,12.016602,20.983887,63351,55000,7601,9844,17190,,,,0,0,0,0,0
fullband_2001_145mA_v1,1747,1559.940000,1559.93950000,-0.500000,2.056000,2.056957066,0.046550,33.622004,109,1,144.998932,126.818848,2.194519,11.911621,20.882568,63351,55408,7191,9758,17107,,,,0,0,0,0,0
fullband_2001_145mA_v1,1748,1559.960000,1559.96000000,0.000000,2.056000,2.058746027,0.133562,33.635605,125,1,144.998932,130.190277,2.431946,11.923828,19.444580,63351,56881,7969,9768,15929,,,,0,0,0,0,0
fullband_2001_145mA_v1,1749,1559.980000,1559.97937000,-0.630000,2.056000,2.074390720,0.894490,33.011884,84,1,144.998932,125.832367,0.488586,10.582275,20.742188,63351,54977,1601,8669,16992,,,,0,0,0,0,0
fullband_2001_145mA_v1,1750,1560.000000,1560.00105000,1.050000,2.056000,2.059079439,0.149778,29.388587,66,1,144.998932,136.198425,8.819580,10.732422,17.751465,63351,59506,28900,8792,14542,,,,0,0,0,0,0
fullband_2001_145mA_v1,1751,1560.020000,1560.01977000,-0.230000,2.056000,2.043183322,-0.623379,32.934546,131,1,144.998932,115.447998,4.068909,12.062988,0.050049,63351,50440,13333,9882,41,,,,0,0,0,0,0
fullband_2001_145mA_v1,1752,1560.040000,1560.04130000,1.300000,2.056000,2.062655817,0.323727,27.449122,102,1,144.998932,115.589905,4.006653,11.820068,0.000000,63351,50502,13129,9683,0,,,,0,0,0,0,0
fullband_2001_145mA_v1,1753,1560.060000,1560.06021000,0.210000,2.056000,2.058767572,0.134610,29.221790,160,1,144.998932,115.193939,4.908447,10.334473,0.000000,63351,50329,16084,8466,0,,,,0,0,0,0,0
fullband_2001_145mA_v1,1754,1560.080000,1560.07945000,-0.550000,2.056000,2.063436797,0.361712,32.915301,104,1,144.998932,130.714417,1.499939,10.439453,20.871582,63351,57110,4915,8552,17098,,,,0,0,0,0,0
fullband_2001_145mA_v1,1755,1560.100000,1560.09974000,-0.260000,2.056000,2.063211382,0.350748,33.530635,66,1,144.998932,131.417084,2.159119,10.402832,17.928467,63351,57417,7075,8522,14687,,,,0,0,0,0,0
fullband_2001_145mA_v1,1756,1560.120000,1560.12019000,0.190000,2.056000,2.042101790,-0.675983,32.329932,131,1,144.998932,123.387909,0.001831,10.396729,20.825195,63351,53909,6,8517,17060,,,,0,0,0,0,0
fullband_2001_145mA_v1,1757,1560.140000,1560.14009000,0.090000,2.056000,2.040800340,-0.739283,31.861167,146,1,144.998932,128.443909,9.999695,10.460205,20.878906,63351,56118,32767,8569,17104,,,,0,0,0,0,0
fullband_2001_145mA_v1,1758,1560.160000,1560.15961000,-0.390000,2.056000,2.038277221,-0.862003,33.038836,130,1,144.998932,125.457001,4.500122,10.449219,19.422607,63351,54813,14746,8560,15911,,,,0,0,0,0,0
fullband_2001_145mA_v1,1759,1560.180000,1560.18077000,0.770000,2.056000,2.061530056,0.268972,32.314290,45,1,144.998932,103.136444,3.039856,10.451660,0.000000,63351,45061,9961,8562,0,,,,0,0,0,0,0
fullband_2001_145mA_v1,1760,1560.200000,1560.19957000,-0.430000,2.056000,2.046031808,-0.484834,34.125537,54,1,144.998932,102.145386,2.748718,10.447998,0.000000,63351,44628,9007,8559,0,,,,0,0,0,0,0
fullband_2001_145mA_v1,1761,1560.220000,1560.22098000,0.980000,2.056000,2.065124348,0.443791,34.090532,75,1,144.998932,101.531982,2.467346,10.407715,0.000000,63351,44360,8085,8526,0,,,,0,0,0,0,0
fullband_2001_145mA_v1,1762,1560.240000,1560.24130000,1.300000,2.056000,2.063619291,0.370588,34.827071,18,1,144.998932,101.392365,2.395935,10.074463,0.000000,63351,44299,7851,8253,0,,,,0,0,0,0,0
fullband_2001_145mA_v1,1763,1560.260000,1560.26081000,0.810000,2.056000,2.052157258,-0.186904,31.787239,21,1,144.998932,101.909637,2.124023,10.102539,0.000000,63351,44525,6960,8276,0,,,,0,0,0,0,0
fullband_2001_145mA_v1,1764,1560.280000,1560.28123000,1.230000,2.056000,2.056561626,0.027316,32.055246,30,1,144.998932,119.993591,0.000000,9.075928,17.719727,63351,52426,0,7435,14516,,,,0,0,0,0,0
fullband_2001_145mA_v1,1765,1560.300000,1560.30097000,0.970000,2.056000,2.050682763,-0.258620,33.798287,93,1,144.998932,128.993225,4.923096,9.086914,16.622314,63351,56358,16132,7444,13617,,,,0,0,0,0,0
fullband_2001_145mA_v1,1766,1560.320000,1560.32013000,0.130000,2.056000,2.063455474,0.362620,33.831779,86,1,144.998932,130.863190,3.999939,9.250488,18.165283,63351,57175,13107,7578,14881,,,,0,0,0,0,0
fullband_2001_145mA_v1,1767,1560.340000,1560.34199000,1.990000,2.056000,2.059426539,0.166660,32.224202,88,1,144.998932,133.131409,3.999939,9.000244,17.923584,63351,58166,13107,7373,14683,,,,0,0,0,0,0
fullband_2001_145mA_v1,1768,1560.360000,1560.36132000,1.320000,2.056000,2.047265128,-0.424848,32.287339,99,1,144.998932,130.206299,0.986938,8.853760,17.824707,63351,56888,3234,7253,14602,,,,0,0,0,0,0
fullband_2001_145mA_v1,1769,1560.380000,1560.37915000,-0.850000,2.056000,2.063812117,0.379967,33.546085,71,1,144.998932,138.088989,9.999695,9.121094,17.897949,63351,60332,32767,7472,14662,,,,0,0,0,0,0
fullband_2001_145mA_v1,1770,1560.400000,1560.40063000,0.630000,2.056000,2.056325888,0.015851,32.746848,138,1,144.998932,127.507782,1.000061,8.900146,16.467285,63351,55709,3277,7291,13490,,,,0,0,0,0,0
fullband_2001_145mA_v1,1771,1560.420000,1560.42162000,1.620000,2.056000,2.062338850,0.308310,30.429679,120,1,144.998932,130.908966,2.999878,9.031982,17.861328,63351,57195,9830,7399,14632,,,,0,0,0,0,0
fullband_2001_145mA_v1,1772,1560.440000,1560.43976000,-0.240000,2.056000,2.038289381,-0.861411,31.794337,141,1,144.998932,127.592468,7.999878,8.981934,17.851562,63351,55746,26214,7358,14624,,,,0,0,0,0,0
fullband_2001_145mA_v1,1773,1560.460000,1560.46052000,0.520000,2.056000,2.073536182,0.852927,31.756738,141,1,144.998932,126.537323,3.167114,9.033203,16.456299,63351,55285,10378,7400,13481,,,,0,0,0,0,0
fullband_2001_145mA_v1,1774,1560.480000,1560.47965000,-0.350000,2.056000,2.054808767,-0.057939,32.549080,141,1,144.998932,124.005890,2.892151,8.991699,16.522217,63351,54179,9477,7366,13535,,,,0,0,0,0,0
fullband_2001_145mA_v1,1775,1560.500000,1560.49933000,-0.670000,2.056000,2.052485119,-0.170957,32.960361,122,1,144.998932,120.899963,2.790833,8.836670,16.420898,63351,52822,9145,7239,13452,,,,0,0,0,0,0
fullband_2001_145mA_v1,1776,1560.520000,1560.51963000,-0.370000,2.056000,2.065446875,0.459478,32.824623,122,1,144.998932,121.634674,2.945557,8.875732,14.991455,63351,53143,9652,7271,12281,,,,0,0,0,0,0
fullband_2001_145mA_v1,1777,1560.540000,1560.54067000,0.670000,2.056000,2.047617761,-0.407696,32.140225,144,1,144.998932,121.341705,2.099609,9.000244,16.500244,63351,53015,6880,7373,13517,,,,0,0,0,0,0
fullband_2001_145mA_v1,1778,1560.560000,1560.56010000,0.100000,2.056000,2.060921913,0.239393,32.451107,138,1,144.998932,122.179413,2.006531,8.876953,16.424561,63351,53381,6575,7272,13455,,,,0,0,0,0,0
fullband_2001_145mA_v1,1779,1560.580000,1560.58125000,1.250000,2.056000,2.054042470,-0.095211,32.202604,141,1,144.998932,126.251221,2.129822,9.000244,15.050049,63351,55160,6979,7373,12329,,,,0,0,0,0,0
fullband_2001_145mA_v1,1780,1560.600000,1560.60101000,1.010000,2.056000,2.055993404,-0.000321,33.197240,159,1,144.998932,128.647614,2.018433,8.902588,15.006104,63351,56207,6614,7293,12293,,,,0,0,0,0,0
fullband_2001_145mA_v1,1781,1560.620000,1560.62130000,1.300000,2.056000,2.076280657,0.986413,32.939723,158,1,144.998932,131.703186,5.710144,8.955078,15.013428,63351,57542,18711,7336,12299,,,,0,0,0,0,0
fullband_2001_145mA_v1,1782,1560.640000,1560.63952000,-0.480000,2.056000,2.051761281,-0.206163,33.210857,89,1,144.998932,129.485321,6.000061,7.553711,16.406250,63351,56573,19661,6188,13440,,,,0,0,0,0,0
fullband_2001_145mA_v1,1783,1560.660000,1560.65964000,-0.360000,2.056000,2.059188177,0.155067,32.109638,40,1,144.998932,132.900238,7.000122,7.531738,15.150146,63351,58065,22938,6170,12411,,,,0,0,0,0,0
fullband_2001_145mA_v1,1784,1560.680000,1560.67905000,-0.950000,2.056000,2.051343015,-0.226507,33.189623,76,1,144.998932,128.182983,1.582336,7.489014,16.505127,63351,56004,5185,6135,13521,,,,0,0,0,0,0
fullband_2001_145mA_v1,1785,1560.700000,1560.69969000,-0.310000,2.056000,2.055745182,-0.012394,33.381886,116,1,144.998932,126.464081,1.437988,7.541504,16.481934,63351,55253,4712,6178,13502,,,,0,0,0,0,0
fullband_2001_145mA_v1,1786,1560.720000,1560.71979000,-0.210000,2.056000,2.059278864,0.159478,32.974727,117,1,144.998932,124.832153,1.301880,7.532959,16.474609,63351,54540,4266,6171,13496,,,,0,0,0,0,0
fullband_2001_145mA_v1,1787,1560.740000,1560.74083000,0.830000,2.056000,2.045795896,-0.496309,33.372273,118,1,144.998932,121.227264,1.158142,7.519531,16.468506,63351,52965,3795,6160,13491,,,,0,0,0,0,0
fullband_2001_145mA_v1,1788,1560.760000,1560.76031000,0.310000,2.056000,2.056330026,0.016052,32.900239,87,1,144.998932,120.961761,1.114502,7.412109,16.287842,63351,52849,3652,6072,13343,,,,0,0,0,0,0
fullband_2001_145mA_v1,1789,1560.780000,1560.77971000,-0.290000,2.056000,2.052260995,-0.181858,33.826526,77,1,144.998932,121.298218,5.027161,7.395020,14.919434,63351,52996,16473,6058,12222,,,,0,0,0,0,0
fullband_2001_145mA_v1,1790,1560.800000,1560.80036000,0.360000,2.056000,2.048286723,-0.375159,33.558817,113,1,144.998932,119.895172,5.254822,7.550049,13.599854,63351,52383,17219,6185,11141,,,,0,0,0,0,0
fullband_2001_145mA_v1,1791,1560.820000,1560.82073000,0.730000,2.056000,2.063048757,0.342838,32.560290,130,1,144.998932,119.757843,4.952698,7.550049,13.599854,63351,52323,16229,6185,11141,,,,0,0,0,0,0
fullband_2001_145mA_v1,1792,1560.840000,1560.84135000,1.350000,2.056000,2.063975339,0.387906,32.664650,138,1,144.998932,120.712280,4.876709,7.392578,13.580322,63351,52740,15980,6056,11125,,,,0,0,0,0,0
fullband_2001_145mA_v1,1793,1560.860000,1560.86159000,1.590000,2.056000,2.049844646,-0.299385,33.797144,105,1,144.998932,118.929291,3.557434,7.500000,15.000000,63351,51961,11657,6144,12288,,,,0,0,0,0,0
fullband_2001_145mA_v1,1794,1560.880000,1560.88009000,0.090000,2.056000,2.043885238,-0.589239,33.172511,151,1,144.998932,119.824219,3.286133,7.471924,15.030518,63351,52352,10768,6121,12313,,,,0,0,0,0,0
fullband_2001_145mA_v1,1795,1560.900000,1560.89990000,-0.100000,2.056000,2.074073392,0.879056,32.408919,164,1,144.998932,125.825500,3.168030,7.431641,14.937744,63351,54974,10381,6088,12237,,,,0,0,0,0,0
fullband_2001_145mA_v1,1796,1560.920000,1560.91966000,-0.340000,2.056000,2.055508377,-0.023912,32.236587,133,1,144.998932,128.070831,3.635254,7.503662,13.609619,63351,55955,11912,6147,11149,,,,0,0,0,0,0
fullband_2001_145mA_v1,1797,1560.940000,1560.94120000,1.200000,2.056000,2.057933998,0.094066,28.500927,141,1,144.998932,128.892517,3.373413,7.440186,13.663330,63351,56314,11054,6095,11193,,,,0,0,0,0,0
fullband_2001_145mA_v1,1798,1560.960000,1560.96113000,1.130000,2.056000,2.063540700,0.366766,32.861566,130,1,144.998932,132.110596,3.197327,7.454834,13.471680,63351,57720,10477,6107,11036,,,,0,0,0,0,0
fullband_2001_145mA_v1,1799,1560.980000,1560.97954000,-0.460000,2.056000,2.057840461,0.089517,32.762525,133,1,144.998932,135.692596,8.530579,7.486572,13.532715,63351,59285,27953,6133,11086,,,,0,0,0,0,0
fullband_2001_145mA_v1,1800,1561.000000,1561.00000000,0.000000,2.056000,2.039598904,-0.797719,31.238790,162,1,144.998932,134.756470,8.530579,7.302246,13.486328,63351,58876,27953,5982,11048,,,,0,0,0,0,0
fullband_2001_145mA_v1,1801,1561.020000,1561.02038000,0.380000,2.056000,2.041518040,-0.704375,32.645387,80,1,144.998932,129.840088,9.999695,6.149902,13.636475,63351,56728,32767,5038,11171,,,,0,0,0,0,0
fullband_2001_145mA_v1,1802,1561.040000,1561.04002000,0.020000,2.056000,2.053127802,-0.139698,33.860670,98,1,144.998932,129.521942,9.999695,6.137695,13.326416,63351,56589,32767,5028,10917,,,,0,0,0,0,0
fullband_2001_145mA_v1,1803,1561.060000,1561.06098000,0.980000,2.056000,2.047116204,-0.432091,33.407805,112,1,144.998932,121.076202,0.708618,6.007080,13.474121,63351,52899,2322,4921,11038,,,,0,0,0,0,0
fullband_2001_145mA_v1,1804,1561.080000,1561.08015000,0.150000,2.056000,2.060693347,0.228276,32.674418,135,1,144.998932,116.816711,0.690308,6.134033,13.088379,63351,51038,2262,5025,10722,,,,0,0,0,0,0
fullband_2001_145mA_v1,1805,1561.100000,1561.10026000,0.260000,2.056000,2.057153382,0.056098,33.337064,90,1,144.998932,118.338776,2.856445,5.950928,13.251953,63351,51703,9360,4875,10856,,,,0,0,0,0,0
fullband_2001_145mA_v1,1806,1561.120000,1561.12130000,1.300000,2.056000,2.060312564,0.209755,33.214827,79,1,144.998932,118.066406,3.206482,6.031494,11.964111,63351,51584,10507,4941,9801,,,,0,0,0,0,0
fullband_2001_145mA_v1,1807,1561.140000,1561.14100000,1.000000,2.056000,2.046062369,-0.483348,33.682665,94,1,144.998932,116.690826,3.004761,5.999756,11.999512,63351,50983,9846,4915,9830,,,,0,0,0,0,0
fullband_2001_145mA_v1,1808,1561.160000,1561.15986000,-0.140000,2.056000,2.054485942,-0.073641,34.269012,66,1,144.998932,117.510223,2.958069,5.795898,11.768799,63351,51341,9693,4748,9641,,,,0,0,0,0,0
fullband_2001_145mA_v1,1809,1561.180000,1561.18066000,0.660000,2.056000,2.054803373,-0.058202,33.428027,109,1,144.998932,117.995453,2.020264,5.881348,13.320312,63351,51553,6620,4818,10912,,,,0,0,0,0,0
fullband_2001_145mA_v1,1810,1561.200000,1561.19997000,-0.030000,2.056000,2.054850157,-0.055926,32.232622,151,1,144.998932,120.707703,5.469055,6.064453,13.426514,63351,52738,17921,4968,10999,,,,0,0,0,0,0
fullband_2001_145mA_v1,1811,1561.220000,1561.21982000,-0.180000,2.056000,2.054200526,-0.087523,32.320695,147,1,144.998932,124.145508,5.292053,5.963135,13.376465,63351,54240,17341,4885,10958,,,,0,0,0,0,0
fullband_2001_145mA_v1,1812,1561.240000,1561.23923000,-0.770000,2.056000,2.047666353,-0.405333,33.534366,139,1,144.998932,120.932007,0.336304,5.963135,11.950684,63351,52836,1102,4885,9790,,,,0,0,0,0,0
fullband_2001_145mA_v1,1813,1561.260000,1561.25998000,-0.020000,2.056000,2.061695514,0.277019,32.173497,141,1,144.998932,122.341919,0.336304,5.754395,11.832275,63351,53452,1102,4714,9693,,,,0,0,0,0,0
fullband_2001_145mA_v1,1814,1561.280000,1561.28039000,0.390000,2.056000,2.060727705,0.229947,31.994853,163,1,144.998932,124.699402,1.231689,6.105957,12.781982,63351,54482,4036,5002,10471,,,,0,0,0,0,0
fullband_2001_145mA_v1,1815,1561.300000,1561.29998000,-0.020000,2.056000,2.051219460,-0.232517,32.536273,160,1,144.998932,123.687744,1.499939,5.959473,11.966553,63351,54040,4915,4882,9803,,,,0,0,0,0,0
fullband_2001_145mA_v1,1816,1561.320000,1561.32024000,0.240000,2.056000,2.059487565,0.169629,32.172056,155,1,144.998932,125.550842,5.000000,5.887451,11.953125,63351,54854,16384,4823,9792,,,,0,0,0,0,0
fullband_2001_145mA_v1,1817,1561.340000,1561.33999000,-0.010000,2.056000,2.048088674,-0.384792,31.568678,160,1,144.998932,126.807404,5.245361,5.935059,10.501709,63351,55403,17188,4862,8603,,,,0,0,0,0,0
fullband_2001_145mA_v1,1818,1561.360000,1561.36050000,0.500000,2.056000,2.043832849,-0.591787,32.247840,158,1,144.998932,120.547485,3.999939,5.877686,12.100830,63351,52668,13107,4815,9913,,,,0,0,0,0,0
fullband_2001_145mA_v1,1819,1561.380000,1561.38000000,0.000000,2.056000,2.039390810,-0.807840,32.124358,163,1,144.998932,115.953827,1.000061,5.760498,12.064209,63351,50661,3277,4719,9883,,,,0,0,0,0,0
fullband_2001_145mA_v1,1820,1561.400000,1561.40063000,0.630000,2.056000,2.050928650,-0.246661,32.937836,142,1,144.998932,113.408661,1.000061,5.633545,11.916504,63351,49549,3277,4615,9762,,,,0,0,0,0,0
fullband_2001_145mA_v1,1821,1561.420000,1561.42174000,1.740000,2.056000,2.063749310,0.376912,31.844912,177,1,144.998932,118.698120,4.233093,5.767822,10.491943,63351,51860,13871,4725,8595,,,,0,0,0,0,0
fullband_2001_145mA_v1,1822,1561.440000,1561.44120000,1.200000,2.056000,2.062575406,0.319815,32.907716,160,1,144.998932,117.853546,4.224854,5.637207,10.482178,63351,51491,13844,4618,8587,,,,0,0,0,0,0
fullband_2001_145mA_v1,1823,1561.460000,1561.46126000,1.260000,2.056000,2.052786396,-0.156304,31.948538,152,1,144.998932,118.807983,4.215393,5.490723,10.559082,63351,51908,13813,4498,8650,,,,0,0,0,0,0
fullband_2001_145mA_v1,1824,1561.480000,1561.48013000,0.130000,2.056000,2.054047905,-0.094946,30.758048,170,1,144.998932,118.517303,4.212952,5.358887,10.504150,63351,51781,13805,4390,8605,,,,0,0,0,0,0
fullband_2001_145mA_v1,1825,1561.500000,1561.49978000,-0.220000,2.056000,2.071915727,0.774111,31.886235,159,1,144.998932,122.470093,4.212952,5.240479,10.427246,63351,53508,13805,4293,8542,,,,0,0,0,0,0
fullband_2001_145mA_v1,1826,1561.520000,1561.52079000,0.790000,2.056000,2.069603590,0.661653,32.021195,144,1,144.998932,121.728516,4.212952,5.026855,10.483398,63351,53184,13805,4118,8588,,,,0,0,0,0,0
fullband_2001_145mA_v1,1827,1561.540000,1561.54071000,0.710000,2.056000,2.052503602,-0.170058,33.723560,95,1,144.998932,125.246429,4.408875,4.537354,10.449219,63351,54721,14447,3717,8560,,,,0,0,0,0,0
fullband_2001_145mA_v1,1828,1561.560000,1561.56114000,1.140000,2.056000,2.062486122,0.315473,34.270186,96,1,144.998932,126.594543,4.344482,4.484863,10.189209,63351,55310,14236,3674,8347,,,,0,0,0,0,0
fullband_2001_145mA_v1,1829,1561.580000,1561.58088000,0.880000,2.056000,2.052826129,-0.154371,33.591505,105,1,144.998932,124.028778,0.950928,4.520264,10.510254,63351,54189,3116,3703,8610,,,,0,0,0,0,0
fullband_2001_145mA_v1,1830,1561.600000,1561.59959000,-0.410000,2.056000,2.028189901,-1.352631,29.219632,142,1,144.998932,122.103882,0.871887,4.528809,10.482178,63351,53348,2857,3710,8587,,,,0,0,0,0,0
fullband_2001_145mA_v1,1831,1561.620000,1561.61994000,-0.060000,2.056000,2.057881638,0.091519,32.426268,130,1,144.998932,122.373962,0.787354,4.560547,10.472412,63351,53466,2580,3736,8579,,,,0,0,0,0,0
fullband_2001_145mA_v1,1832,1561.640000,1561.64016000,0.160000,2.056000,2.041135419,-0.722985,32.178136,157,1,144.998932,119.242859,0.704651,4.539795,10.457764,63351,52098,2309,3719,8567,,,,0,0,0,0,0
fullband_2001_145mA_v1,1833,1561.660000,1561.65996000,-0.040000,2.056000,2.055086418,-0.044435,32.657125,144,1,144.998932,118.416595,0.621643,4.534912,10.461426,63351,51737,2037,3715,8570,,,,0,0,0,0,0
fullband_2001_145mA_v1,1834,1561.680000,1561.67983000,-0.170000,2.056000,2.053331639,-0.129784,32.981993,145,1,144.998932,114.299011,0.537415,4.493408,10.516357,63351,49938,1761,3681,8615,,,,0,0,0,0,0
fullband_2001_145mA_v1,1835,1561.700000,1561.70124000,1.240000,2.056000,2.056976106,0.047476,32.502867,134,1,144.998932,112.165833,0.524292,4.350586,10.374756,63351,49006,1718,3564,8499,,,,0,0,0,0,0
fullband_2001_145mA_v1,1836,1561.720000,1561.71986000,-0.140000,2.056000,2.065240438,0.449438,33.831178,130,1,144.998932,114.335632,3.005676,4.376221,9.000244,63351,49954,9849,3585,7373,,,,0,0,0,0,0
fullband_2001_145mA_v1,1837,1561.740000,1561.74003000,0.030000,2.056000,2.053423600,-0.125311,30.794931,126,1,144.998932,112.259674,2.140808,4.372559,10.389404,63351,49047,7015,3582,8511,,,,0,0,0,0,0
fullband_2001_145mA_v1,1838,1561.760000,1561.76153000,1.530000,2.056000,2.048134971,-0.382540,32.862496,144,1,144.998932,110.966492,0.485840,4.357910,9.040527,63351,48482,1592,3570,7406,,,,0,0,0,0,0
fullband_2001_145mA_v1,1839,1561.780000,1561.78033000,0.330000,2.056000,2.047837215,-0.397023,31.922775,155,1,144.998932,114.230347,1.533508,4.478760,10.540771,63351,49908,5025,3669,8635,,,,0,0,0,0,0
fullband_2001_145mA_v1,1840,1561.800000,1561.80001000,0.010000,2.056000,2.039375013,-0.808608,33.214278,146,1,144.998932,113.234711,1.499939,4.359131,10.480957,63351,49473,4915,3571,8586,,,,0,0,0,0,0
fullband_2001_145mA_v1,1841,1561.820000,1561.82130000,1.300000,2.056000,2.071761575,0.766614,31.856188,170,1,144.998932,121.932220,6.201172,4.467773,9.094238,63351,53273,20320,3660,7450,,,,0,0,0,0,0
fullband_2001_145mA_v1,1842,1561.840000,1561.84007000,0.070000,2.056000,2.060459331,0.216894,32.215976,168,1,144.998932,123.731232,5.719604,4.479980,9.095459,63351,54059,18742,3670,7451,,,,0,0,0,0,0
fullband_2001_145mA_v1,1843,1561.860000,1561.86044000,0.440000,2.056000,2.049155627,-0.332898,31.793708,163,1,144.998932,126.001740,5.244751,4.481201,9.096680,63351,55051,17186,3671,7452,,,,0,0,0,0,0
fullband_2001_145mA_v1,1844,1561.880000,1561.88066000,0.660000,2.056000,2.051842830,-0.202197,31.709008,156,1,144.998932,126.880646,4.999390,4.437256,9.038086,63351,55435,16382,3635,7404,,,,0,0,0,0,0
fullband_2001_145mA_v1,1845,1561.900000,1561.90126000,1.260000,2.056000,2.046460540,-0.463982,32.126463,155,1,144.998932,125.440979,4.727478,4.379883,9.052734,63351,54806,15491,3588,7416,,,,0,0,0,0,0
fullband_2001_145mA_v1,1846,1561.920000,1561.91997000,-0.030000,2.056000,2.060761746,0.231602,31.791909,173,1,144.998932,125.198364,4.468384,4.322510,9.112549,63351,54700,14642,3541,7465,,,,0,0,0,0,0
fullband_2001_145mA_v1,1847,1561.940000,1561.94023000,0.230000,2.056000,2.064589912,0.417797,31.652440,168,1,144.998932,123.522949,4.463806,4.204102,9.075928,63351,53968,14627,3444,7435,,,,0,0,0,0,0
fullband_2001_145mA_v1,1848,1561.960000,1561.96017000,0.170000,2.056000,2.041509067,-0.704812,31.263867,171,1,144.998932,119.364166,4.458008,4.075928,9.055176,63351,52151,14608,3339,7418,,,,0,0,0,0,0
fullband_2001_145mA_v1,1849,1561.980000,1561.97998000,-0.020000,2.056000,2.075964115,0.971017,31.430609,170,1,144.998932,120.126343,4.451599,3.977051,8.989258,63351,52484,14587,3258,7364,,,,0,0,0,0,0
fullband_2001_145mA_v1,1850,1562.000000,1562.00050000,0.500000,2.056000,2.042465503,-0.658293,31.980424,154,1,144.998932,115.308380,4.445190,3.843994,8.929443,63351,50379,14566,3149,7315,,,,0,0,0,0,0
fullband_2001_145mA_v1,1851,1562.020000,1562.02050000,0.500000,2.056000,2.034489749,-1.046218,28.847477,168,1,144.998932,113.500214,4.437256,3.718262,8.839111,63351,49589,14540,3046,7241,,,,0,0,0,0,0
fullband_2001_145mA_v1,1852,1562.040000,1562.03990000,-0.100000,2.056000,2.064491200,0.412996,30.357655,164,1,144.998932,114.241791,4.436035,3.619385,8.718262,63351,49913,14536,2965,7142,,,,0,0,0,0,0
fullband_2001_145mA_v1,1853,1562.060000,1562.05989000,-0.110000,2.056000,2.074568842,0.903154,32.576705,149,1,144.998932,115.372467,4.425964,3.509521,8.629150,63351,50407,14503,2875,7069,,,,0,0,0,0,0
fullband_2001_145mA_v1,1854,1562.080000,1562.07954000,-0.460000,2.056000,2.066315836,0.501743,32.222196,156,1,144.998932,115.303802,4.411316,3.400879,8.504639,63351,50377,14455,2786,6967,,,,0,0,0,2,20
fullband_2001_145mA_v1,1855,1562.100000,1562.09976000,-0.240000,2.056000,2.075747851,0.960499,32.466483,155,1,144.998932,117.597198,4.389648,3.310547,8.337402,63351,51379,14384,2712,6830,,,,0,0,0,0,0
fullband_2001_145mA_v1,1856,1562.120000,1562.12061000,0.610000,2.056000,2.066380139,0.504871,32.894962,116,1,144.998932,115.853119,4.359436,3.200684,8.133545,63351,50617,14285,2622,6663,,,,0,0,0,0,0
fullband_2001_145mA_v1,1857,1562.140000,1562.14020000,0.200000,2.056000,2.059597405,0.174971,33.330456,118,1,144.998932,121.032715,4.312134,3.211670,7.902832,63351,52880,14130,2631,6474,,,,0,0,0,0,0
fullband_2001_145mA_v1,1858,1562.160000,1562.15950000,-0.500000,2.056000,2.063454842,0.362590,28.659478,134,1,144.998932,122.763062,4.241943,3.154297,7.669678,63351,53636,13900,2584,6283,,,,0,0,0,0,0
fullband_2001_145mA_v1,1859,1562.180000,1562.18073000,0.730000,2.056000,2.046219957,-0.475683,34.087759,149,1,144.998932,121.966553,4.165344,3.056641,7.368164,63351,53288,13649,2504,6036,,,,0,0,0,0,0
fullband_2001_145mA_v1,1860,1562.200000,1562.20093000,0.930000,2.056000,2.057666637,0.081062,33.852706,168,1,144.998932,120.842743,0.957031,2.904053,7.421875,63351,52797,3136,2379,6080,,,,0,0,0,0,0
fullband_2001_145mA_v1,1861,1562.220000,1562.21957000,-0.430000,2.056000,2.046998211,-0.437830,35.163385,133,1,144.998932,123.765564,3.754883,3.007812,7.536621,63351,54074,12304,2464,6174,,,,0,0,0,0,0
fullband_2001_145mA_v1,1862,1562.240000,1562.24056000,0.560000,2.056000,2.038700000,-0.841440,27.405587,109,1,144.998932,121.893311,3.571472,2.960205,7.418213,63351,53256,11703,2425,6077,,,,0,0,0,0,0
fullband_2001_145mA_v1,1863,1562.260000,1562.25982000,-0.180000,2.056000,2.048966571,-0.342093,33.738264,81,1,144.998932,117.482758,3.436279,2.871094,7.346191,63351,51329,11260,2352,6018,,,,0,0,0,0,0
fullband_2001_145mA_v1,1864,1562.280000,1562.27819000,-1.810000,2.056000,2.052391229,-0.175524,27.132407,133,1,144.998932,123.042297,9.750061,2.911377,7.346191,63351,53758,31949,2385,6018,,,,0,0,0,0,0
fullband_2001_145mA_v1,1865,1562.300000,1562.29849000,-1.510000,2.056000,2.039734558,-0.791121,31.810445,167,1,144.998932,112.760925,0.529785,2.958984,7.636719,63351,49266,1736,2424,6256,,,,0,0,0,0,0
fullband_2001_145mA_v1,1866,1562.320000,1562.32096000,0.960000,2.056000,2.057650187,0.080262,32.609835,166,1,144.998932,109.577179,0.451050,2.966309,7.586670,63351,47875,1478,2430,6215,,,,0,0,0,0,0
fullband_2001_145mA_v1,1867,1562.340000,1562.34017000,0.170000,2.056000,2.063019837,0.341432,32.145805,150,1,144.998932,109.055328,0.372009,3.000488,7.550049,63351,47647,1219,2458,6185,,,,0,0,0,0,0
fullband_2001_145mA_v1,1868,1562.360000,1562.36101000,1.010000,2.056000,2.046760618,-0.449386,29.328417,165,1,144.998932,108.437347,0.368652,2.829590,7.536621,63351,47377,1208,2318,6174,,,,0,0,0,0,0
fullband_2001_145mA_v1,1869,1562.380000,1562.37943000,-0.570000,2.056000,2.075215751,0.934618,32.527443,143,1,144.998932,110.305023,0.368652,2.723389,7.445068,63351,48193,1208,2231,6099,,,,0,0,0,0,0
fullband_2001_145mA_v1,1870,1562.400000,1562.40021000,0.210000,2.056000,2.052416919,-0.174274,32.133775,167,1,144.998932,115.663147,5.603943,3.038330,7.545166,63351,50534,18363,2489,6181,,,,0,0,0,0,0
fullband_2001_145mA_v1,1871,1562.420000,1562.42072000,0.720000,2.056000,2.059503778,0.170417,30.962517,170,1,144.998932,114.113617,5.499878,2.941895,7.506104,63351,49857,18022,2410,6149,,,,0,0,0,0,0
fullband_2001_145mA_v1,1872,1562.440000,1562.44000000,-0.000000,2.056000,2.049290048,-0.326360,31.281733,168,1,144.998932,114.916992,1.499939,2.846680,7.543945,63351,50208,4915,2332,6180,,,,0,0,0,0,0
fullband_2001_145mA_v1,1873,1562.460000,1562.45993000,-0.070000,2.056000,2.058816547,0.136992,31.796188,174,1,144.998932,114.074707,0.270996,2.686768,6.544189,63351,49840,888,2201,5361,,,,0,0,0,0,0
fullband_2001_145mA_v1,1874,1562.480000,1562.48153000,1.530000,2.056000,2.056371617,0.018075,31.774205,176,1,144.998932,119.444275,1.749878,2.720947,6.591797,63351,52186,5734,2229,5400,,,,0,0,0,0,0
fullband_2001_145mA_v1,1875,1562.500000,1562.49997000,-0.030000,2.056000,2.040049766,-0.775790,31.117618,178,1,144.998932,121.836090,5.750122,2.736816,6.595459,63351,53231,18842,2242,5403,,,,0,0,0,0,0
fullband_2001_145mA_v1,1876,1562.520000,1562.51955000,-0.450000,2.056000,2.038094566,-0.870887,32.239942,164,1,144.998932,119.975281,5.750122,2.634277,6.483154,63351,52418,18842,2158,5311,,,,0,0,0,0,0
fullband_2001_145mA_v1,1877,1562.540000,1562.54115000,1.150000,2.056000,2.055228345,-0.037532,31.894347,172,1,144.998932,113.539124,0.000000,2.673340,6.588135,63351,49606,0,2190,5397,,,,0,0,0,0,0
fullband_2001_145mA_v1,1878,1562.560000,1562.55998000,-0.020000,2.056000,2.057350872,0.065704,30.831888,178,1,144.998932,119.755554,4.749451,2.701416,6.541748,63351,52322,15563,2213,5359,,,,0,0,0,0,0
fullband_2001_145mA_v1,1879,1562.580000,1562.58002000,0.020000,2.056000,2.047571717,-0.409936,32.925484,165,1,144.998932,111.760712,0.000000,2.410889,6.621094,63351,48829,0,1975,5424,,,,0,0,0,0,0
fullband_2001_145mA_v1,1880,1562.600000,1562.60065000,0.650000,2.056000,2.044013656,-0.582993,30.742061,170,1,144.998932,114.981079,3.915710,2.705078,6.596680,63351,50236,12831,2216,5404,,,,0,0,0,0,0
fullband_2001_145mA_v1,1881,1562.620000,1562.61994000,-0.060000,2.056000,2.036977885,-0.925200,30.583565,154,1,144.998932,113.312531,3.749695,2.680664,6.486816,63351,49507,12287,2196,5314,,,,0,0,0,0,0
fullband_2001_145mA_v1,1882,1562.640000,1562.64003000,0.030000,2.056000,2.059137951,0.152624,31.387292,167,1,144.998932,108.105469,1.000061,2.413330,6.628418,63351,47232,3277,1977,5430,,,,0,0,0,0,0
fullband_2001_145mA_v1,1883,1562.660000,1562.65932000,-0.680000,2.056000,2.059047280,0.148214,31.341534,175,1,144.998932,108.469391,1.000061,2.346191,6.508789,63351,47391,3277,1922,5332,,,,0,0,0,0,0
fullband_2001_145mA_v1,1884,1562.680000,1562.67941000,-0.590000,2.056000,2.056228300,0.011104,30.242251,174,1,144.998932,111.985016,3.750000,2.462158,6.291504,63351,48927,12288,2017,5154,,,,0,0,0,0,0
fullband_2001_145mA_v1,1885,1562.700000,1562.69908000,-0.920000,2.056000,2.061726941,0.278548,31.562005,162,1,144.998932,109.673309,0.903931,2.275391,6.342773,63351,47917,2962,1864,5196,,,,0,0,0,0,0
fullband_2001_145mA_v1,1886,1562.720000,1562.71976000,-0.240000,2.056000,2.067368825,0.552958,31.929370,170,1,144.998932,113.294220,0.898132,2.183838,6.278076,63351,49499,2943,1789,5143,,,,0,0,0,0,0
fullband_2001_145mA_v1,1887,1562.740000,1562.73994000,-0.060000,2.056000,2.050544275,-0.265356,31.039212,166,1,144.998932,113.294220,0.898132,2.049561,6.223145,63351,49499,2943,1679,5098,,,,0,0,0,0,0
fullband_2001_145mA_v1,1888,1562.760000,1562.75975000,-0.250000,2.056000,2.064956750,0.435640,32.362035,155,1,144.998932,114.768219,0.931702,1.936035,5.986328,63351,50143,3053,1586,4904,,,,0,0,0,0,0
fullband_2001_145mA_v1,1889,1562.780000,1562.77917000,-0.830000,2.056000,2.037046993,-0.921839,32.551160,161,1,144.998932,116.274261,0.855408,1.956787,5.953369,63351,50801,2803,1603,4877,,,,0,0,0,0,0
fullband_2001_145mA_v1,1890,1562.800000,1562.79988000,-0.120000,2.056000,2.072469028,0.801023,32.264957,164,1,144.998932,117.226410,0.711060,2.001953,6.083984,63351,51217,2330,1640,4984,,,,0,0,0,0,0
fullband_2001_145mA_v1,1891,1562.820000,1562.81900000,-1.000000,2.056000,2.058130506,0.103624,31.500453,176,1,144.998932,116.940308,0.672302,1.977539,5.972900,63351,51092,2203,1620,4893,,,,0,0,0,0,0
fullband_2001_145mA_v1,1892,1562.840000,1562.84059000,0.590000,2.056000,2.054439507,-0.075899,31.977181,137,1,144.998932,115.919495,0.672302,1.853027,5.850830,63351,50646,2203,1518,4793,,,,0,0,0,0,0
fullband_2001_145mA_v1,1893,1562.860000,1562.86040000,0.400000,2.056000,2.038902761,-0.831578,30.714864,179,1,144.998932,116.267395,6.499939,2.149658,6.314697,63351,50798,21299,1761,5173,,,,0,0,0,0,0
fullband_2001_145mA_v1,1894,1562.880000,1562.87965000,-0.350000,2.056000,2.041287523,-0.715587,33.398205,141,1,144.998932,113.072205,0.487061,1.633301,6.104736,63351,49402,1596,1338,5001,,,,0,0,0,0,0
fullband_2001_145mA_v1,1895,1562.900000,1562.89909000,-0.910000,2.056000,2.054341379,-0.080672,29.524729,151,1,144.998932,112.344360,0.483704,1.700439,5.872803,63351,49084,1585,1393,4811,,,,0,0,0,0,0
fullband_2001_145mA_v1,1896,1562.920000,1562.92053000,0.530000,2.056000,2.052854424,-0.152995,31.826442,150,1,144.998932,110.820007,7.500000,1.657715,5.922852,63351,48418,24576,1358,4852,,,,0,0,0,0,0
fullband_2001_145mA_v1,1897,1562.940000,1562.93908000,-0.920000,2.056000,2.047438955,-0.416393,32.118985,148,1,144.998932,107.302094,2.112427,1.550293,5.999756,63351,46881,6922,1270,4915,,,,0,0,0,0,0
fullband_2001_145mA_v1,1898,1562.960000,1562.95992000,-0.080000,2.056000,2.056100464,0.004886,32.547008,154,1,144.998932,106.613159,1.948242,1.501465,5.996094,63351,46580,6384,1230,4912,,,,0,0,0,0,0
fullband_2001_145mA_v1,1899,1562.980000,1562.98137000,1.370000,2.056000,2.054639916,-0.066152,31.792510,165,1,144.998932,106.954193,1.802979,1.547852,5.981445,63351,46729,5908,1268,4900,,,,0,0,0,0,0
fullband_2001_145mA_v1,1900,1563.000000,1563.00135000,1.350000,2.056000,2.046685327,-0.453048,31.857606,163,1,144.998932,107.521820,1.662292,1.542969,5.976562,63351,46977,5447,1264,4896,,,,0,0,0,0,0
fullband_2001_145mA_v1,1901,1563.020000,1563.01985000,-0.150000,2.056000,2.073029246,0.828271,31.661952,172,1,144.998932,108.329773,1.503601,1.582031,5.976562,63351,47330,4927,1296,4896,,,,0,0,0,0,0
fullband_2001_145mA_v1,1902,1563.040000,1563.04095000,0.950000,2.056000,2.062276491,0.305277,30.597066,161,1,144.998932,107.846832,1.499939,1.500244,5.854492,63351,47119,4915,1229,4796,,,,0,0,0,0,0
fullband_2001_145mA_v1,1903,1563.060000,1563.05920000,-0.800000,2.056000,2.059099020,0.150731,31.475329,165,1,144.998932,113.477325,5.000000,1.495361,5.887451,63351,49579,16384,1225,4823,,,,0,0,0,0,0
fullband_2001_145mA_v1,1904,1563.080000,1563.07917000,-0.830000,2.056000,2.051134753,-0.236637,30.979003,171,1,144.998932,111.257172,1.148376,1.530762,5.979004,63351,48609,3763,1254,4898,,,,0,0,0,0,0
fullband_2001_145mA_v1,1905,1563.100000,1563.10143000,1.430000,2.056000,2.060545254,0.221073,31.392893,163,1,144.998932,112.559509,1.025085,1.500244,5.999756,63351,49178,3359,1229,4915,,,,0,0,0,0,0
fullband_2001_145mA_v1,1906,1563.120000,1563.12100000,1.000000,2.056000,2.061872019,0.285604,31.546316,165,1,144.998932,113.035583,1.002808,1.520996,5.841064,63351,49386,3286,1246,4785,,,,0,0,0,0,0
fullband_2001_145mA_v1,1907,1563.140000,1563.14004000,0.040000,2.056000,2.040493685,-0.754198,31.759423,169,1,144.998932,111.183929,1.002197,1.442871,5.760498,63351,48577,3284,1182,4719,,,,0,0,0,0,0
fullband_2001_145mA_v1,1908,1563.160000,1563.16071000,0.710000,2.056000,2.047590835,-0.409006,29.448407,180,1,144.998932,112.371826,1.345215,1.519775,4.499512,63351,49096,4408,1245,3686,,,,0,0,0,0,0
fullband_2001_145mA_v1,1909,1563.180000,1563.17963000,-0.370000,2.056000,2.038209287,-0.865307,30.460104,161,1,144.998932,110.179138,1.219482,1.527100,4.550781,63351,48138,3996,1251,3728,,,,0,0,0,0,0
fullband_2001_145mA_v1,1910,1563.200000,1563.20045000,0.450000,2.056000,2.059110039,0.151266,29.450421,173,1,144.998932,111.511230,1.098328,1.528320,4.501953,63351,48720,3599,1252,3688,,,,0,0,0,0,0
fullband_2001_145mA_v1,1911,1563.220000,1563.22082000,0.820000,2.056000,2.063644684,0.371823,29.956712,170,1,144.998932,112.227631,4.304810,1.510010,4.649658,63351,49033,14106,1237,3809,,,,0,0,0,0,0
fullband_2001_145mA_v1,1912,1563.240000,1563.24028000,0.280000,2.056000,2.045153398,-0.527558,31.037657,174,1,144.998932,109.474182,4.304810,1.425781,4.636230,63351,47830,14106,1168,3798,,,,0,0,0,0,0
fullband_2001_145mA_v1,1913,1563.260000,1563.26081000,0.810000,2.056000,2.043842586,-0.591314,30.525583,165,1,144.998932,110.490417,3.706055,1.479492,4.645996,63351,48274,12144,1212,3806,,,,0,0,0,0,0
fullband_2001_145mA_v1,1914,1563.280000,1563.28143000,1.430000,2.056000,2.058910180,0.141546,30.172060,167,1,144.998932,110.817719,3.368530,1.490479,4.598389,63351,48417,11038,1221,3767,,,,0,0,0,0,0
fullband_2001_145mA_v1,1915,1563.300000,1563.30023000,0.230000,2.056000,2.058131454,0.103670,30.545818,178,1,144.998932,111.403656,3.348694,1.435547,4.539795,63351,48673,10973,1176,3719,,,,0,0,0,0,0
fullband_2001_145mA_v1,1916,1563.320000,1563.32095000,0.950000,2.056000,2.057715349,0.083431,29.522358,169,1,144.998932,114.862061,8.953247,1.485596,4.547119,63351,50184,29338,1217,3725,,,,0,0,0,0,0
fullband_2001_145mA_v1,1917,1563.340000,1563.34007000,0.070000,2.056000,2.053564069,-0.118479,28.097542,162,1,144.998932,117.606354,8.066101,1.495361,4.550781,63351,51383,26431,1225,3728,,,,0,0,0,0,0
fullband_2001_145mA_v1,1918,1563.360000,1563.36014000,0.140000,2.056000,2.052708123,-0.160111,30.963376,174,1,118.000031,136.079407,6.967773,29.997559,5.019531,51555,59454,22832,24574,4112,,,,0,0,0,0,0
fullband_2001_145mA_v1,1919,1563.380000,1563.37971000,-0.290000,2.056000,2.069717978,0.667217,25.710313,180,1,144.998932,139.128113,4.007874,28.526611,4.499512,63351,60786,13133,23369,3686,,,,0,0,0,0,0
fullband_2001_145mA_v1,1920,1563.400000,1563.40129000,1.290000,2.056000,2.063254514,0.352846,32.731304,153,1,144.998932,113.907623,0.725098,0.983887,4.262695,63351,49767,2376,806,3492,,,,0,0,0,0,0
fullband_2001_145mA_v1,1921,1563.420000,1563.42068000,0.680000,2.056000,2.060506007,0.219164,33.138376,169,1,144.998932,131.776428,3.999939,29.946289,4.443359,63351,57574,13107,24532,3640,,,,0,0,0,0,0
fullband_2001_145mA_v1,1922,1563.440000,1563.43989000,-0.110000,2.056000,2.058069578,0.100660,33.298705,132,1,144.998932,118.929291,9.998474,0.903320,4.063721,63351,51961,32763,740,3329,,,,0,0,0,0,0
fullband_2001_145mA_v1,1923,1563.460000,1563.46012000,0.120000,2.056000,2.048847966,-0.347862,31.475911,165,1,144.998932,135.802460,9.999695,29.997559,4.482422,63351,59333,32767,24574,3672,,,,0,0,0,0,0
fullband_2001_145mA_v1,1924,1563.480000,1563.48005000,0.050000,2.056000,2.069305057,0.647133,31.542346,172,1,144.998932,135.127258,9.999695,28.499756,4.492188,63351,59038,32767,23347,3680,,,,0,0,0,0,0
fullband_2001_145mA_v1,1925,1563.500000,1563.49964000,-0.360000,2.056000,2.047880587,-0.394913,31.627326,166,1,144.998932,115.207672,7.119446,0.001221,4.495850,63351,50335,23329,1,3683,,,,0,0,0,0,0
fullband_2001_145mA_v1,1926,1563.520000,1563.52057000,0.570000,2.056000,2.055886440,-0.005523,31.223578,160,1,144.998932,122.094727,2.951660,28.548584,4.445801,63351,53344,9672,23387,3642,,,,0,0,0,0,0
fullband_2001_145mA_v1,1927,1563.540000,1563.54031000,0.310000,2.056000,2.045310359,-0.519924,32.064304,156,1,144.998932,103.754425,1.930542,0.000000,4.482422,63351,45331,6326,0,3672,,,,0,0,0,0,0
fullband_2001_145mA_v1,1928,1563.560000,1563.56099000,0.990000,2.056000,2.051610774,-0.213484,31.735417,168,1,144.998932,103.115845,1.771240,0.000000,4.483643,63351,45052,5804,0,3673,,,,0,0,0,0,0
fullband_2001_145mA_v1,1929,1563.580000,1563.58075000,0.750000,2.056000,2.062557706,0.318955,31.707883,162,1,144.998932,101.813507,1.608887,0.000000,4.486084,63351,44483,5272,0,3675,,,,0,0,0,0,0
fullband_2001_145mA_v1,1930,1563.600000,1563.60005000,0.050000,2.056000,2.051021647,-0.242138,32.668998,161,1,144.998932,103.722382,1.625366,0.001221,4.349365,63351,45317,5326,1,3563,,,,0,0,0,0,0
fullband_2001_145mA_v1,1931,1563.620000,1563.61990000,-0.100000,2.056000,2.058161021,0.105108,30.596349,167,1,144.998932,117.986298,1.949463,26.999512,4.515381,63351,51549,6388,22118,3699,,,,0,0,0,0,0
fullband_2001_145mA_v1,1932,1563.640000,1563.64084000,0.840000,2.056000,2.070619854,0.711082,30.741332,166,1,144.998932,118.036652,1.848450,27.098389,4.476318,63351,51571,6057,22199,3667,,,,0,0,0,0,0
fullband_2001_145mA_v1,1933,1563.660000,1563.65999000,-0.010000,2.056000,2.049622647,-0.310183,31.377227,169,1,144.998932,120.838165,1.798706,27.099609,4.427490,63351,52795,5894,22200,3627,,,,0,0,0,0,0
fullband_2001_145mA_v1,1934,1563.680000,1563.68051000,0.510000,2.056000,2.066865937,0.528499,31.160436,177,1,144.998932,125.077057,1.798706,27.093506,4.338379,63351,54647,5894,22195,3554,,,,0,0,0,0,0
fullband_2001_145mA_v1,1935,1563.700000,1563.69873000,-1.270000,2.056000,2.057360782,0.066186,29.647906,157,1,144.998932,108.382416,3.533325,0.179443,4.499512,63351,47353,11578,147,3686,,,,0,0,0,0,0
fullband_2001_145mA_v1,1936,1563.720000,1563.71834000,-1.660000,2.056000,2.069420257,0.652736,31.690050,180,1,144.998932,111.314392,3.222351,0.247803,4.499512,63351,48634,10559,203,3686,,,,0,0,0,0,0
fullband_2001_145mA_v1,1937,1563.740000,1563.74082000,0.820000,2.056000,2.053984987,-0.098006,34.056758,67,1,144.998932,136.065674,7.766113,27.373047,3.341064,63351,59448,25448,22424,2737,,,,0,0,0,0,0
fullband_2001_145mA_v1,1938,1563.760000,1563.76000000,0.000000,2.056000,2.056867263,0.042182,32.325160,114,1,144.998932,135.138702,7.001343,27.484131,3.426514,63351,59043,22942,22515,2807,,,,0,0,0,0,0
fullband_2001_145mA_v1,1939,1563.780000,1563.78029000,0.290000,2.056000,2.054837595,-0.056537,34.565868,42,1,144.998932,132.923126,6.996765,27.286377,3.200684,63351,58075,22927,22353,2622,,,,0,0,0,0,0
fullband_2001_145mA_v1,1940,1563.800000,1563.79977000,-0.230000,2.056000,2.036535135,-0.946735,32.946126,150,1,144.998932,125.706482,1.818542,27.325439,3.439941,63351,54922,5959,22385,2818,,,,0,0,0,0,0
fullband_2001_145mA_v1,1941,1563.820000,1563.81994000,-0.060000,2.056000,2.045728978,-0.499563,32.091117,116,1,144.998932,123.319244,1.638184,27.357178,3.393555,63351,53879,5368,22411,2780,,,,0,0,0,0,0
fullband_2001_145mA_v1,1942,1563.840000,1563.83957000,-0.430000,2.056000,2.060275134,0.207935,33.361896,179,1,144.998932,125.798035,6.499939,24.610596,3.192139,63351,54962,21299,20161,2615,,,,0,0,0,0,0
fullband_2001_145mA_v1,1943,1563.860000,1563.85893000,-1.070000,2.056000,2.062699442,0.325848,29.953450,137,1,144.998932,120.348358,1.908569,25.515137,3.050537,63351,52581,6254,20902,2499,,,,0,0,0,0,0
fullband_2001_145mA_v1,1944,1563.880000,1563.88145000,1.450000,2.056000,2.065902114,0.481620,34.599865,61,1,144.998932,118.441772,1.759338,25.550537,3.000488,63351,51748,5765,20931,2458,,,,0,0,0,0,0
fullband_2001_145mA_v1,1945,1563.900000,1563.89972000,-0.280000,2.056000,2.061122266,0.249137,29.454540,105,1,144.998932,116.372681,1.624451,25.488281,2.968750,63351,50844,5323,20880,2432,,,,0,0,0,0,0
fullband_2001_145mA_v1,1946,1563.920000,1563.92001000,0.010000,2.056000,2.067983475,0.582854,35.626984,88,1,144.998932,110.955048,9.067993,0.084229,2.983398,63351,48477,29714,69,2444,,,,0,0,0,0,0
fullband_2001_145mA_v1,1947,1563.940000,1563.94091000,0.910000,2.056000,2.075767696,0.961464,30.613623,162,1,144.998932,120.137787,1.218872,25.620117,3.154297,63351,52489,3994,20988,2584,,,,0,0,0,0,0
fullband_2001_145mA_v1,1948,1563.960000,1563.95970000,-0.300000,2.056000,2.054981053,-0.049560,33.376537,106,1,144.998932,123.138428,1.218872,25.550537,3.000488,63351,53800,3994,20931,2458,,,,0,0,0,0,0
fullband_2001_145mA_v1,1949,1563.980000,1563.97971000,-0.290000,2.056000,2.038482263,-0.852030,34.599579,111,1,144.998932,122.266388,1.088562,25.550537,3.000488,63351,53419,3567,20931,2458,,,,0,0,0,0,0
fullband_2001_145mA_v1,1950,1564.000000,1564.00019000,0.190000,2.056000,2.061800734,0.282137,34.129126,96,1,144.998932,126.720428,1.036072,25.532227,2.852783,63351,55365,3395,20916,2337,,,,0,0,0,0,0
fullband_2001_145mA_v1,1951,1564.020000,1564.02062000,0.620000,2.056000,2.056514377,0.025018,32.429254,129,1,144.998932,131.732941,3.697205,25.483398,2.961426,63351,57555,12115,20876,2426,,,,0,0,0,0,0
fullband_2001_145mA_v1,1952,1564.040000,1564.04127000,1.270000,2.056000,2.060287345,0.208528,29.584632,166,1,144.998932,128.176117,0.996704,22.550049,3.000488,63351,56001,3266,18473,2458,,,,0,0,0,0,0
fullband_2001_145mA_v1,1953,1564.060000,1564.06079000,0.790000,2.056000,2.070969868,0.728106,31.996039,164,1,144.998932,130.931854,3.999939,24.028320,2.908936,63351,57205,13107,19684,2383,,,,0,0,0,0,0
fullband_2001_145mA_v1,1954,1564.080000,1564.08089000,0.890000,2.056000,2.061501917,0.267603,29.628753,177,1,144.998932,128.494263,3.999939,22.551270,2.967529,63351,56140,13107,18474,2431,,,,0,0,0,0,0
fullband_2001_145mA_v1,1955,1564.100000,1564.10088000,0.880000,2.056000,2.038952690,-0.829149,29.064015,162,1,144.998932,122.108459,0.514832,24.633789,3.160400,63351,53350,1687,20180,2589,,,,0,0,0,0,0
fullband_2001_145mA_v1,1956,1564.120000,1564.12084000,0.840000,2.056000,2.041375979,-0.711285,29.211763,158,1,144.998932,135.344696,9.999695,24.073486,2.885742,63351,59133,32767,19721,2364,,,,0,0,0,0,0
fullband_2001_145mA_v1,1957,1564.140000,1564.14082000,0.820000,2.056000,2.070445280,0.702591,31.391211,143,1,144.998932,122.506714,2.813721,24.147949,2.985840,63351,53524,9220,19782,2446,,,,0,0,0,0,0
fullband_2001_145mA_v1,1958,1564.160000,1564.16148000,1.480000,2.056000,2.045382331,-0.516424,30.956529,173,1,144.998932,122.618866,2.562866,24.096680,2.977295,63351,53573,8398,19740,2439,,,,0,0,0,0,0
fullband_2001_145mA_v1,1959,1564.180000,1564.17985000,-0.150000,2.056000,2.038161098,-0.867651,30.038106,168,1,144.998932,120.437622,2.479858,24.029541,2.904053,63351,52620,8126,19685,2379,,,,0,0,0,0,0
fullband_2001_145mA_v1,1960,1564.200000,1564.20143000,1.430000,2.056000,2.065935446,0.483242,31.080169,174,1,144.998932,113.706207,0.465088,22.550049,3.000488,63351,49679,1524,18473,2458,,,,0,0,0,0,0
fullband_2001_145mA_v1,1961,1564.220000,1564.22156000,1.560000,2.056000,2.051174024,-0.234726,31.275732,159,1,144.998932,114.342499,0.398560,22.598877,2.988281,63351,49957,1306,18513,2448,,,,0,0,0,0,0
fullband_2001_145mA_v1,1962,1564.240000,1564.24112000,1.120000,2.056000,2.058267592,0.110291,31.480411,180,1,144.998932,116.603851,0.332031,22.550049,3.000488,63351,50945,1088,18473,2458,,,,0,0,0,0,0
fullband_2001_145mA_v1,1963,1564.260000,1564.26104000,1.040000,2.056000,2.052179510,-0.185822,32.115812,169,1,144.998932,115.674591,0.320740,22.680664,2.867432,63351,50539,1051,18580,2349,,,,0,0,0,0,0
fullband_2001_145mA_v1,1964,1564.280000,1564.28050000,0.500000,2.056000,2.069109282,0.637611,30.912910,176,1,144.998932,125.042725,5.761414,22.542725,2.957764,63351,54632,18879,18467,2423,,,,0,0,0,0,0
fullband_2001_145mA_v1,1965,1564.300000,1564.29989000,-0.110000,2.056000,2.058564073,0.124712,32.298740,174,1,144.998932,128.844452,5.143433,22.595215,2.974854,63351,56293,16854,18510,2437,,,,0,0,0,0,0
fullband_2001_145mA_v1,1966,1564.320000,1564.32096000,0.960000,2.056000,2.056718933,0.034968,29.363375,168,1,144.998932,126.988220,4.750061,22.536621,2.930908,63351,55482,15565,18462,2401,,,,0,0,0,0,0
fullband_2001_145mA_v1,1967,1564.340000,1564.34084000,0.840000,2.056000,2.060692787,0.228248,32.435118,167,1,144.998932,122.735596,0.000000,22.532959,2.893066,63351,53624,0,18459,2370,,,,0,0,0,0,0
fullband_2001_145mA_v1,1968,1564.360000,1564.36119000,1.190000,2.056000,2.059043041,0.148008,30.590754,180,1,144.998932,126.963043,5.000000,21.091309,2.906494,63351,55471,16384,17278,2381,,,,0,0,0,0,0
fullband_2001_145mA_v1,1969,1564.380000,1564.37990000,-0.100000,2.056000,2.064888840,0.432337,30.784177,163,1,144.998932,115.454865,0.000000,21.041260,2.890625,63351,50443,0,17237,2368,,,,0,0,0,0,0
fullband_2001_145mA_v1,1970,1564.400000,1564.39882000,-1.180000,2.056000,2.054321470,-0.081641,31.471734,179,1,144.998932,123.422241,3.657837,21.147461,2.978516,63351,53924,11986,17324,2440,,,,0,0,0,0,0
fullband_2001_145mA_v1,1971,1564.420000,1564.41943000,-0.570000,2.056000,2.054165500,-0.089227,30.813355,177,1,144.998932,121.092224,3.500061,21.140137,2.913818,63351,52906,11469,17318,2387,,,,0,0,0,0,0
fullband_2001_145mA_v1,1972,1564.440000,1564.43999000,-0.010000,2.056000,2.053107205,-0.140700,30.645685,178,1,144.998932,113.610077,0.885315,21.125488,2.803955,63351,49637,2901,17306,2297,,,,0,0,0,0,0
fullband_2001_145mA_v1,1973,1564.460000,1564.45984000,-0.160000,2.056000,2.044012084,-0.583070,31.468176,175,1,144.998932,111.904907,0.885315,21.010742,2.717285,63351,48892,2901,17212,2226,,,,0,0,0,0,0
fullband_2001_145mA_v1,1974,1564.480000,1564.48079000,0.790000,2.056000,2.057207268,0.058719,32.012662,182,1,144.998932,111.948395,0.885315,20.992432,2.613525,63351,48911,2901,17197,2141,,,,0,0,0,0,0
fullband_2001_145mA_v1,1975,1564.500000,1564.50165000,1.650000,2.056000,2.060676835,0.227473,32.298196,151,1,144.998932,113.777161,0.885315,20.924072,2.518311,63351,49710,2901,17141,2063,,,,0,0,0,0,0
fullband_2001_145mA_v1,1976,1564.520000,1564.52108000,1.080000,2.056000,2.059307153,0.160854,32.147493,166,1,144.998932,115.079498,0.885315,20.950928,2.403564,63351,50279,2901,17163,1969,,,,0,0,0,0,0
fullband_2001_145mA_v1,1977,1564.540000,1564.54109000,1.090000,2.056000,2.059094327,0.150502,32.069749,159,1,144.998932,117.304230,0.885315,20.924072,2.287598,63351,51251,2901,17141,1874,,,,0,0,0,0,0
fullband_2001_145mA_v1,1978,1564.560000,1564.55980000,-0.200000,2.056000,2.071940507,0.775316,32.777669,170,1,144.998932,117.265320,0.885315,20.910645,2.149658,63351,51234,2901,17130,1761,,,,0,0,0,0,0
fullband_2001_145mA_v1,1979,1564.580000,1564.57999000,-0.010000,2.056000,2.054768910,-0.059878,30.076415,162,1,144.998932,113.513947,2.408447,19.094238,2.719727,63351,49595,7892,15642,2228,,,,0,0,0,0,0
fullband_2001_145mA_v1,1980,1564.600000,1564.60026000,0.260000,2.056000,2.072892900,0.821639,29.398059,169,1,144.998932,116.924286,2.356873,18.952637,2.680664,63351,51085,7723,15526,2196,,,,0,0,0,0,0
fullband_2001_145mA_v1,1981,1564.620000,1564.62065000,0.650000,2.056000,2.062003993,0.292023,29.898899,176,1,144.998932,118.425751,2.444153,18.651123,2.618408,63351,51741,8009,15279,2145,,,,0,0,0,0,0
fullband_2001_145mA_v1,1982,1564.640000,1564.64019000,0.190000,2.056000,2.058344617,0.114038,30.278351,175,1,144.998932,119.100952,2.456055,18.596191,2.557373,63351,52036,8048,15234,2095,,,,0,0,0,0,0
fullband_2001_145mA_v1,1983,1564.660000,1564.66013000,0.130000,2.056000,2.053111242,-0.140504,30.297149,171,1,144.998932,118.157959,2.456055,18.591309,2.490234,63351,51624,8048,15230,2040,,,,0,0,0,0,0
fullband_2001_145mA_v1,1984,1564.680000,1564.68018000,0.180000,2.056000,2.053492741,-0.121948,26.318769,168,1,144.998932,124.646759,2.406006,16.781006,2.445068,63351,54459,7884,13747,2003,,,,0,0,0,0,0
fullband_2001_145mA_v1,1985,1564.700000,1564.69996000,-0.040000,2.056000,2.055231587,-0.037374,27.489074,178,1,144.998932,120.087433,2.369385,16.885986,2.435303,63351,52467,7764,13833,1995,,,,0,0,0,0,0
fullband_2001_145mA_v1,1986,1564.720000,1564.71911000,-0.890000,2.056000,2.058687350,0.130708,28.452288,171,1,144.998932,120.721436,2.348022,16.887207,2.401123,63351,52744,7694,13834,1967,,,,0,0,0,0,0
fullband_2001_145mA_v1,1987,1564.740000,1564.73820000,-1.800000,2.056000,2.018922816,-1.803365,28.239898,163,1,144.998932,118.105316,2.346497,16.878662,2.346191,63351,51601,7689,13827,1922,,,,0,0,0,0,0
fullband_2001_145mA_v1,1988,1564.760000,1564.76036000,0.360000,2.056000,2.053123637,-0.139901,28.539875,169,1,144.998932,113.330841,2.346497,16.832275,2.290039,63351,49515,7689,13789,1876,,,,0,0,0,0,0
fullband_2001_145mA_v1,1989,1564.780000,1564.77975000,-0.250000,2.056000,2.037774095,-0.886474,28.431750,182,1,144.998932,111.751556,2.342834,16.833496,2.231445,63351,48825,7677,13790,1828,,,,0,0,0,0,0
fullband_2001_145mA_v1,1990,1564.800000,1564.80061000,0.610000,2.056000,2.048400721,-0.369615,29.796990,180,1,144.998932,111.785889,2.340698,16.784668,2.172852,63351,48840,7670,13750,1780,,,,0,0,0,0,0
fullband_2001_145mA_v1,1991,1564.820000,1564.82029000,0.290000,2.056000,2.051409007,-0.223297,30.009604,172,1,144.998932,111.756134,2.337646,16.783447,2.110596,63351,48827,7660,13749,1729,,,,0,0,0,0,0
fullband_2001_145mA_v1,1992,1564.840000,1564.84129000,1.290000,2.056000,2.053524790,-0.120390,30.358844,162,1,144.998932,115.246582,2.334595,16.778564,2.043457,63351,50352,7650,13745,1674,,,,0,0,0,0,0
fullband_2001_145mA_v1,1993,1564.860000,1564.86049000,0.490000,2.056000,2.067649977,0.566633,31.312673,166,1,144.998932,116.651917,2.330933,16.823730,1.971436,63351,50966,7638,13782,1615,,,,0,0,0,0,0
fullband_2001_145mA_v1,1994,1564.880000,1564.88115000,1.150000,2.056000,2.054589574,-0.068600,27.259813,160,1,144.998932,115.093231,2.326660,16.818848,1.873779,63351,50285,7624,13778,1535,,,,0,0,0,0,0
fullband_2001_145mA_v1,1995,1564.900000,1564.90088000,0.880000,2.056000,2.068889864,0.626939,27.837739,178,1,144.998932,120.446777,2.325745,16.860352,1.787109,63351,52624,7621,13812,1464,,,,0,0,0,0,0
fullband_2001_145mA_v1,1996,1564.920000,1564.92124000,1.240000,2.056000,2.057852179,0.090087,32.560342,145,1,144.998932,118.363953,0.459595,16.542969,1.475830,63351,51714,1506,13552,1209,,,,0,0,0,0,0
fullband_2001_145mA_v1,1997,1564.940000,1564.94034000,0.340000,2.056000,2.075534702,0.950131,27.151830,120,1,144.998932,128.091431,7.766418,16.541748,1.523438,63351,55964,25449,13551,1248,,,,0,0,0,0,0
fullband_2001_145mA_v1,1998,1564.960000,1564.96005000,0.050000,2.056000,2.066138946,0.493139,32.998347,156,1,144.998932,129.441833,7.270813,16.550293,1.550293,63351,56554,23825,13558,1270,,,,0,0,0,0,0
fullband_2001_145mA_v1,1999,1564.980000,1564.98103000,1.030000,2.056000,2.058315915,0.112642,26.682985,139,1,144.998932,128.430176,6.872253,16.562500,1.467285,63351,56112,22519,13568,1202,,,,0,0,0,0,0
fullband_2001_145mA_v1,2000,1565.000000,1564.99980000,-0.200000,2.056000,2.037549283,-0.897408,32.402861,141,1,144.998932,120.252228,1.882935,16.544189,1.481934,63351,52539,6170,13553,1214,,,,0,0,0,0,0
